ISO-10303-21;
HEADER;
FILE_DESCRIPTION (( 'STEP AP214' ),
    '1' );
FILE_NAME ('US14.STEP',
    '2018-02-13T04:40:08',
    ( '微软用户' ),
    ( '微软中国' ),
    'SwSTEP 2.0',
    'SolidWorks 2015',
    '' );
FILE_SCHEMA (( 'AUTOMOTIVE_DESIGN' ));
ENDSEC;

DATA;
#1 = ORIENTED_EDGE ( 'NONE', *, *, #3365, .T. ) ;
#2 = CARTESIAN_POINT ( 'NONE',  ( -1.424999999999999800, 1.500000000000000000, 0.5635000000000020000 ) ) ;
#3 = ADVANCED_FACE ( 'NONE', ( #6801 ), #7755, .F. ) ;
#4 = EDGE_CURVE ( 'NONE', #5062, #4304, #2660, .T. ) ;
#5 = LINE ( 'NONE', #2089, #3469 ) ;
#6 =( GEOMETRIC_REPRESENTATION_CONTEXT ( 3 ) GLOBAL_UNCERTAINTY_ASSIGNED_CONTEXT ( ( #1916 ) ) GLOBAL_UNIT_ASSIGNED_CONTEXT ( ( #1932, #6561, #2600 ) ) REPRESENTATION_CONTEXT ( 'NONE', 'WORKASPACE' ) );
#7 = VECTOR ( 'NONE', #1253, 1000.000000000000200 ) ;
#8 = SURFACE_SIDE_STYLE ('',( #1871 ) ) ;
#9 = FACE_OUTER_BOUND ( 'NONE', #7362, .T. ) ;
#10 = DIRECTION ( 'NONE',  ( 0.0000000000000000000, 0.0000000000000000000, 1.000000000000000000 ) ) ;
#11 = ORIENTED_EDGE ( 'NONE', *, *, #8101, .F. ) ;
#12 = DIRECTION ( 'NONE',  ( 0.0000000000000000000, 1.000000000000000000, -2.168404344971013200E-015 ) ) ;
#13 = DIRECTION ( 'NONE',  ( -0.0000000000000000000, -1.000000000000000000, 2.168404344971012800E-015 ) ) ;
#14 = CARTESIAN_POINT ( 'NONE',  ( -0.9249999999999998200, 1.676313579610975200, 0.4496863416405709200 ) ) ;
#15 = CARTESIAN_POINT ( 'NONE',  ( -0.6249999999999998900, -1.500000000000000400, 0.4365000000000020500 ) ) ;
#16 = STYLED_ITEM ( 'NONE', ( #834 ), #5388 ) ;
#17 = DIRECTION ( 'NONE',  ( -1.000000000000000000, -0.0000000000000000000, -0.0000000000000000000 ) ) ;
#18 = ORIENTED_EDGE ( 'NONE', *, *, #2763, .F. ) ;
#19 = ORIENTED_EDGE ( 'NONE', *, *, #3738, .T. ) ;
#20 = PLANE ( 'NONE',  #652 ) ;
#21 = STYLED_ITEM ( 'NONE', ( #6278 ), #577 ) ;
#22 = CARTESIAN_POINT ( 'NONE',  ( 1.075000000000000200, -1.500000000000000000, 0.5635000000000020000 ) ) ;
#23 = VERTEX_POINT ( 'NONE', #3752 ) ;
#24 = ORIENTED_EDGE ( 'NONE', *, *, #1775, .F. ) ;
#25 = SURFACE_STYLE_FILL_AREA ( #2754 ) ;
#26 = FACE_OUTER_BOUND ( 'NONE', #868, .T. ) ;
#27 = DIRECTION ( 'NONE',  ( -1.000000000000000000, 0.0000000000000000000, 0.0000000000000000000 ) ) ;
#28 = AXIS2_PLACEMENT_3D ( 'NONE', #183, #4772, #854 ) ;
#29 = CARTESIAN_POINT ( 'NONE',  ( -1.424999999999999800, 1.710000000000000200, 0.1270000000000002500 ) ) ;
#30 = EDGE_LOOP ( 'NONE', ( #8010, #7127, #7563, #6052 ) ) ;
#31 = VERTEX_POINT ( 'NONE', #8398 ) ;
#32 = ORIENTED_EDGE ( 'NONE', *, *, #5896, .T. ) ;
#33 = CARTESIAN_POINT ( 'NONE',  ( 1.375000000000000200, 1.500000000000000000, 0.5635000000000020000 ) ) ;
#34 = DIRECTION ( 'NONE',  ( -1.000000000000000000, 0.0000000000000000000, -0.0000000000000000000 ) ) ;
#35 = EDGE_CURVE ( 'NONE', #4773, #7215, #4436, .T. ) ;
#36 = EDGE_LOOP ( 'NONE', ( #3168, #764, #8272, #7424 ) ) ;
#37 = CARTESIAN_POINT ( 'NONE',  ( -0.9249999999999998200, 1.583686420389025100, 0.1138136583594313900 ) ) ;
#38 = DIRECTION ( 'NONE',  ( 0.0000000000000000000, 0.1038294617367628000, 0.9945951150470496700 ) ) ;
#39 = SURFACE_STYLE_FILL_AREA ( #5469 ) ;
#40 = CARTESIAN_POINT ( 'NONE',  ( 0.8750000000000001100, -1.676313579610975200, 0.4496863416405709200 ) ) ;
#41 = ORIENTED_EDGE ( 'NONE', *, *, #1140, .F. ) ;
#42 = ORIENTED_EDGE ( 'NONE', *, *, #7283, .F. ) ;
#43 = PRESENTATION_LAYER_ASSIGNMENT (  '', '', ( #7699 ) ) ;
#45 = CARTESIAN_POINT ( 'NONE',  ( 0.5750000000000001800, 1.550000000000000300, 0.4365000000000002200 ) ) ;
#44 = FACE_OUTER_BOUND ( 'NONE', #7538, .T. ) ;
#46 =( LENGTH_UNIT ( ) NAMED_UNIT ( * ) SI_UNIT ( .MILLI., .METRE. ) );
#47 = EDGE_LOOP ( 'NONE', ( #8001, #3518, #1693, #7492 ) ) ;
#48 = ADVANCED_FACE ( 'NONE', ( #7728 ), #1789, .F. ) ;
#49 =( NAMED_UNIT ( * ) SI_UNIT ( $, .STERADIAN. ) SOLID_ANGLE_UNIT ( ) );
#50 = DIRECTION ( 'NONE',  ( -0.0000000000000000000, 1.000000000000000000, 3.414809992080329100E-015 ) ) ;
#51 =( NAMED_UNIT ( * ) PLANE_ANGLE_UNIT ( ) SI_UNIT ( $, .RADIAN. ) );
#52 = VECTOR ( 'NONE', #88, 1000.000000000000000 ) ;
#53 = SURFACE_STYLE_FILL_AREA ( #5246 ) ;
#54 = DIRECTION ( 'NONE',  ( -1.000000000000000000, 0.0000000000000000000, -0.0000000000000000000 ) ) ;
#55 = FILL_AREA_STYLE_COLOUR ( '', #6984 ) ;
#56 = EDGE_CURVE ( 'NONE', #878, #2415, #5355, .T. ) ;
#57 = CARTESIAN_POINT ( 'NONE',  ( 0.07500000000000019200, -1.583686420389025100, 0.1138136583594313900 ) ) ;
#58 = FILL_AREA_STYLE_COLOUR ( '', #3184 ) ;
#59 = CARTESIAN_POINT ( 'NONE',  ( 1.575000000000000200, 1.710000000000000200, 0.1270000000000002200 ) ) ;
#60 = CARTESIAN_POINT ( 'NONE',  ( -1.424999999999999800, 1.500000000000000400, 0.4365000000000020500 ) ) ;
#61 =( LENGTH_UNIT ( ) NAMED_UNIT ( * ) SI_UNIT ( .MILLI., .METRE. ) );
#62 = CYLINDRICAL_SURFACE ( 'NONE', #6011, 0.1269999999999999500 ) ;
#63 = ORIENTED_EDGE ( 'NONE', *, *, #1937, .T. ) ;
#64 = CARTESIAN_POINT ( 'NONE',  ( 1.575000000000000200, -2.000000000000000000, 2.439454888092385000E-016 ) ) ;
#65 = AXIS2_PLACEMENT_3D ( 'NONE', #2122, #6760, #2793 ) ;
#66 = DIRECTION ( 'NONE',  ( 0.0000000000000000000, 0.0000000000000000000, -1.000000000000000000 ) ) ;
#67 = DIRECTION ( 'NONE',  ( 0.0000000000000000000, -3.686287386450737200E-014, 1.000000000000000000 ) ) ;
#68 = DIRECTION ( 'NONE',  ( 1.000000000000000000, 0.0000000000000000000, 0.0000000000000000000 ) ) ;
#69 = SURFACE_STYLE_USAGE ( .BOTH. , #1912 ) ;
#70 = LINE ( 'NONE', #6683, #1805 ) ;
#71 = ORIENTED_EDGE ( 'NONE', *, *, #2970, .T. ) ;
#72 = CLOSED_SHELL ( 'NONE', ( #7234, #3003, #6216, #218, #2074, #7333, #3330, #952, #5541, #5866, #3119, #5502 ) ) ;
#73 = DIRECTION ( 'NONE',  ( 0.0000000000000000000, -2.710505431213761100E-016, -1.000000000000000000 ) ) ;
#74 = VERTEX_POINT ( 'NONE', #2439 ) ;
#75 = FACE_OUTER_BOUND ( 'NONE', #5094, .T. ) ;
#76 = FILL_AREA_STYLE_COLOUR ( '', #7835 ) ;
#77 = CARTESIAN_POINT ( 'NONE',  ( -0.9249999999999998200, 1.710000000000000200, 2.710505431213761100E-016 ) ) ;
#78 = ORIENTED_EDGE ( 'NONE', *, *, #6592, .T. ) ;
#79 = CIRCLE ( 'NONE', #1861, 0.1269999999999999500 ) ;
#80 = COLOUR_RGB ( '',1.000000000000000000, 1.000000000000000000, 1.000000000000000000 ) ;
#81 =( NAMED_UNIT ( * ) SI_UNIT ( $, .STERADIAN. ) SOLID_ANGLE_UNIT ( ) );
#82 = VERTEX_POINT ( 'NONE', #1109 ) ;
#83 = EDGE_CURVE ( 'NONE', #1369, #4650, #3582, .T. ) ;
#84 = CARTESIAN_POINT ( 'NONE',  ( 1.575000000000000200, 1.676313579610975200, 0.4496863416405709200 ) ) ;
#85 = ORIENTED_EDGE ( 'NONE', *, *, #1584, .T. ) ;
#86 = CARTESIAN_POINT ( 'NONE',  ( 1.075000000000000200, -2.000000000000000000, 2.439454888092385000E-016 ) ) ;
#87 = ADVANCED_FACE ( 'NONE', ( #1842 ), #7669, .T. ) ;
#88 = DIRECTION ( 'NONE',  ( 0.0000000000000000000, 0.0000000000000000000, 1.000000000000000000 ) ) ;
#89 = AXIS2_PLACEMENT_3D ( 'NONE', #6922, #2950, #7590 ) ;
#90 = ORIENTED_EDGE ( 'NONE', *, *, #2866, .T. ) ;
#91 = FILL_AREA_STYLE ('',( #3101 ) ) ;
#92 = STYLED_ITEM ( 'NONE', ( #5147 ), #2568 ) ;
#93 = DIRECTION ( 'NONE',  ( 0.0000000000000000000, 1.000000000000000000, 0.0000000000000000000 ) ) ;
#94 = DIRECTION ( 'NONE',  ( 0.0000000000000000000, 0.0000000000000000000, 1.000000000000000000 ) ) ;
#95 = EDGE_CURVE ( 'NONE', #7867, #5729, #7095, .T. ) ;
#96 = DIRECTION ( 'NONE',  ( 0.0000000000000000000, -1.000000000000000000, 3.686287386450737200E-014 ) ) ;
#97 = CARTESIAN_POINT ( 'NONE',  ( -0.9249999999999998200, -2.000000000000000000, 2.439454888092385000E-016 ) ) ;
#98 = ORIENTED_EDGE ( 'NONE', *, *, #1049, .F. ) ;
#99 = CARTESIAN_POINT ( 'NONE',  ( -0.9249999999999998200, -1.500000000000000400, 0.4365000000000020500 ) ) ;
#100 = DIRECTION ( 'NONE',  ( 0.0000000000000000000, 0.1038294617367628800, -0.9945951150470496700 ) ) ;
#101 = VECTOR ( 'NONE', #7493, 1000.000000000000000 ) ;
#102 = SURFACE_STYLE_USAGE ( .BOTH. , #4015 ) ;
#103 = CYLINDRICAL_SURFACE ( 'NONE', #382, 0.1269999999999999500 ) ;
#104 = EDGE_CURVE ( 'NONE', #2049, #5172, #2031, .T. ) ;
#105 = DIRECTION ( 'NONE',  ( -0.0000000000000000000, 0.1038294617367628000, -0.9945951150470496700 ) ) ;
#106 = STYLED_ITEM ( 'NONE', ( #3764 ), #3503 ) ;
#107 = FACE_OUTER_BOUND ( 'NONE', #2117, .T. ) ;
#108 = UNCERTAINTY_MEASURE_WITH_UNIT (LENGTH_MEASURE( 1.000000000000000100E-005 ), #5267, 'distance_accuracy_value', 'NONE');
#109 = PRESENTATION_LAYER_ASSIGNMENT (  '', '', ( #7767 ) ) ;
#110 = DIRECTION ( 'NONE',  ( 0.0000000000000000000, 0.0000000000000000000, 1.000000000000000000 ) ) ;
#111 = DIRECTION ( 'NONE',  ( -0.0000000000000000000, 3.686287386450737200E-014, 1.000000000000000000 ) ) ;
#112 = VECTOR ( 'NONE', #4292, 1000.000000000000000 ) ;
#113 = FILL_AREA_STYLE ('',( #7992 ) ) ;
#114 = ORIENTED_EDGE ( 'NONE', *, *, #1785, .F. ) ;
#115 = EDGE_CURVE ( 'NONE', #3900, #2317, #3376, .T. ) ;
#116 = VECTOR ( 'NONE', #7003, 1000.000000000000000 ) ;
#117 = EDGE_LOOP ( 'NONE', ( #1965, #2306, #2930, #7378 ) ) ;
#118 = PRESENTATION_LAYER_ASSIGNMENT (  '', '', ( #569 ) ) ;
#119 = CARTESIAN_POINT ( 'NONE',  ( 1.075000000000000200, -1.500000000000000000, 0.5635000000000020000 ) ) ;
#120 =( NAMED_UNIT ( * ) PLANE_ANGLE_UNIT ( ) SI_UNIT ( $, .RADIAN. ) );
#121 = ORIENTED_EDGE ( 'NONE', *, *, #2287, .T. ) ;
#122 = PLANE ( 'NONE',  #8208 ) ;
#123 = ORIENTED_EDGE ( 'NONE', *, *, #1347, .T. ) ;
#124 = CARTESIAN_POINT ( 'NONE',  ( 2.000000000000000000, -1.499999999999999800, 0.3000000000000000400 ) ) ;
#125 = LINE ( 'NONE', #5081, #3385 ) ;
#126 = PRESENTATION_STYLE_ASSIGNMENT (( #7832 ) ) ;
#127 =( NAMED_UNIT ( * ) PLANE_ANGLE_UNIT ( ) SI_UNIT ( $, .RADIAN. ) );
#128 =( GEOMETRIC_REPRESENTATION_CONTEXT ( 3 ) GLOBAL_UNCERTAINTY_ASSIGNED_CONTEXT ( ( #8550 ) ) GLOBAL_UNIT_ASSIGNED_CONTEXT ( ( #1741, #6343, #2379 ) ) REPRESENTATION_CONTEXT ( 'NONE', 'WORKASPACE' ) );
#129 = ADVANCED_FACE ( 'NONE', ( #5149 ), #1445, .T. ) ;
#130 = DIRECTION ( 'NONE',  ( 0.0000000000000000000, -3.414809992080329100E-015, 1.000000000000000000 ) ) ;
#131 = ORIENTED_EDGE ( 'NONE', *, *, #4945, .T. ) ;
#132 = CARTESIAN_POINT ( 'NONE',  ( -1.625000000000000000, -2.000000000000000000, 2.439454888092385000E-016 ) ) ;
#133 =( GEOMETRIC_REPRESENTATION_CONTEXT ( 3 ) GLOBAL_UNCERTAINTY_ASSIGNED_CONTEXT ( ( #2729 ) ) GLOBAL_UNIT_ASSIGNED_CONTEXT ( ( #5060, #1119, #5720 ) ) REPRESENTATION_CONTEXT ( 'NONE', 'WORKASPACE' ) );
#134 = DIRECTION ( 'NONE',  ( 0.0000000000000000000, 0.0000000000000000000, 1.000000000000000000 ) ) ;
#135 = EDGE_CURVE ( 'NONE', #8289, #5436, #3167, .T. ) ;
#136 = FILL_AREA_STYLE ('',( #6031 ) ) ;
#137 =( LENGTH_UNIT ( ) NAMED_UNIT ( * ) SI_UNIT ( .MILLI., .METRE. ) );
#138 = ORIENTED_EDGE ( 'NONE', *, *, #8085, .F. ) ;
#139 = CARTESIAN_POINT ( 'NONE',  ( -1.800000000000000000, 1.500000000000000200, 0.9000000000000001300 ) ) ;
#140 = MECHANICAL_DESIGN_GEOMETRIC_PRESENTATION_REPRESENTATION (  '', ( #7800 ), #591 ) ;
#141 = ORIENTED_EDGE ( 'NONE', *, *, #5831, .T. ) ;
#142 = SURFACE_STYLE_FILL_AREA ( #4479 ) ;
#143 = FILL_AREA_STYLE_COLOUR ( '', #7062 ) ;
#144 = MECHANICAL_DESIGN_GEOMETRIC_PRESENTATION_REPRESENTATION (  '', ( #7802 ), #593 ) ;
#145 = VECTOR ( 'NONE', #6047, 1000.000000000000200 ) ;
#146 = PRESENTATION_STYLE_ASSIGNMENT (( #2051 ) ) ;
#147 = DIRECTION ( 'NONE',  ( 0.0000000000000000000, 0.0000000000000000000, -1.000000000000000000 ) ) ;
#148 = CARTESIAN_POINT ( 'NONE',  ( -0.4249999999999998200, -1.710000000000000200, 0.1270000000000002200 ) ) ;
#149 = EDGE_CURVE ( 'NONE', #3498, #1608, #4943, .T. ) ;
#150 = ORIENTED_EDGE ( 'NONE', *, *, #6283, .F. ) ;
#151 = FILL_AREA_STYLE_COLOUR ( '', #4662 ) ;
#152 = CARTESIAN_POINT ( 'NONE',  ( -1.800000000000000000, 1.500000000000000200, 0.5635000000000000000 ) ) ;
#153 = DIRECTION ( 'NONE',  ( 1.000000000000000000, -0.0000000000000000000, -0.0000000000000000000 ) ) ;
#154 = CIRCLE ( 'NONE', #6133, 0.1269999999999999500 ) ;
#155 = MECHANICAL_DESIGN_GEOMETRIC_PRESENTATION_REPRESENTATION (  '', ( #6927 ), #605 ) ;
#156 = CARTESIAN_POINT ( 'NONE',  ( -0.4249999999999998200, -1.550000000000000000, 0.5635000000000010000 ) ) ;
#157 = MECHANICAL_DESIGN_GEOMETRIC_PRESENTATION_REPRESENTATION (  '', ( #7814 ), #608 ) ;
#158 = ORIENTED_EDGE ( 'NONE', *, *, #1024, .F. ) ;
#159 = EDGE_LOOP ( 'NONE', ( #5604, #1455, #3560, #3986, #2666, #310, #4875, #582, #5396, #6043 ) ) ;
#160 = VERTEX_POINT ( 'NONE', #1692 ) ;
#161 = LINE ( 'NONE', #7213, #3628 ) ;
#162 = FILL_AREA_STYLE ('',( #6720 ) ) ;
#163 = SURFACE_SIDE_STYLE ('',( #7304 ) ) ;
#164 = SURFACE_SIDE_STYLE ('',( #1068 ) ) ;
#165 = ORIENTED_EDGE ( 'NONE', *, *, #2874, .F. ) ;
#166 = ORIENTED_EDGE ( 'NONE', *, *, #4673, .T. ) ;
#167 = EDGE_CURVE ( 'NONE', #2007, #869, #8460, .T. ) ;
#168 = DIRECTION ( 'NONE',  ( 0.0000000000000000000, 0.1038294617367629000, 0.9945951150470496700 ) ) ;
#169 = DIRECTION ( 'NONE',  ( -1.000000000000000000, -0.0000000000000000000, 0.0000000000000000000 ) ) ;
#170 = PRESENTATION_LAYER_ASSIGNMENT (  '', '', ( #8271 ) ) ;
#171 =( NAMED_UNIT ( * ) SI_UNIT ( $, .STERADIAN. ) SOLID_ANGLE_UNIT ( ) );
#172 = VECTOR ( 'NONE', #8094, 1000.000000000000000 ) ;
#173 = CARTESIAN_POINT ( 'NONE',  ( 1.575000000000000200, -1.500000000000000000, 0.5635000000000020000 ) ) ;
#174 = ADVANCED_FACE ( 'NONE', ( #6703 ), #4303, .F. ) ;
#175 = COLOUR_RGB ( '',1.000000000000000000, 1.000000000000000000, 1.000000000000000000 ) ;
#176 = ORIENTED_EDGE ( 'NONE', *, *, #7026, .F. ) ;
#177 = VERTEX_POINT ( 'NONE', #4330 ) ;
#178 = ORIENTED_EDGE ( 'NONE', *, *, #6803, .F. ) ;
#179 = COLOUR_RGB ( '',1.000000000000000000, 1.000000000000000000, 1.000000000000000000 ) ;
#180 = CARTESIAN_POINT ( 'NONE',  ( -1.424999999999999800, -2.000000000000000000, 0.1270000000000002500 ) ) ;
#181 = CARTESIAN_POINT ( 'NONE',  ( 1.575000000000000200, -2.000000000000000000, 0.1270000000000002500 ) ) ;
#182 = SURFACE_STYLE_FILL_AREA ( #5243 ) ;
#183 = CARTESIAN_POINT ( 'NONE',  ( -0.4249999999999998200, -1.500000000000000000, 0.5635000000000020000 ) ) ;
#184 = PRESENTATION_LAYER_ASSIGNMENT (  '', '', ( #8282 ) ) ;
#185 = VECTOR ( 'NONE', #6591, 1000.000000000000000 ) ;
#186 = SURFACE_SIDE_STYLE ('',( #8418 ) ) ;
#187 = STYLED_ITEM ( 'NONE', ( #7185 ), #386 ) ;
#188 = VERTEX_POINT ( 'NONE', #8221 ) ;
#189 = VECTOR ( 'NONE', #697, 1000.000000000000000 ) ;
#190 = ORIENTED_EDGE ( 'NONE', *, *, #3926, .F. ) ;
#191 = ORIENTED_EDGE ( 'NONE', *, *, #503, .T. ) ;
#192 = CARTESIAN_POINT ( 'NONE',  ( -0.4249999999999998200, 1.710000000000000200, 2.710505431213761100E-016 ) ) ;
#193 = FILL_AREA_STYLE ('',( #7951 ) ) ;
#194 =( NAMED_UNIT ( * ) PLANE_ANGLE_UNIT ( ) SI_UNIT ( $, .RADIAN. ) );
#195 = SURFACE_SIDE_STYLE ('',( #3063 ) ) ;
#196 = CARTESIAN_POINT ( 'NONE',  ( 1.575000000000000200, -2.000000000000000000, 0.1270000000000002500 ) ) ;
#197 = ORIENTED_EDGE ( 'NONE', *, *, #2618, .T. ) ;
#198 = PRESENTATION_STYLE_ASSIGNMENT (( #367 ) ) ;
#199 = PRESENTATION_STYLE_ASSIGNMENT (( #473 ) ) ;
#200 = CARTESIAN_POINT ( 'NONE',  ( 1.075000000000000200, -2.000000000000000000, 0.1270000000000002500 ) ) ;
#201 = MECHANICAL_DESIGN_GEOMETRIC_PRESENTATION_REPRESENTATION (  '', ( #7406 ), #639 ) ;
#202 = AXIS2_PLACEMENT_3D ( 'NONE', #4691, #780, #5358 ) ;
#203 = FACE_OUTER_BOUND ( 'NONE', #571, .T. ) ;
#204 = DIRECTION ( 'NONE',  ( 0.0000000000000000000, -3.414809992080329100E-015, 1.000000000000000000 ) ) ;
#205 = EDGE_CURVE ( 'NONE', #6439, #6881, #634, .T. ) ;
#206 = CARTESIAN_POINT ( 'NONE',  ( 0.5750000000000001800, 1.500000000000000400, 0.4365000000000020500 ) ) ;
#207 = EDGE_LOOP ( 'NONE', ( #4284, #7598, #8206, #7636, #4671, #5408, #85, #3144, #3017, #8417 ) ) ;
#208 = DIRECTION ( 'NONE',  ( 0.0000000000000000000, -3.414809992080329100E-015, 1.000000000000000000 ) ) ;
#209 = VECTOR ( 'NONE', #6571, 1000.000000000000100 ) ;
#210 = CARTESIAN_POINT ( 'NONE',  ( 1.800000000000000000, 1.300000000000000000, 0.1000000000000000100 ) ) ;
#211 = UNCERTAINTY_MEASURE_WITH_UNIT (LENGTH_MEASURE( 1.000000000000000100E-005 ), #6633, 'distance_accuracy_value', 'NONE');
#212 = STYLED_ITEM ( 'NONE', ( #2565 ), #2774 ) ;
#213 = ORIENTED_EDGE ( 'NONE', *, *, #2157, .F. ) ;
#214 = FILL_AREA_STYLE_COLOUR ( '', #7584 ) ;
#215 = EDGE_CURVE ( 'NONE', #1848, #6348, #5874, .T. ) ;
#216 = DIRECTION ( 'NONE',  ( 0.0000000000000000000, -1.000000000000000000, -1.084202172485504400E-016 ) ) ;
#217 = PLANE ( 'NONE',  #2889 ) ;
#218 = ADVANCED_FACE ( 'NONE', ( #7414 ), #8346, .T. ) ;
#219 = DIRECTION ( 'NONE',  ( -1.000000000000000000, -0.0000000000000000000, -0.0000000000000000000 ) ) ;
#220 = DIRECTION ( 'NONE',  ( 0.0000000000000000000, 1.084202172485504400E-015, 1.000000000000000000 ) ) ;
#221 = EDGE_CURVE ( 'NONE', #1015, #5062, #6795, .T. ) ;
#222 = DIRECTION ( 'NONE',  ( -1.000000000000000000, 0.0000000000000000000, 0.0000000000000000000 ) ) ;
#223 =( LENGTH_UNIT ( ) NAMED_UNIT ( * ) SI_UNIT ( .MILLI., .METRE. ) );
#224 = VERTEX_POINT ( 'NONE', #6213 ) ;
#225 =( NAMED_UNIT ( * ) SI_UNIT ( $, .STERADIAN. ) SOLID_ANGLE_UNIT ( ) );
#226 = CARTESIAN_POINT ( 'NONE',  ( 0.07500000000000019200, 1.500000000000000000, 0.5635000000000020000 ) ) ;
#227 = STYLED_ITEM ( 'NONE', ( #1336 ), #256 ) ;
#228 = VERTEX_POINT ( 'NONE', #951 ) ;
#229 = ORIENTED_EDGE ( 'NONE', *, *, #248, .T. ) ;
#230 = VECTOR ( 'NONE', #4731, 1000.000000000000000 ) ;
#231 = COLOUR_RGB ( '',1.000000000000000000, 1.000000000000000000, 1.000000000000000000 ) ;
#232 =( LENGTH_UNIT ( ) NAMED_UNIT ( * ) SI_UNIT ( .MILLI., .METRE. ) );
#233 = CARTESIAN_POINT ( 'NONE',  ( -2.000000000000000000, -1.299999999999999800, 0.0000000000000000000 ) ) ;
#234 = DIRECTION ( 'NONE',  ( -1.000000000000000000, 0.0000000000000000000, -0.0000000000000000000 ) ) ;
#235 = VERTEX_POINT ( 'NONE', #6243 ) ;
#236 = DIRECTION ( 'NONE',  ( 0.0000000000000000000, -1.000000000000000000, 5.421010862427519200E-016 ) ) ;
#237 = ORIENTED_EDGE ( 'NONE', *, *, #7132, .T. ) ;
#238 = CARTESIAN_POINT ( 'NONE',  ( -0.6249999999999998900, -1.583686420389025100, 0.1138136583594313900 ) ) ;
#239 = PRESENTATION_STYLE_ASSIGNMENT (( #4182 ) ) ;
#240 = AXIS2_PLACEMENT_3D ( 'NONE', #6690, #4049, #130 ) ;
#241 = CARTESIAN_POINT ( 'NONE',  ( -1.625000000000000000, 2.000000000000000000, 0.1270000000000002500 ) ) ;
#242 = VECTOR ( 'NONE', #4242, 1000.000000000000000 ) ;
#243 = PRESENTATION_LAYER_ASSIGNMENT (  '', '', ( #7904 ) ) ;
#244 = VECTOR ( 'NONE', #2807, 1000.000000000000100 ) ;
#245 = ORIENTED_EDGE ( 'NONE', *, *, #928, .T. ) ;
#246 = CARTESIAN_POINT ( 'NONE',  ( -0.6249999999999998900, 1.710000000000000200, 2.710505431213761100E-016 ) ) ;
#247 = ORIENTED_EDGE ( 'NONE', *, *, #3770, .T. ) ;
#248 = EDGE_CURVE ( 'NONE', #7830, #8163, #5047, .T. ) ;
#249 = ORIENTED_EDGE ( 'NONE', *, *, #4295, .T. ) ;
#250 = EDGE_LOOP ( 'NONE', ( #5504, #2295, #5035, #7360 ) ) ;
#251 =( NAMED_UNIT ( * ) PLANE_ANGLE_UNIT ( ) SI_UNIT ( $, .RADIAN. ) );
#252 = LINE ( 'NONE', #2012, #3717 ) ;
#253 =( LENGTH_UNIT ( ) NAMED_UNIT ( * ) SI_UNIT ( .MILLI., .METRE. ) );
#254 = STYLED_ITEM ( 'NONE', ( #239 ), #7333 ) ;
#255 = DIRECTION ( 'NONE',  ( 0.0000000000000000000, -0.0000000000000000000, 1.000000000000000000 ) ) ;
#256 = ADVANCED_FACE ( 'NONE', ( #6587 ), #7517, .T. ) ;
#257 = PLANE ( 'NONE',  #4006 ) ;
#258 = EDGE_CURVE ( 'NONE', #5056, #2265, #5971, .T. ) ;
#259 = DIRECTION ( 'NONE',  ( -1.000000000000000000, 0.0000000000000000000, -0.0000000000000000000 ) ) ;
#260 = VECTOR ( 'NONE', #3772, 1000.000000000000000 ) ;
#261 = CARTESIAN_POINT ( 'NONE',  ( -0.1249999999999998900, 1.676313579610975200, 0.4496863416405709200 ) ) ;
#262 = CARTESIAN_POINT ( 'NONE',  ( 2.125000000000000000, 1.500000000000000000, 0.4365000000000000000 ) ) ;
#263 = EDGE_CURVE ( 'NONE', #6531, #961, #4211, .T. ) ;
#264 = MECHANICAL_DESIGN_GEOMETRIC_PRESENTATION_REPRESENTATION (  '', ( #6606 ), #719 ) ;
#265 = CARTESIAN_POINT ( 'NONE',  ( 0.5750000000000001800, -1.710000000000000200, 0.1270000000000002500 ) ) ;
#266 =( LENGTH_UNIT ( ) NAMED_UNIT ( * ) SI_UNIT ( .MILLI., .METRE. ) );
#267 = FACE_OUTER_BOUND ( 'NONE', #207, .T. ) ;
#268 = ORIENTED_EDGE ( 'NONE', *, *, #7015, .F. ) ;
#269 = SURFACE_STYLE_FILL_AREA ( #1386 ) ;
#270 = DIRECTION ( 'NONE',  ( 0.0000000000000000000, 0.0000000000000000000, -1.000000000000000000 ) ) ;
#271 = EDGE_CURVE ( 'NONE', #924, #82, #736, .T. ) ;
#272 = AXIS2_PLACEMENT_3D ( 'NONE', #5386, #1441, #6060 ) ;
#273 = VECTOR ( 'NONE', #4762, 1000.000000000000000 ) ;
#274 = EDGE_LOOP ( 'NONE', ( #7737, #969, #2582, #7286 ) ) ;
#275 = DIRECTION ( 'NONE',  ( -1.000000000000000000, -0.0000000000000000000, -0.0000000000000000000 ) ) ;
#276 = VERTEX_POINT ( 'NONE', #1029 ) ;
#277 = FILL_AREA_STYLE_COLOUR ( '', #179 ) ;
#278 = EDGE_LOOP ( 'NONE', ( #150, #1491, #1866, #3609 ) ) ;
#279 = CARTESIAN_POINT ( 'NONE',  ( -1.424999999999999800, 1.500000000000000000, 0.5635000000000020000 ) ) ;
#280 = VECTOR ( 'NONE', #3722, 1000.000000000000000 ) ;
#281 = FACE_OUTER_BOUND ( 'NONE', #8514, .T. ) ;
#282 = EDGE_LOOP ( 'NONE', ( #3010, #857, #8165, #1021 ) ) ;
#283 = PRESENTATION_LAYER_ASSIGNMENT (  '', '', ( #745 ) ) ;
#284 = DIRECTION ( 'NONE',  ( 0.0000000000000000000, 0.0000000000000000000, -1.000000000000000000 ) ) ;
#285 =( LENGTH_UNIT ( ) NAMED_UNIT ( * ) SI_UNIT ( .MILLI., .METRE. ) );
#286 = STYLED_ITEM ( 'NONE', ( #7275 ), #698 ) ;
#287 = ORIENTED_EDGE ( 'NONE', *, *, #877, .T. ) ;
#288 = VECTOR ( 'NONE', #2054, 1000.000000000000000 ) ;
#289 = EDGE_CURVE ( 'NONE', #7422, #2500, #5543, .T. ) ;
#290 = CARTESIAN_POINT ( 'NONE',  ( 1.075000000000000200, 1.550000000000000300, 0.4365000000000001100 ) ) ;
#291 = ADVANCED_FACE ( 'NONE', ( #7291 ), #7090, .T. ) ;
#292 = DIRECTION ( 'NONE',  ( 1.000000000000000000, 0.0000000000000000000, 0.0000000000000000000 ) ) ;
#293 = SURFACE_STYLE_USAGE ( .BOTH. , #6239 ) ;
#294 = CARTESIAN_POINT ( 'NONE',  ( 1.075000000000000200, -1.710000000000000200, 0.1270000000000002200 ) ) ;
#295 = DIRECTION ( 'NONE',  ( -0.0000000000000000000, -0.1038294617367629000, 0.9945951150470496700 ) ) ;
#296 = DIRECTION ( 'NONE',  ( 0.0000000000000000000, 0.0000000000000000000, 1.000000000000000000 ) ) ;
#297 =( GEOMETRIC_REPRESENTATION_CONTEXT ( 3 ) GLOBAL_UNCERTAINTY_ASSIGNED_CONTEXT ( ( #8279 ) ) GLOBAL_UNIT_ASSIGNED_CONTEXT ( ( #2299, #6930, #2957 ) ) REPRESENTATION_CONTEXT ( 'NONE', 'WORKASPACE' ) );
#298 = ORIENTED_EDGE ( 'NONE', *, *, #1599, .F. ) ;
#299 = AXIS2_PLACEMENT_3D ( 'NONE', #390, #5643, #5014 ) ;
#300 = CARTESIAN_POINT ( 'NONE',  ( 0.3750000000000001100, -1.583686420389025100, 0.1138136583594313900 ) ) ;
#301 =( NAMED_UNIT ( * ) PLANE_ANGLE_UNIT ( ) SI_UNIT ( $, .RADIAN. ) );
#302 = EDGE_CURVE ( 'NONE', #7037, #2542, #309, .T. ) ;
#303 = DIRECTION ( 'NONE',  ( 0.0000000000000000000, 3.414809992080329100E-015, 1.000000000000000000 ) ) ;
#304 =( LENGTH_UNIT ( ) NAMED_UNIT ( * ) SI_UNIT ( .MILLI., .METRE. ) );
#305 = COLOUR_RGB ( '',1.000000000000000000, 1.000000000000000000, 1.000000000000000000 ) ;
#306 = ADVANCED_FACE ( 'NONE', ( #2227 ), #6382, .F. ) ;
#307 = CARTESIAN_POINT ( 'NONE',  ( 0.5750000000000001800, -1.710000000000000200, 0.1270000000000002200 ) ) ;
#308 = ORIENTED_EDGE ( 'NONE', *, *, #877, .F. ) ;
#309 = CIRCLE ( 'NONE', #1955, 0.1269999999999999500 ) ;
#310 = ORIENTED_EDGE ( 'NONE', *, *, #6307, .F. ) ;
#311 = FILL_AREA_STYLE_COLOUR ( '', #7023 ) ;
#312 = DIRECTION ( 'NONE',  ( 0.0000000000000000000, 0.0000000000000000000, 1.000000000000000000 ) ) ;
#313 =( GEOMETRIC_REPRESENTATION_CONTEXT ( 3 ) GLOBAL_UNCERTAINTY_ASSIGNED_CONTEXT ( ( #1780 ) ) GLOBAL_UNIT_ASSIGNED_CONTEXT ( ( #8284, #5155, #5351 ) ) REPRESENTATION_CONTEXT ( 'NONE', 'WORKASPACE' ) );
#314 = PLANE ( 'NONE',  #7522 ) ;
#315 = ORIENTED_EDGE ( 'NONE', *, *, #5270, .F. ) ;
#316 = VECTOR ( 'NONE', #8335, 1000.000000000000000 ) ;
#317 = VERTEX_POINT ( 'NONE', #1127 ) ;
#318 = ADVANCED_FACE ( 'NONE', ( #6472 ), #1235, .T. ) ;
#319 = PLANE ( 'NONE',  #8406 ) ;
#320 = COLOUR_RGB ( '',1.000000000000000000, 1.000000000000000000, 1.000000000000000000 ) ;
#321 = CARTESIAN_POINT ( 'NONE',  ( -0.9249999999999998200, -1.550000000000000000, 0.5635000000000010000 ) ) ;
#322 = CARTESIAN_POINT ( 'NONE',  ( 0.3750000000000001100, -1.676313579610975200, 0.4496863416405709200 ) ) ;
#323 = CARTESIAN_POINT ( 'NONE',  ( 2.125000000000000000, 1.500000000000000000, 0.5635000000000000000 ) ) ;
#324 =( LENGTH_UNIT ( ) NAMED_UNIT ( * ) SI_UNIT ( .MILLI., .METRE. ) );
#325 = CARTESIAN_POINT ( 'NONE',  ( 0.07500000000000019200, 1.500000000000000400, 0.4365000000000020500 ) ) ;
#326 = EDGE_CURVE ( 'NONE', #1962, #7527, #8238, .T. ) ;
#327 = ORIENTED_EDGE ( 'NONE', *, *, #2438, .T. ) ;
#328 = ORIENTED_EDGE ( 'NONE', *, *, #6414, .T. ) ;
#329 = STYLED_ITEM ( 'NONE', ( #8015 ), #3946 ) ;
#330 = VECTOR ( 'NONE', #3730, 1000.000000000000000 ) ;
#331 = COLOUR_RGB ( '',1.000000000000000000, 1.000000000000000000, 1.000000000000000000 ) ;
#332 = UNCERTAINTY_MEASURE_WITH_UNIT (LENGTH_MEASURE( 1.000000000000000100E-005 ), #1563, 'distance_accuracy_value', 'NONE');
#333 = FILL_AREA_STYLE ('',( #1025 ) ) ;
#334 = FACE_OUTER_BOUND ( 'NONE', #5335, .T. ) ;
#335 = ORIENTED_EDGE ( 'NONE', *, *, #1190, .F. ) ;
#336 = CARTESIAN_POINT ( 'NONE',  ( 1.800000000000000000, -1.299999999999999800, 0.4365000000000000000 ) ) ;
#337 = FILL_AREA_STYLE ('',( #8220 ) ) ;
#338 = DIRECTION ( 'NONE',  ( -1.000000000000000000, 0.0000000000000000000, -0.0000000000000000000 ) ) ;
#339 = DIRECTION ( 'NONE',  ( 0.0000000000000000000, -0.0000000000000000000, 1.000000000000000000 ) ) ;
#340 = ADVANCED_FACE ( 'NONE', ( #8035 ), #3025, .F. ) ;
#341 = FACE_OUTER_BOUND ( 'NONE', #6872, .T. ) ;
#342 = COLOUR_RGB ( '',1.000000000000000000, 1.000000000000000000, 1.000000000000000000 ) ;
#343 = CARTESIAN_POINT ( 'NONE',  ( -1.424999999999999800, -1.550000000000000000, 0.5635000000000010000 ) ) ;
#344 = ORIENTED_EDGE ( 'NONE', *, *, #4039, .F. ) ;
#345 = ORIENTED_EDGE ( 'NONE', *, *, #3312, .F. ) ;
#346 = FILL_AREA_STYLE_COLOUR ( '', #5992 ) ;
#347 = ORIENTED_EDGE ( 'NONE', *, *, #5093, .T. ) ;
#348 = PRESENTATION_STYLE_ASSIGNMENT (( #5143 ) ) ;
#349 = FILL_AREA_STYLE_COLOUR ( '', #1781 ) ;
#350 = CARTESIAN_POINT ( 'NONE',  ( 1.800000000000000000, 4.065758146820642400E-018, 0.3000000000000000400 ) ) ;
#351 = FACE_OUTER_BOUND ( 'NONE', #5609, .T. ) ;
#352 = DIRECTION ( 'NONE',  ( 0.0000000000000000000, 0.0000000000000000000, 1.000000000000000000 ) ) ;
#353 = VECTOR ( 'NONE', #7956, 1000.000000000000000 ) ;
#354 = ORIENTED_EDGE ( 'NONE', *, *, #7818, .F. ) ;
#355 =( NAMED_UNIT ( * ) PLANE_ANGLE_UNIT ( ) SI_UNIT ( $, .RADIAN. ) );
#356 = VERTEX_POINT ( 'NONE', #5239 ) ;
#357 = PRESENTATION_LAYER_ASSIGNMENT (  '', '', ( #7115 ) ) ;
#358 = SURFACE_SIDE_STYLE ('',( #588 ) ) ;
#359 = AXIS2_PLACEMENT_3D ( 'NONE', #4475, #547, #5134 ) ;
#360 = FILL_AREA_STYLE_COLOUR ( '', #3059 ) ;
#361 = CARTESIAN_POINT ( 'NONE',  ( 1.075000000000000200, 1.550000000000000300, 0.4365000000000002200 ) ) ;
#362 = EDGE_CURVE ( 'NONE', #7322, #177, #2341, .T. ) ;
#363 = CARTESIAN_POINT ( 'NONE',  ( -2.125000000000000000, 1.500000000000000000, 0.4365000000000000000 ) ) ;
#364 = ORIENTED_EDGE ( 'NONE', *, *, #5423, .F. ) ;
#365 = VERTEX_POINT ( 'NONE', #1297 ) ;
#366 = CARTESIAN_POINT ( 'NONE',  ( 1.075000000000000200, 1.500000000000000400, 0.4365000000000020500 ) ) ;
#367 = SURFACE_STYLE_USAGE ( .BOTH. , #4301 ) ;
#368 = AXIS2_PLACEMENT_3D ( 'NONE', #1860, #6479, #2522 ) ;
#369 = CARTESIAN_POINT ( 'NONE',  ( -0.4249999999999998200, -1.500000000000000000, 0.5635000000000020000 ) ) ;
#370 = UNCERTAINTY_MEASURE_WITH_UNIT (LENGTH_MEASURE( 1.000000000000000100E-005 ), #4586, 'distance_accuracy_value', 'NONE');
#371 = SURFACE_SIDE_STYLE ('',( #8291 ) ) ;
#372 = STYLED_ITEM ( 'NONE', ( #6184 ), #2689 ) ;
#373 = DIRECTION ( 'NONE',  ( -1.000000000000000000, 0.0000000000000000000, -0.0000000000000000000 ) ) ;
#374 = EDGE_CURVE ( 'NONE', #1608, #5123, #5657, .T. ) ;
#375 = PRESENTATION_STYLE_ASSIGNMENT (( #5463 ) ) ;
#376 = DIRECTION ( 'NONE',  ( 0.0000000000000000000, -0.0000000000000000000, -1.000000000000000000 ) ) ;
#377 =( LENGTH_UNIT ( ) NAMED_UNIT ( * ) SI_UNIT ( .MILLI., .METRE. ) );
#378 = LINE ( 'NONE', #2806, #4383 ) ;
#379 = ORIENTED_EDGE ( 'NONE', *, *, #3365, .F. ) ;
#380 = EDGE_CURVE ( 'NONE', #5841, #4719, #2125, .T. ) ;
#381 = CYLINDRICAL_SURFACE ( 'NONE', #3734, 0.2000000000000000900 ) ;
#382 = AXIS2_PLACEMENT_3D ( 'NONE', #3093, #3576, #3873 ) ;
#383 = CARTESIAN_POINT ( 'NONE',  ( 0.5750000000000001800, -1.710000000000000200, 0.1270000000000002500 ) ) ;
#384 = PRODUCT_DEFINITION ( '未知', '', #3442, #6824 ) ;
#385 = DIRECTION ( 'NONE',  ( 0.0000000000000000000, -0.1038294617367628000, -0.9945951150470496700 ) ) ;
#386 = ADVANCED_FACE ( 'NONE', ( #3674 ), #8299, .T. ) ;
#387 = PLANE ( 'NONE',  #3936 ) ;
#388 = LINE ( 'NONE', #1929, #7154 ) ;
#389 = ORIENTED_EDGE ( 'NONE', *, *, #784, .F. ) ;
#390 = CARTESIAN_POINT ( 'NONE',  ( 0.5750000000000001800, 1.550000000000000300, 0.4365000000000001100 ) ) ;
#391 = FACE_OUTER_BOUND ( 'NONE', #3590, .T. ) ;
#392 = LINE ( 'NONE', #3886, #189 ) ;
#393 = PRODUCT ( 'US14', 'US14', '', ( #5605 ) ) ;
#394 = COLOUR_RGB ( '',1.000000000000000000, 1.000000000000000000, 1.000000000000000000 ) ;
#395 =( GEOMETRIC_REPRESENTATION_CONTEXT ( 3 ) GLOBAL_UNCERTAINTY_ASSIGNED_CONTEXT ( ( #8087 ) ) GLOBAL_UNIT_ASSIGNED_CONTEXT ( ( #3724, #7698, #3065 ) ) REPRESENTATION_CONTEXT ( 'NONE', 'WORKASPACE' ) );
#396 =( NAMED_UNIT ( * ) SI_UNIT ( $, .STERADIAN. ) SOLID_ANGLE_UNIT ( ) );
#397 = CARTESIAN_POINT ( 'NONE',  ( 1.575000000000000200, 1.583686420389025100, 0.1138136583594313900 ) ) ;
#398 = PRESENTATION_LAYER_ASSIGNMENT (  '', '', ( #8506 ) ) ;
#399 =( NAMED_UNIT ( * ) PLANE_ANGLE_UNIT ( ) SI_UNIT ( $, .RADIAN. ) );
#400 = ORIENTED_EDGE ( 'NONE', *, *, #7659, .T. ) ;
#401 = FILL_AREA_STYLE_COLOUR ( '', #2958 ) ;
#402 = LINE ( 'NONE', #4265, #5438 ) ;
#403 = VECTOR ( 'NONE', #5006, 1000.000000000000100 ) ;
#404 = ORIENTED_EDGE ( 'NONE', *, *, #6940, .F. ) ;
#405 = DIRECTION ( 'NONE',  ( 0.0000000000000000000, 1.000000000000000000, -3.686287386450737200E-014 ) ) ;
#406 = CARTESIAN_POINT ( 'NONE',  ( -0.9249999999999998200, 1.710000000000000200, 0.1270000000000002500 ) ) ;
#407 = SURFACE_STYLE_USAGE ( .BOTH. , #5026 ) ;
#408 = SURFACE_STYLE_FILL_AREA ( #7572 ) ;
#409 = ORIENTED_EDGE ( 'NONE', *, *, #2993, .T. ) ;
#410 = CARTESIAN_POINT ( 'NONE',  ( -0.4249999999999998200, 1.550000000000000300, 0.4365000000000001100 ) ) ;
#411 = MECHANICAL_DESIGN_GEOMETRIC_PRESENTATION_REPRESENTATION (  '', ( #8065 ), #860 ) ;
#412 = DIRECTION ( 'NONE',  ( -1.000000000000000000, -0.0000000000000000000, -0.0000000000000000000 ) ) ;
#413 = LINE ( 'NONE', #3908, #3669 ) ;
#414 = FILL_AREA_STYLE_COLOUR ( '', #4835 ) ;
#415 = EDGE_CURVE ( 'NONE', #4358, #3402, #6577, .T. ) ;
#416 = VECTOR ( 'NONE', #6559, 1000.000000000000100 ) ;
#417 = ORIENTED_EDGE ( 'NONE', *, *, #4612, .F. ) ;
#418 = SURFACE_STYLE_USAGE ( .BOTH. , #4348 ) ;
#419 = UNCERTAINTY_MEASURE_WITH_UNIT (LENGTH_MEASURE( 1.000000000000000100E-005 ), #3868, 'distance_accuracy_value', 'NONE');
#420 = AXIS2_PLACEMENT_3D ( 'NONE', #5353, #5941, #4575 ) ;
#421 = CARTESIAN_POINT ( 'NONE',  ( -1.800000000000000000, -1.299999999999999800, 0.4365000000000000000 ) ) ;
#422 = ORIENTED_EDGE ( 'NONE', *, *, #7583, .F. ) ;
#423 = DIRECTION ( 'NONE',  ( 0.0000000000000000000, 0.0000000000000000000, -1.000000000000000000 ) ) ;
#424 = SURFACE_STYLE_FILL_AREA ( #5489 ) ;
#425 = EDGE_CURVE ( 'NONE', #957, #7307, #3053, .T. ) ;
#426 = DIRECTION ( 'NONE',  ( -1.000000000000000000, -0.0000000000000000000, -0.0000000000000000000 ) ) ;
#427 = VECTOR ( 'NONE', #922, 1000.000000000000100 ) ;
#428 =( NAMED_UNIT ( * ) PLANE_ANGLE_UNIT ( ) SI_UNIT ( $, .RADIAN. ) );
#429 = FACE_OUTER_BOUND ( 'NONE', #4853, .T. ) ;
#430 = CARTESIAN_POINT ( 'NONE',  ( 0.3750000000000001100, -1.710000000000000200, 0.1270000000000002200 ) ) ;
#431 = ORIENTED_EDGE ( 'NONE', *, *, #5450, .T. ) ;
#432 = ORIENTED_EDGE ( 'NONE', *, *, #3023, .T. ) ;
#433 = DIRECTION ( 'NONE',  ( 0.0000000000000000000, 0.0000000000000000000, 1.000000000000000000 ) ) ;
#434 =( LENGTH_UNIT ( ) NAMED_UNIT ( * ) SI_UNIT ( .MILLI., .METRE. ) );
#435 = SURFACE_STYLE_FILL_AREA ( #8487 ) ;
#436 = VECTOR ( 'NONE', #3268, 1000.000000000000000 ) ;
#437 = AXIS2_PLACEMENT_3D ( 'NONE', #6260, #2281, #6912 ) ;
#438 = CARTESIAN_POINT ( 'NONE',  ( -0.4249999999999998200, 1.676313579610975200, 0.4496863416405709200 ) ) ;
#439 = VECTOR ( 'NONE', #1388, 1000.000000000000000 ) ;
#440 = ORIENTED_EDGE ( 'NONE', *, *, #5013, .F. ) ;
#441 =( LENGTH_UNIT ( ) NAMED_UNIT ( * ) SI_UNIT ( .MILLI., .METRE. ) );
#442 = SURFACE_STYLE_FILL_AREA ( #8334 ) ;
#443 = UNCERTAINTY_MEASURE_WITH_UNIT (LENGTH_MEASURE( 1.000000000000000100E-005 ), #3112, 'distance_accuracy_value', 'NONE');
#444 = PLANE ( 'NONE',  #7035 ) ;
#445 = DIRECTION ( 'NONE',  ( -1.000000000000000000, 0.0000000000000000000, 0.0000000000000000000 ) ) ;
#446 = SURFACE_STYLE_FILL_AREA ( #4378 ) ;
#447 = EDGE_CURVE ( 'NONE', #5372, #8410, #1327, .T. ) ;
#448 = ORIENTED_EDGE ( 'NONE', *, *, #598, .T. ) ;
#449 = FILL_AREA_STYLE_COLOUR ( '', #5895 ) ;
#450 = DIRECTION ( 'NONE',  ( 0.0000000000000000000, -0.9945951150470497800, 0.1038294617367628200 ) ) ;
#451 = ORIENTED_EDGE ( 'NONE', *, *, #8151, .T. ) ;
#452 = ORIENTED_EDGE ( 'NONE', *, *, #1431, .F. ) ;
#453 = SURFACE_STYLE_FILL_AREA ( #613 ) ;
#454 = CARTESIAN_POINT ( 'NONE',  ( -1.424999999999999800, 1.583686420389025100, 0.1138136583594313900 ) ) ;
#455 = LINE ( 'NONE', #4213, #7226 ) ;
#456 = CARTESIAN_POINT ( 'NONE',  ( 0.8750000000000001100, -1.583686420389025100, 0.1138136583594313900 ) ) ;
#457 = VECTOR ( 'NONE', #4810, 1000.000000000000000 ) ;
#458 = ORIENTED_EDGE ( 'NONE', *, *, #2866, .F. ) ;
#459 = CARTESIAN_POINT ( 'NONE',  ( -1.800000000000000000, 1.300000000000000000, 0.2999999999999999900 ) ) ;
#460 = CARTESIAN_POINT ( 'NONE',  ( 0.07500000000000019200, -2.000000000000000000, 2.439454888092385000E-016 ) ) ;
#461 = ORIENTED_EDGE ( 'NONE', *, *, #4838, .T. ) ;
#462 = DIRECTION ( 'NONE',  ( -1.000000000000000000, 0.0000000000000000000, 0.0000000000000000000 ) ) ;
#463 = AXIS2_PLACEMENT_3D ( 'NONE', #8548, #4582, #663 ) ;
#464 =( NAMED_UNIT ( * ) SI_UNIT ( $, .STERADIAN. ) SOLID_ANGLE_UNIT ( ) );
#465 = FILL_AREA_STYLE_COLOUR ( '', #4000 ) ;
#466 = AXIS2_PLACEMENT_3D ( 'NONE', #772, #4681, #96 ) ;
#467 = EDGE_LOOP ( 'NONE', ( #6816, #7364, #5633, #626 ) ) ;
#468 = FILL_AREA_STYLE ('',( #3695 ) ) ;
#469 = ORIENTED_EDGE ( 'NONE', *, *, #2376, .T. ) ;
#470 = CARTESIAN_POINT ( 'NONE',  ( 1.575000000000000200, -1.550000000000000300, 0.4365000000000002200 ) ) ;
#471 = EDGE_LOOP ( 'NONE', ( #6823, #3901, #5618, #7218, #6728, #452, #8510, #2694, #1251, #1966 ) ) ;
#472 = VECTOR ( 'NONE', #6680, 1000.000000000000000 ) ;
#473 = SURFACE_STYLE_USAGE ( .BOTH. , #4404 ) ;
#474 = UNCERTAINTY_MEASURE_WITH_UNIT (LENGTH_MEASURE( 1.000000000000000100E-005 ), #7195, 'distance_accuracy_value', 'NONE');
#475 = SURFACE_STYLE_FILL_AREA ( #7643 ) ;
#476 = DIRECTION ( 'NONE',  ( -1.000000000000000000, -0.0000000000000000000, -0.0000000000000000000 ) ) ;
#477 = PRESENTATION_LAYER_ASSIGNMENT (  '', '', ( #8128 ) ) ;
#478 = AXIS2_PLACEMENT_3D ( 'NONE', #8180, #4228, #296 ) ;
#479 = VERTEX_POINT ( 'NONE', #6651 ) ;
#480 = DIRECTION ( 'NONE',  ( 0.0000000000000000000, 0.0000000000000000000, 1.000000000000000000 ) ) ;
#481 = LINE ( 'NONE', #8421, #5299 ) ;
#482 = CARTESIAN_POINT ( 'NONE',  ( 1.575000000000000200, -2.000000000000000000, 2.439454888092385000E-016 ) ) ;
#483 = EDGE_CURVE ( 'NONE', #3367, #6334, #2848, .T. ) ;
#484 = VERTEX_POINT ( 'NONE', #2563 ) ;
#485 = ORIENTED_EDGE ( 'NONE', *, *, #7296, .T. ) ;
#486 =( NAMED_UNIT ( * ) SI_UNIT ( $, .STERADIAN. ) SOLID_ANGLE_UNIT ( ) );
#487 = ADVANCED_FACE ( 'NONE', ( #7926 ), #508, .F. ) ;
#488 = EDGE_LOOP ( 'NONE', ( #564, #4584, #6926, #7073 ) ) ;
#489 = CARTESIAN_POINT ( 'NONE',  ( -0.4249999999999998200, 2.000000000000000000, 0.1270000000000002500 ) ) ;
#490 =( NAMED_UNIT ( * ) SI_UNIT ( $, .STERADIAN. ) SOLID_ANGLE_UNIT ( ) );
#491 = FILL_AREA_STYLE ('',( #4387 ) ) ;
#492 = CARTESIAN_POINT ( 'NONE',  ( 1.575000000000000200, -1.583686420389025100, 0.1138136583594313900 ) ) ;
#493 = MECHANICAL_DESIGN_GEOMETRIC_PRESENTATION_REPRESENTATION (  '', ( #7699 ), #935 ) ;
#494 =( NAMED_UNIT ( * ) SI_UNIT ( $, .STERADIAN. ) SOLID_ANGLE_UNIT ( ) );
#495 = ORIENTED_EDGE ( 'NONE', *, *, #5549, .F. ) ;
#496 = CARTESIAN_POINT ( 'NONE',  ( -2.000000000000000000, -7.589415207398529800E-017, 0.6999999999999998400 ) ) ;
#497 = PRESENTATION_STYLE_ASSIGNMENT (( #3291 ) ) ;
#498 = ORIENTED_EDGE ( 'NONE', *, *, #6161, .T. ) ;
#499 = ORIENTED_EDGE ( 'NONE', *, *, #2508, .F. ) ;
#500 = ORIENTED_EDGE ( 'NONE', *, *, #2750, .T. ) ;
#501 = CARTESIAN_POINT ( 'NONE',  ( -1.424999999999999800, 1.550000000000000300, 0.4365000000000002200 ) ) ;
#502 = CARTESIAN_POINT ( 'NONE',  ( 1.075000000000000200, 1.500000000000000000, 0.5635000000000020000 ) ) ;
#503 = EDGE_CURVE ( 'NONE', #3004, #5993, #2220, .T. ) ;
#504 = STYLED_ITEM ( 'NONE', ( #2534 ), #3852 ) ;
#505 = LINE ( 'NONE', #7769, #3754 ) ;
#506 =( NAMED_UNIT ( * ) PLANE_ANGLE_UNIT ( ) SI_UNIT ( $, .RADIAN. ) );
#507 = DIRECTION ( 'NONE',  ( 0.0000000000000000000, 0.0000000000000000000, 1.000000000000000000 ) ) ;
#508 = PLANE ( 'NONE',  #6351 ) ;
#509 = CARTESIAN_POINT ( 'NONE',  ( -1.800000000000000000, 1.500000000000000000, 0.1000000000000000100 ) ) ;
#510 = CARTESIAN_POINT ( 'NONE',  ( -1.424999999999999800, 2.000000000000000000, 0.1270000000000002500 ) ) ;
#511 = FACE_OUTER_BOUND ( 'NONE', #2271, .T. ) ;
#512 = FACE_OUTER_BOUND ( 'NONE', #5562, .T. ) ;
#513 = SURFACE_STYLE_FILL_AREA ( #5151 ) ;
#514 = FILL_AREA_STYLE ('',( #6386 ) ) ;
#515 = AXIS2_PLACEMENT_3D ( 'NONE', #148, #6707, #2762 ) ;
#516 = PRESENTATION_STYLE_ASSIGNMENT (( #4060 ) ) ;
#517 = CARTESIAN_POINT ( 'NONE',  ( 0.8750000000000001100, -1.710000000000000200, 0.1270000000000002200 ) ) ;
#518 = SURFACE_STYLE_USAGE ( .BOTH. , #4444 ) ;
#519 = FILL_AREA_STYLE_COLOUR ( '', #5814 ) ;
#520 = SURFACE_STYLE_FILL_AREA ( #7328 ) ;
#521 = DIRECTION ( 'NONE',  ( 1.000000000000000000, 0.0000000000000000000, -0.0000000000000000000 ) ) ;
#522 = CARTESIAN_POINT ( 'NONE',  ( -0.6249999999999998900, 1.550000000000000000, 0.5635000000000010000 ) ) ;
#523 = AXIS2_PLACEMENT_3D ( 'NONE', #2242, #6877, #2909 ) ;
#524 = VECTOR ( 'NONE', #2628, 1000.000000000000000 ) ;
#525 = ORIENTED_EDGE ( 'NONE', *, *, #7465, .F. ) ;
#526 = CARTESIAN_POINT ( 'NONE',  ( -1.424999999999999800, -1.550000000000000300, 0.4365000000000001100 ) ) ;
#527 = STYLED_ITEM ( 'NONE', ( #5497 ), #1462 ) ;
#528 = ADVANCED_FACE ( 'NONE', ( #7285 ), #3369, .F. ) ;
#529 = VECTOR ( 'NONE', #7704, 1000.000000000000000 ) ;
#530 = DIRECTION ( 'NONE',  ( 0.0000000000000000000, -1.168321306557656000E-016, 1.000000000000000000 ) ) ;
#531 = UNCERTAINTY_MEASURE_WITH_UNIT (LENGTH_MEASURE( 1.000000000000000100E-005 ), #2065, 'distance_accuracy_value', 'NONE');
#532 = EDGE_CURVE ( 'NONE', #6186, #6955, #3152, .T. ) ;
#533 = COLOUR_RGB ( '',1.000000000000000000, 1.000000000000000000, 1.000000000000000000 ) ;
#534 = ORIENTED_EDGE ( 'NONE', *, *, #6849, .T. ) ;
#535 = DIRECTION ( 'NONE',  ( 0.0000000000000000000, -1.000000000000000000, 3.414809992080329100E-015 ) ) ;
#536 = SURFACE_STYLE_FILL_AREA ( #6514 ) ;
#537 = LINE ( 'NONE', #8017, #4001 ) ;
#538 = PRESENTATION_LAYER_ASSIGNMENT (  '', '', ( #8189 ) ) ;
#539 = AXIS2_PLACEMENT_3D ( 'NONE', #4625, #6699, #2046 ) ;
#540 = DIRECTION ( 'NONE',  ( 0.0000000000000000000, 0.0000000000000000000, -1.000000000000000000 ) ) ;
#541 = CARTESIAN_POINT ( 'NONE',  ( 1.075000000000000200, -2.000000000000000000, 2.439454888092385000E-016 ) ) ;
#542 = DIRECTION ( 'NONE',  ( 1.000000000000000000, 0.0000000000000000000, -0.0000000000000000000 ) ) ;
#543 =( LENGTH_UNIT ( ) NAMED_UNIT ( * ) SI_UNIT ( .MILLI., .METRE. ) );
#544 = VERTEX_POINT ( 'NONE', #3313 ) ;
#545 = EDGE_CURVE ( 'NONE', #1683, #7037, #8227, .T. ) ;
#546 = DIRECTION ( 'NONE',  ( -1.000000000000000000, 0.0000000000000000000, -0.0000000000000000000 ) ) ;
#547 = DIRECTION ( 'NONE',  ( 0.0000000000000000000, 2.168404344971013200E-015, -1.000000000000000000 ) ) ;
#548 = LINE ( 'NONE', #3149, #3793 ) ;
#549 = CARTESIAN_POINT ( 'NONE',  ( 1.375000000000000200, 1.710000000000000200, 0.1270000000000002500 ) ) ;
#550 = FACE_OUTER_BOUND ( 'NONE', #1146, .T. ) ;
#551 = CARTESIAN_POINT ( 'NONE',  ( -2.125000000000000000, 1.500000000000000000, 0.5635000000000000000 ) ) ;
#552 = EDGE_LOOP ( 'NONE', ( #4995, #6147, #7968, #1669 ) ) ;
#553 = EDGE_CURVE ( 'NONE', #862, #7196, #1428, .T. ) ;
#554 = AXIS2_PLACEMENT_3D ( 'NONE', #200, #6267, #3538 ) ;
#555 = LINE ( 'NONE', #3274, #7319 ) ;
#556 = MECHANICAL_DESIGN_GEOMETRIC_PRESENTATION_REPRESENTATION (  '', ( #7767 ), #992 ) ;
#557 = SURFACE_SIDE_STYLE ('',( #142 ) ) ;
#558 = FACE_OUTER_BOUND ( 'NONE', #2139, .T. ) ;
#559 = CARTESIAN_POINT ( 'NONE',  ( 1.375000000000000200, 1.500000000000000000, 0.5635000000000020000 ) ) ;
#560 = PRESENTATION_STYLE_ASSIGNMENT (( #2361 ) ) ;
#561 = SURFACE_STYLE_FILL_AREA ( #6292 ) ;
#562 = ORIENTED_EDGE ( 'NONE', *, *, #1400, .T. ) ;
#563 = EDGE_LOOP ( 'NONE', ( #1225, #2063, #5281, #5453, #7292, #176, #3808, #7265, #6715, #2423 ) ) ;
#564 = ORIENTED_EDGE ( 'NONE', *, *, #3965, .F. ) ;
#565 = VECTOR ( 'NONE', #5749, 1000.000000000000000 ) ;
#566 = EDGE_CURVE ( 'NONE', #1534, #1541, #8450, .T. ) ;
#567 = DIRECTION ( 'NONE',  ( -1.000000000000000000, -0.0000000000000000000, -0.0000000000000000000 ) ) ;
#568 = DIRECTION ( 'NONE',  ( 0.0000000000000000000, 0.0000000000000000000, -1.000000000000000000 ) ) ;
#569 = STYLED_ITEM ( 'NONE', ( #2291 ), #4561 ) ;
#570 = VECTOR ( 'NONE', #7273, 1000.000000000000000 ) ;
#571 = EDGE_LOOP ( 'NONE', ( #5400, #5175, #6269, #4055 ) ) ;
#572 = EDGE_LOOP ( 'NONE', ( #2693, #894, #389, #1946 ) ) ;
#573 = ORIENTED_EDGE ( 'NONE', *, *, #4122, .F. ) ;
#574 = LINE ( 'NONE', #3454, #4036 ) ;
#575 =( NAMED_UNIT ( * ) PLANE_ANGLE_UNIT ( ) SI_UNIT ( $, .RADIAN. ) );
#576 =( NAMED_UNIT ( * ) PLANE_ANGLE_UNIT ( ) SI_UNIT ( $, .RADIAN. ) );
#577 = ADVANCED_FACE ( 'NONE', ( #4716 ), #3875, .T. ) ;
#578 = CARTESIAN_POINT ( 'NONE',  ( 1.800000000000000000, 1.300000000000000300, 0.7000000000000000700 ) ) ;
#579 = SURFACE_SIDE_STYLE ('',( #3276 ) ) ;
#580 = SURFACE_STYLE_FILL_AREA ( #8400 ) ;
#581 = DIRECTION ( 'NONE',  ( 0.0000000000000000000, 0.0000000000000000000, 1.000000000000000000 ) ) ;
#582 = ORIENTED_EDGE ( 'NONE', *, *, #8151, .F. ) ;
#583 = ORIENTED_EDGE ( 'NONE', *, *, #6849, .F. ) ;
#584 = DIRECTION ( 'NONE',  ( 0.0000000000000000000, 0.0000000000000000000, -1.000000000000000000 ) ) ;
#585 = EDGE_CURVE ( 'NONE', #6649, #7502, #7400, .T. ) ;
#586 = SURFACE_STYLE_USAGE ( .BOTH. , #4511 ) ;
#587 = ORIENTED_EDGE ( 'NONE', *, *, #4335, .T. ) ;
#588 = SURFACE_STYLE_FILL_AREA ( #4291 ) ;
#589 = CARTESIAN_POINT ( 'NONE',  ( -1.625000000000000000, -1.500000000000000400, 0.4365000000000020500 ) ) ;
#590 = DIRECTION ( 'NONE',  ( 1.000000000000000000, 0.0000000000000000000, 0.0000000000000000000 ) ) ;
#591 =( GEOMETRIC_REPRESENTATION_CONTEXT ( 3 ) GLOBAL_UNCERTAINTY_ASSIGNED_CONTEXT ( ( #5851 ) ) GLOBAL_UNIT_ASSIGNED_CONTEXT ( ( #5863, #1895, #6511 ) ) REPRESENTATION_CONTEXT ( 'NONE', 'WORKASPACE' ) );
#592 = VECTOR ( 'NONE', #3399, 1000.000000000000000 ) ;
#593 =( GEOMETRIC_REPRESENTATION_CONTEXT ( 3 ) GLOBAL_UNCERTAINTY_ASSIGNED_CONTEXT ( ( #6664 ) ) GLOBAL_UNIT_ASSIGNED_CONTEXT ( ( #3859, #8504, #4542 ) ) REPRESENTATION_CONTEXT ( 'NONE', 'WORKASPACE' ) );
#594 = EDGE_LOOP ( 'NONE', ( #1981, #3328, #5363, #1362 ) ) ;
#595 = DIRECTION ( 'NONE',  ( 0.0000000000000000000, 1.084202172485504400E-016, -1.000000000000000000 ) ) ;
#596 = LINE ( 'NONE', #5389, #2087 ) ;
#597 = CIRCLE ( 'NONE', #1975, 0.1270000000000008600 ) ;
#598 = EDGE_CURVE ( 'NONE', #7756, #5993, #2332, .T. ) ;
#599 = DIRECTION ( 'NONE',  ( -1.000000000000000000, -0.0000000000000000000, -0.0000000000000000000 ) ) ;
#600 = FILL_AREA_STYLE ('',( #4499 ) ) ;
#601 = FILL_AREA_STYLE_COLOUR ( '', #331 ) ;
#602 = DIRECTION ( 'NONE',  ( 0.0000000000000000000, 1.168321306557656000E-016, 1.000000000000000000 ) ) ;
#603 = LINE ( 'NONE', #2521, #7388 ) ;
#604 = ORIENTED_EDGE ( 'NONE', *, *, #271, .F. ) ;
#605 =( GEOMETRIC_REPRESENTATION_CONTEXT ( 3 ) GLOBAL_UNCERTAINTY_ASSIGNED_CONTEXT ( ( #4200 ) ) GLOBAL_UNIT_ASSIGNED_CONTEXT ( ( #6675, #6572, #6136 ) ) REPRESENTATION_CONTEXT ( 'NONE', 'WORKASPACE' ) );
#606 = MANIFOLD_SOLID_BREP ( 'Lead14', #6733 ) ;
#607 = ORIENTED_EDGE ( 'NONE', *, *, #2025, .F. ) ;
#608 =( GEOMETRIC_REPRESENTATION_CONTEXT ( 3 ) GLOBAL_UNCERTAINTY_ASSIGNED_CONTEXT ( ( #5563 ) ) GLOBAL_UNIT_ASSIGNED_CONTEXT ( ( #1537, #6148, #2163 ) ) REPRESENTATION_CONTEXT ( 'NONE', 'WORKASPACE' ) );
#609 = LINE ( 'NONE', #6314, #4082 ) ;
#610 = DIRECTION ( 'NONE',  ( 0.0000000000000000000, -1.000000000000000000, 0.0000000000000000000 ) ) ;
#611 = CIRCLE ( 'NONE', #6905, 0.2000000000000000900 ) ;
#612 = ORIENTED_EDGE ( 'NONE', *, *, #7235, .F. ) ;
#613 = FILL_AREA_STYLE ('',( #8495 ) ) ;
#614 = CARTESIAN_POINT ( 'NONE',  ( 0.07500000000000019200, -1.550000000000000000, 0.5635000000000010000 ) ) ;
#615 = ADVANCED_FACE ( 'NONE', ( #5030 ), #4817, .T. ) ;
#616 = EDGE_CURVE ( 'NONE', #7259, #8471, #3254, .T. ) ;
#617 = MECHANICAL_DESIGN_GEOMETRIC_PRESENTATION_REPRESENTATION (  '', ( #8271 ), #1052 ) ;
#618 = FILL_AREA_STYLE ('',( #3192 ) ) ;
#619 = COLOUR_RGB ( '',1.000000000000000000, 1.000000000000000000, 1.000000000000000000 ) ;
#620 = VECTOR ( 'NONE', #2959, 1000.000000000000000 ) ;
#621 = ORIENTED_EDGE ( 'NONE', *, *, #6519, .T. ) ;
#622 = LINE ( 'NONE', #4449, #7403 ) ;
#623 = DIRECTION ( 'NONE',  ( -0.0000000000000000000, 0.1038294617367628000, -0.9945951150470496700 ) ) ;
#624 = ORIENTED_EDGE ( 'NONE', *, *, #4254, .T. ) ;
#625 = SURFACE_STYLE_FILL_AREA ( #3229 ) ;
#626 = ORIENTED_EDGE ( 'NONE', *, *, #4532, .T. ) ;
#627 = DIRECTION ( 'NONE',  ( -1.000000000000000000, 0.0000000000000000000, 0.0000000000000000000 ) ) ;
#628 = MECHANICAL_DESIGN_GEOMETRIC_PRESENTATION_REPRESENTATION (  '', ( #8282 ), #1062 ) ;
#629 = CARTESIAN_POINT ( 'NONE',  ( -1.625000000000000000, -1.500000000000000000, 0.5635000000000020000 ) ) ;
#630 = PRESENTATION_STYLE_ASSIGNMENT (( #2011 ) ) ;
#631 = AXIS2_PLACEMENT_3D ( 'NONE', #6526, #4570, #651 ) ;
#632 = CARTESIAN_POINT ( 'NONE',  ( -0.4249999999999998200, -2.000000000000000000, 2.439454888092385000E-016 ) ) ;
#633 = PRESENTATION_STYLE_ASSIGNMENT (( #3952 ) ) ;
#634 = LINE ( 'NONE', #4935, #4114 ) ;
#635 = CARTESIAN_POINT ( 'NONE',  ( -0.4249999999999998200, 1.676313579610975200, 0.4496863416405709200 ) ) ;
#636 = PRESENTATION_STYLE_ASSIGNMENT (( #6785 ) ) ;
#637 = LINE ( 'NONE', #8125, #4119 ) ;
#638 = UNCERTAINTY_MEASURE_WITH_UNIT (LENGTH_MEASURE( 1.000000000000000100E-005 ), #6655, 'distance_accuracy_value', 'NONE');
#639 =( GEOMETRIC_REPRESENTATION_CONTEXT ( 3 ) GLOBAL_UNCERTAINTY_ASSIGNED_CONTEXT ( ( #6840 ) ) GLOBAL_UNIT_ASSIGNED_CONTEXT ( ( #6589, #2626, #7238 ) ) REPRESENTATION_CONTEXT ( 'NONE', 'WORKASPACE' ) );
#640 = CARTESIAN_POINT ( 'NONE',  ( -1.125000000000000000, 1.710000000000000200, 2.710505431213761100E-016 ) ) ;
#641 = STYLED_ITEM ( 'NONE', ( #146 ), #1798 ) ;
#642 = ORIENTED_EDGE ( 'NONE', *, *, #4634, .F. ) ;
#643 = ORIENTED_EDGE ( 'NONE', *, *, #2082, .F. ) ;
#644 = CARTESIAN_POINT ( 'NONE',  ( -0.6249999999999998900, -1.710000000000000200, 0.1270000000000002500 ) ) ;
#645 = EDGE_CURVE ( 'NONE', #2787, #977, #1532, .T. ) ;
#646 = LINE ( 'NONE', #1302, #7426 ) ;
#647 = VECTOR ( 'NONE', #5959, 1000.000000000000000 ) ;
#648 = VERTEX_POINT ( 'NONE', #989 ) ;
#649 = CARTESIAN_POINT ( 'NONE',  ( 2.000000000000000000, 1.300000000000000300, 0.9000000000000002400 ) ) ;
#650 = DIRECTION ( 'NONE',  ( 0.0000000000000000000, 0.9945951150470497800, -0.1038294617367629000 ) ) ;
#651 = DIRECTION ( 'NONE',  ( 0.0000000000000000000, 0.1038294617367628800, -0.9945951150470496700 ) ) ;
#652 = AXIS2_PLACEMENT_3D ( 'NONE', #3960, #50, #4627 ) ;
#653 = CYLINDRICAL_SURFACE ( 'NONE', #2705, 0.1270000000000008600 ) ;
#654 = PRESENTATION_LAYER_ASSIGNMENT (  '', '', ( #212 ) ) ;
#655 = DIRECTION ( 'NONE',  ( 0.0000000000000000000, -1.000000000000000000, -3.686287386450737200E-014 ) ) ;
#656 = ADVANCED_FACE ( 'NONE', ( #6566 ), #319, .F. ) ;
#657 = FILL_AREA_STYLE ('',( #6534 ) ) ;
#658 = CYLINDRICAL_SURFACE ( 'NONE', #299, 0.1270000000000008600 ) ;
#659 = ORIENTED_EDGE ( 'NONE', *, *, #6870, .T. ) ;
#660 = EDGE_CURVE ( 'NONE', #3631, #2987, #718, .T. ) ;
#661 = PLANE ( 'NONE',  #7844 ) ;
#662 = ORIENTED_EDGE ( 'NONE', *, *, #5576, .T. ) ;
#663 = DIRECTION ( 'NONE',  ( 0.0000000000000000000, 1.000000000000000000, -1.168321306557656000E-016 ) ) ;
#664 = EDGE_CURVE ( 'NONE', #4833, #3703, #3047, .T. ) ;
#665 = CARTESIAN_POINT ( 'NONE',  ( -1.800000000000000000, 1.500000000000000000, 0.4365000000000000000 ) ) ;
#666 = ORIENTED_EDGE ( 'NONE', *, *, #4543, .T. ) ;
#667 = AXIS2_PLACEMENT_3D ( 'NONE', #6698, #2725, #7347 ) ;
#668 = ORIENTED_EDGE ( 'NONE', *, *, #3333, .T. ) ;
#669 =( NAMED_UNIT ( * ) PLANE_ANGLE_UNIT ( ) SI_UNIT ( $, .RADIAN. ) );
#670 = ORIENTED_EDGE ( 'NONE', *, *, #1748, .F. ) ;
#671 = PRESENTATION_STYLE_ASSIGNMENT (( #1644 ) ) ;
#672 = VERTEX_POINT ( 'NONE', #7481 ) ;
#673 = DIRECTION ( 'NONE',  ( 0.0000000000000000000, 1.000000000000000000, -2.168404344971013200E-015 ) ) ;
#674 = COLOUR_RGB ( '',1.000000000000000000, 1.000000000000000000, 1.000000000000000000 ) ;
#675 =( LENGTH_UNIT ( ) NAMED_UNIT ( * ) SI_UNIT ( .MILLI., .METRE. ) );
#676 = VERTEX_POINT ( 'NONE', #262 ) ;
#677 = VERTEX_POINT ( 'NONE', #6814 ) ;
#678 = PRESENTATION_STYLE_ASSIGNMENT (( #8003 ) ) ;
#679 = AXIS2_PLACEMENT_3D ( 'NONE', #6890, #1633, #7532 ) ;
#680 = DIRECTION ( 'NONE',  ( 2.938735877055716100E-031, -2.710505431213760100E-016, -1.000000000000000000 ) ) ;
#681 = STYLED_ITEM ( 'NONE', ( #4363 ), #4820 ) ;
#682 = CARTESIAN_POINT ( 'NONE',  ( -0.1249999999999998900, -1.500000000000000000, 0.5635000000000020000 ) ) ;
#683 = COLOUR_RGB ( '',1.000000000000000000, 1.000000000000000000, 1.000000000000000000 ) ;
#684 = ORIENTED_EDGE ( 'NONE', *, *, #6750, .T. ) ;
#685 = EDGE_LOOP ( 'NONE', ( #4694, #4451, #2738, #90 ) ) ;
#686 = CYLINDRICAL_SURFACE ( 'NONE', #8465, 0.2000000000000000900 ) ;
#687 = CARTESIAN_POINT ( 'NONE',  ( -0.1249999999999998900, 2.000000000000000000, 2.439454888092385000E-016 ) ) ;
#688 = FILL_AREA_STYLE_COLOUR ( '', #7210 ) ;
#689 = CARTESIAN_POINT ( 'NONE',  ( -0.6249999999999998900, -1.550000000000000000, 0.5635000000000010000 ) ) ;
#690 = PRESENTATION_LAYER_ASSIGNMENT (  '', '', ( #8345 ) ) ;
#691 = SURFACE_SIDE_STYLE ('',( #2538 ) ) ;
#692 = ORIENTED_EDGE ( 'NONE', *, *, #1318, .T. ) ;
#693 = MECHANICAL_DESIGN_GEOMETRIC_PRESENTATION_REPRESENTATION (  '', ( #7904 ), #1120 ) ;
#694 = SURFACE_SIDE_STYLE ('',( #3878 ) ) ;
#695 = EDGE_CURVE ( 'NONE', #6913, #8292, #7501, .T. ) ;
#696 = FILL_AREA_STYLE ('',( #58 ) ) ;
#697 = DIRECTION ( 'NONE',  ( 0.0000000000000000000, 3.414809992080329100E-015, -1.000000000000000000 ) ) ;
#698 = ADVANCED_FACE ( 'NONE', ( #512 ), #8144, .F. ) ;
#699 = PRESENTATION_STYLE_ASSIGNMENT (( #5380 ) ) ;
#700 = COLOUR_RGB ( '',1.000000000000000000, 1.000000000000000000, 1.000000000000000000 ) ;
#701 = DIRECTION ( 'NONE',  ( 0.0000000000000000000, 0.9945951150470497800, -0.1038294617367629000 ) ) ;
#702 = CARTESIAN_POINT ( 'NONE',  ( 1.575000000000000200, 1.500000000000000400, 0.4365000000000020500 ) ) ;
#703 = AXIS2_PLACEMENT_3D ( 'NONE', #226, #4815, #901 ) ;
#704 = STYLED_ITEM ( 'NONE', ( #7202 ), #2520 ) ;
#705 = CARTESIAN_POINT ( 'NONE',  ( 0.07500000000000019200, 1.676313579610975200, 0.4496863416405709200 ) ) ;
#706 = DIRECTION ( 'NONE',  ( 0.0000000000000000000, 1.000000000000000000, -2.710505431213759600E-016 ) ) ;
#707 = FILL_AREA_STYLE_COLOUR ( '', #1514 ) ;
#708 = EDGE_CURVE ( 'NONE', #8201, #74, #6677, .T. ) ;
#709 = ADVANCED_FACE ( 'NONE', ( #3143 ), #8223, .T. ) ;
#710 =( NAMED_UNIT ( * ) SI_UNIT ( $, .STERADIAN. ) SOLID_ANGLE_UNIT ( ) );
#711 = SURFACE_SIDE_STYLE ('',( #6607 ) ) ;
#712 = CARTESIAN_POINT ( 'NONE',  ( 1.075000000000000200, -1.583686420389025100, 0.1138136583594313900 ) ) ;
#713 = CARTESIAN_POINT ( 'NONE',  ( 2.125000000000000000, 1.500000000000000000, 0.4365000000000000000 ) ) ;
#714 = CARTESIAN_POINT ( 'NONE',  ( 1.075000000000000200, -2.000000000000000000, 2.439454888092385000E-016 ) ) ;
#715 = EDGE_CURVE ( 'NONE', #4077, #7384, #4917, .T. ) ;
#716 = DIRECTION ( 'NONE',  ( -1.000000000000000000, -0.0000000000000000000, -0.0000000000000000000 ) ) ;
#717 = STYLED_ITEM ( 'NONE', ( #4721 ), #3375 ) ;
#718 = LINE ( 'NONE', #5510, #2431 ) ;
#719 =( GEOMETRIC_REPRESENTATION_CONTEXT ( 3 ) GLOBAL_UNCERTAINTY_ASSIGNED_CONTEXT ( ( #740 ) ) GLOBAL_UNIT_ASSIGNED_CONTEXT ( ( #3227, #7853, #3894 ) ) REPRESENTATION_CONTEXT ( 'NONE', 'WORKASPACE' ) );
#720 = ORIENTED_EDGE ( 'NONE', *, *, #302, .T. ) ;
#721 = LINE ( 'NONE', #6812, #2211 ) ;
#722 = DIRECTION ( 'NONE',  ( -0.0000000000000000000, -1.000000000000000000, -0.0000000000000000000 ) ) ;
#723 = COLOUR_RGB ( '',1.000000000000000000, 1.000000000000000000, 1.000000000000000000 ) ;
#724 = CARTESIAN_POINT ( 'NONE',  ( 1.375000000000000200, -2.000000000000000000, 2.439454888092385000E-016 ) ) ;
#725 = PLANE ( 'NONE',  #1291 ) ;
#726 = PRESENTATION_STYLE_ASSIGNMENT (( #7134 ) ) ;
#727 = ORIENTED_EDGE ( 'NONE', *, *, #2108, .T. ) ;
#728 = DIRECTION ( 'NONE',  ( 0.0000000000000000000, 0.0000000000000000000, 1.000000000000000000 ) ) ;
#729 = EDGE_CURVE ( 'NONE', #3925, #3845, #8442, .T. ) ;
#730 = FACE_OUTER_BOUND ( 'NONE', #5117, .T. ) ;
#731 = PRESENTATION_LAYER_ASSIGNMENT (  '', '', ( #8388 ) ) ;
#732 =( NAMED_UNIT ( * ) PLANE_ANGLE_UNIT ( ) SI_UNIT ( $, .RADIAN. ) );
#733 = DIRECTION ( 'NONE',  ( 0.0000000000000000000, -1.000000000000000000, 3.686287386450737200E-014 ) ) ;
#734 = DIRECTION ( 'NONE',  ( -0.0000000000000000000, 1.000000000000000000, -0.0000000000000000000 ) ) ;
#735 =( NAMED_UNIT ( * ) PLANE_ANGLE_UNIT ( ) SI_UNIT ( $, .RADIAN. ) );
#736 = LINE ( 'NONE', #1964, #524 ) ;
#737 = DIRECTION ( 'NONE',  ( 0.0000000000000000000, -1.000000000000000000, 1.168321306557656000E-016 ) ) ;
#738 = LINE ( 'NONE', #3768, #529 ) ;
#739 = PLANE ( 'NONE',  #5540 ) ;
#740 = UNCERTAINTY_MEASURE_WITH_UNIT (LENGTH_MEASURE( 1.000000000000000100E-005 ), #3227, 'distance_accuracy_value', 'NONE');
#741 = PRESENTATION_STYLE_ASSIGNMENT (( #4258 ) ) ;
#742 =( NAMED_UNIT ( * ) PLANE_ANGLE_UNIT ( ) SI_UNIT ( $, .RADIAN. ) );
#743 = CARTESIAN_POINT ( 'NONE',  ( -1.800000000000000000, 1.500000000000000200, 0.6999999999999999600 ) ) ;
#744 = DIRECTION ( 'NONE',  ( -0.0000000000000000000, 0.0000000000000000000, -1.000000000000000000 ) ) ;
#745 = STYLED_ITEM ( 'NONE', ( #8019 ), #5502 ) ;
#746 = ADVANCED_FACE ( 'NONE', ( #1220 ), #858, .F. ) ;
#747 = DIRECTION ( 'NONE',  ( -1.000000000000000000, -0.0000000000000000000, -0.0000000000000000000 ) ) ;
#748 = DIRECTION ( 'NONE',  ( 1.000000000000000000, 0.0000000000000000000, 0.0000000000000000000 ) ) ;
#749 = PRESENTATION_LAYER_ASSIGNMENT (  '', '', ( #286 ) ) ;
#750 = LINE ( 'NONE', #4074, #2236 ) ;
#751 = CARTESIAN_POINT ( 'NONE',  ( 1.075000000000000200, -1.710000000000000200, 0.1270000000000002500 ) ) ;
#752 = UNCERTAINTY_MEASURE_WITH_UNIT (LENGTH_MEASURE( 1.000000000000000100E-005 ), #3141, 'distance_accuracy_value', 'NONE');
#753 = EDGE_CURVE ( 'NONE', #4787, #2986, #2327, .T. ) ;
#754 = CIRCLE ( 'NONE', #874, 0.1999999999999999800 ) ;
#755 = DIRECTION ( 'NONE',  ( -0.0000000000000000000, 1.000000000000000000, -0.0000000000000000000 ) ) ;
#756 = ORIENTED_EDGE ( 'NONE', *, *, #8364, .F. ) ;
#757 = ORIENTED_EDGE ( 'NONE', *, *, #5252, .T. ) ;
#758 = PRESENTATION_STYLE_ASSIGNMENT (( #6780 ) ) ;
#759 = DIRECTION ( 'NONE',  ( 0.0000000000000000000, -1.000000000000000000, 0.0000000000000000000 ) ) ;
#760 = LINE ( 'NONE', #8457, #5371 ) ;
#761 = DIRECTION ( 'NONE',  ( 0.0000000000000000000, 0.1038294617367629000, 0.9945951150470496700 ) ) ;
#762 = AXIS2_PLACEMENT_3D ( 'NONE', #6337, #3689, #8327 ) ;
#763 = LINE ( 'NONE', #1188, #4233 ) ;
#764 = ORIENTED_EDGE ( 'NONE', *, *, #2548, .F. ) ;
#765 = FILL_AREA_STYLE_COLOUR ( '', #5083 ) ;
#766 = EDGE_CURVE ( 'NONE', #3865, #6938, #5850, .T. ) ;
#767 = ORIENTED_EDGE ( 'NONE', *, *, #1190, .T. ) ;
#768 = DIRECTION ( 'NONE',  ( 1.000000000000000000, 0.0000000000000000000, 0.0000000000000000000 ) ) ;
#769 = VECTOR ( 'NONE', #8214, 1000.000000000000000 ) ;
#770 = CARTESIAN_POINT ( 'NONE',  ( 2.000000000000000000, 1.500000000000000000, 0.5635000000000000000 ) ) ;
#771 = EDGE_LOOP ( 'NONE', ( #2079, #2059, #2064, #7359 ) ) ;
#772 = CARTESIAN_POINT ( 'NONE',  ( -0.9249999999999998200, 1.500000000000000400, 0.4365000000000020500 ) ) ;
#773 = EDGE_LOOP ( 'NONE', ( #6659, #4104, #4235, #5755 ) ) ;
#774 = VERTEX_POINT ( 'NONE', #6962 ) ;
#775 = VECTOR ( 'NONE', #3706, 1000.000000000000000 ) ;
#776 =( LENGTH_UNIT ( ) NAMED_UNIT ( * ) SI_UNIT ( .MILLI., .METRE. ) );
#777 =( NAMED_UNIT ( * ) PLANE_ANGLE_UNIT ( ) SI_UNIT ( $, .RADIAN. ) );
#778 = VECTOR ( 'NONE', #7247, 1000.000000000000000 ) ;
#779 = EDGE_LOOP ( 'NONE', ( #6405, #5193, #4565, #849 ) ) ;
#780 = DIRECTION ( 'NONE',  ( 0.0000000000000000000, 0.0000000000000000000, 1.000000000000000000 ) ) ;
#781 = VERTEX_POINT ( 'NONE', #2337 ) ;
#782 = CARTESIAN_POINT ( 'NONE',  ( 1.575000000000000200, -1.550000000000000000, 0.5635000000000010000 ) ) ;
#783 = PLANE ( 'NONE',  #7539 ) ;
#784 = EDGE_CURVE ( 'NONE', #2405, #5222, #2112, .T. ) ;
#785 = PRESENTATION_LAYER_ASSIGNMENT (  '', '', ( #329 ) ) ;
#786 = SURFACE_STYLE_FILL_AREA ( #618 ) ;
#787 = CIRCLE ( 'NONE', #5812, 0.1270000000000008600 ) ;
#788 = SURFACE_STYLE_USAGE ( .BOTH. , #4699 ) ;
#789 = ORIENTED_EDGE ( 'NONE', *, *, #8217, .F. ) ;
#790 = ORIENTED_EDGE ( 'NONE', *, *, #149, .T. ) ;
#791 = ORIENTED_EDGE ( 'NONE', *, *, #4706, .F. ) ;
#792 = CARTESIAN_POINT ( 'NONE',  ( -0.9249999999999998200, 1.550000000000000300, 0.4365000000000002200 ) ) ;
#793 = ADVANCED_FACE ( 'NONE', ( #7170 ), #5439, .T. ) ;
#794 = FACE_OUTER_BOUND ( 'NONE', #4996, .T. ) ;
#795 = DIRECTION ( 'NONE',  ( 0.0000000000000000000, -1.000000000000000000, -2.168404344971013200E-015 ) ) ;
#796 = CYLINDRICAL_SURFACE ( 'NONE', #1006, 0.1269999999999999500 ) ;
#797 = STYLED_ITEM ( 'NONE', ( #560 ), #5194 ) ;
#798 = EDGE_LOOP ( 'NONE', ( #7122, #4860, #409, #3526 ) ) ;
#799 = VECTOR ( 'NONE', #996, 1000.000000000000000 ) ;
#800 = SURFACE_SIDE_STYLE ('',( #5942 ) ) ;
#801 = UNCERTAINTY_MEASURE_WITH_UNIT (LENGTH_MEASURE( 1.000000000000000100E-005 ), #137, 'distance_accuracy_value', 'NONE');
#802 = PLANE ( 'NONE',  #1885 ) ;
#803 =( NAMED_UNIT ( * ) SI_UNIT ( $, .STERADIAN. ) SOLID_ANGLE_UNIT ( ) );
#804 = VECTOR ( 'NONE', #4798, 1000.000000000000100 ) ;
#805 = CARTESIAN_POINT ( 'NONE',  ( 1.575000000000000200, -1.500000000000000400, 0.4365000000000020500 ) ) ;
#806 = ORIENTED_EDGE ( 'NONE', *, *, #3352, .F. ) ;
#807 = ORIENTED_EDGE ( 'NONE', *, *, #1296, .T. ) ;
#808 = FILL_AREA_STYLE ('',( #5269 ) ) ;
#809 = EDGE_LOOP ( 'NONE', ( #5255, #3131, #3906, #8265 ) ) ;
#810 = VECTOR ( 'NONE', #6063, 1000.000000000000000 ) ;
#811 = FILL_AREA_STYLE_COLOUR ( '', #2791 ) ;
#812 = MECHANICAL_DESIGN_GEOMETRIC_PRESENTATION_REPRESENTATION (  '', ( #7115 ), #1233 ) ;
#813 = PRESENTATION_STYLE_ASSIGNMENT (( #7827 ) ) ;
#814 = SURFACE_STYLE_USAGE ( .BOTH. , #4725 ) ;
#815 = PRESENTATION_LAYER_ASSIGNMENT (  '', '', ( #8469 ) ) ;
#816 = EDGE_LOOP ( 'NONE', ( #2893, #5852, #7456, #587 ) ) ;
#817 =( NAMED_UNIT ( * ) SI_UNIT ( $, .STERADIAN. ) SOLID_ANGLE_UNIT ( ) );
#818 = CYLINDRICAL_SURFACE ( 'NONE', #4977, 0.1270000000000008600 ) ;
#819 = EDGE_CURVE ( 'NONE', #7479, #1275, #5636, .T. ) ;
#820 = EDGE_LOOP ( 'NONE', ( #4271, #7441, #3718, #6931 ) ) ;
#821 = FILL_AREA_STYLE_COLOUR ( '', #2920 ) ;
#822 = FILL_AREA_STYLE_COLOUR ( '', #4105 ) ;
#823 = SURFACE_SIDE_STYLE ('',( #2692 ) ) ;
#824 = AXIS2_PLACEMENT_3D ( 'NONE', #7811, #3837, #8483 ) ;
#825 = ORIENTED_EDGE ( 'NONE', *, *, #5521, .T. ) ;
#826 = VERTEX_POINT ( 'NONE', #1754 ) ;
#827 = AXIS2_PLACEMENT_3D ( 'NONE', #7320, #1591, #7973 ) ;
#828 = UNCERTAINTY_MEASURE_WITH_UNIT (LENGTH_MEASURE( 1.000000000000000100E-005 ), #2969, 'distance_accuracy_value', 'NONE');
#829 = FACE_OUTER_BOUND ( 'NONE', #6663, .T. ) ;
#830 = CARTESIAN_POINT ( 'NONE',  ( 0.5750000000000001800, 1.550000000000000300, 0.4365000000000002200 ) ) ;
#831 = FILL_AREA_STYLE_COLOUR ( '', #4896 ) ;
#832 = EDGE_CURVE ( 'NONE', #3004, #4077, #611, .T. ) ;
#833 = DIRECTION ( 'NONE',  ( -0.0000000000000000000, -0.0000000000000000000, 1.000000000000000000 ) ) ;
#834 = PRESENTATION_STYLE_ASSIGNMENT (( #5276 ) ) ;
#835 = CARTESIAN_POINT ( 'NONE',  ( 1.800000000000000000, 1.500000000000000000, 0.4365000000000000000 ) ) ;
#836 = ADVANCED_FACE ( 'NONE', ( #3658 ), #1091, .T. ) ;
#837 = SURFACE_STYLE_USAGE ( .BOTH. , #4745 ) ;
#838 = LINE ( 'NONE', #4791, #7613 ) ;
#839 =( LENGTH_UNIT ( ) NAMED_UNIT ( * ) SI_UNIT ( .MILLI., .METRE. ) );
#840 = EDGE_CURVE ( 'NONE', #7790, #4336, #8114, .T. ) ;
#841 =( LENGTH_UNIT ( ) NAMED_UNIT ( * ) SI_UNIT ( .MILLI., .METRE. ) );
#842 = MECHANICAL_DESIGN_GEOMETRIC_PRESENTATION_REPRESENTATION (  '', ( #8491 ), #1261 ) ;
#843 = PRESENTATION_LAYER_ASSIGNMENT (  '', '', ( #8493 ) ) ;
#844 = CARTESIAN_POINT ( 'NONE',  ( 0.5750000000000001800, 2.000000000000000000, 2.439454888092385000E-016 ) ) ;
#845 = VECTOR ( 'NONE', #5010, 1000.000000000000000 ) ;
#846 = CARTESIAN_POINT ( 'NONE',  ( 0.3750000000000001100, 1.710000000000000200, 0.1270000000000002200 ) ) ;
#847 = VECTOR ( 'NONE', #3371, 1000.000000000000200 ) ;
#848 = PLANE ( 'NONE',  #8349 ) ;
#849 = ORIENTED_EDGE ( 'NONE', *, *, #3350, .T. ) ;
#850 = MECHANICAL_DESIGN_GEOMETRIC_PRESENTATION_REPRESENTATION (  '', ( #8506 ), #1272 ) ;
#851 = DIRECTION ( 'NONE',  ( 1.000000000000000000, 0.0000000000000000000, -0.0000000000000000000 ) ) ;
#852 = UNCERTAINTY_MEASURE_WITH_UNIT (LENGTH_MEASURE( 1.000000000000000100E-005 ), #1706, 'distance_accuracy_value', 'NONE');
#853 = CARTESIAN_POINT ( 'NONE',  ( 1.075000000000000200, -1.550000000000000300, 0.4365000000000001100 ) ) ;
#854 = DIRECTION ( 'NONE',  ( 0.0000000000000000000, -1.000000000000000000, -2.168404344971013200E-015 ) ) ;
#855 = ORIENTED_EDGE ( 'NONE', *, *, #1529, .T. ) ;
#856 =( LENGTH_UNIT ( ) NAMED_UNIT ( * ) SI_UNIT ( .MILLI., .METRE. ) );
#857 = ORIENTED_EDGE ( 'NONE', *, *, #4201, .F. ) ;
#858 = PLANE ( 'NONE',  #6026 ) ;
#859 = PLANE ( 'NONE',  #539 ) ;
#860 =( GEOMETRIC_REPRESENTATION_CONTEXT ( 3 ) GLOBAL_UNCERTAINTY_ASSIGNED_CONTEXT ( ( #7642 ) ) GLOBAL_UNIT_ASSIGNED_CONTEXT ( ( #5915, #1935, #6563 ) ) REPRESENTATION_CONTEXT ( 'NONE', 'WORKASPACE' ) );
#861 = LINE ( 'NONE', #5291, #647 ) ;
#862 = VERTEX_POINT ( 'NONE', #3076 ) ;
#863 = DIRECTION ( 'NONE',  ( -1.000000000000000000, 0.0000000000000000000, -0.0000000000000000000 ) ) ;
#864 = AXIS2_PLACEMENT_3D ( 'NONE', #2616, #7231, #3275 ) ;
#865 = FACE_OUTER_BOUND ( 'NONE', #7421, .T. ) ;
#866 = SURFACE_STYLE_FILL_AREA ( #91 ) ;
#867 = EDGE_CURVE ( 'NONE', #4626, #7790, #4600, .T. ) ;
#868 = EDGE_LOOP ( 'NONE', ( #5572, #2483, #7974, #2994 ) ) ;
#869 = VERTEX_POINT ( 'NONE', #5089 ) ;
#870 = VERTEX_POINT ( 'NONE', #7707 ) ;
#871 = PLANE ( 'NONE',  #3306 ) ;
#872 = STYLED_ITEM ( 'NONE', ( #4345 ), #7234 ) ;
#873 = CARTESIAN_POINT ( 'NONE',  ( -0.6249999999999998900, 1.500000000000000000, 0.5635000000000020000 ) ) ;
#874 = AXIS2_PLACEMENT_3D ( 'NONE', #6876, #169, #3232 ) ;
#875 = ADVANCED_FACE ( 'NONE', ( #7908 ), #7268, .T. ) ;
#876 = DIRECTION ( 'NONE',  ( -1.000000000000000000, -0.0000000000000000000, -0.0000000000000000000 ) ) ;
#877 = EDGE_CURVE ( 'NONE', #6122, #3421, #2199, .T. ) ;
#878 = VERTEX_POINT ( 'NONE', #6428 ) ;
#879 = DIRECTION ( 'NONE',  ( -0.0000000000000000000, 1.000000000000000000, -0.0000000000000000000 ) ) ;
#880 = COLOUR_RGB ( '',1.000000000000000000, 1.000000000000000000, 1.000000000000000000 ) ;
#881 = SURFACE_SIDE_STYLE ('',( #7344 ) ) ;
#882 = PLANE ( 'NONE',  #4950 ) ;
#883 = CARTESIAN_POINT ( 'NONE',  ( -1.800000000000000000, 1.500000000000000200, 0.7000000000000000700 ) ) ;
#884 = FACE_OUTER_BOUND ( 'NONE', #4761, .T. ) ;
#885 = CYLINDRICAL_SURFACE ( 'NONE', #2965, 0.1270000000000008600 ) ;
#886 = AXIS2_PLACEMENT_3D ( 'NONE', #7287, #851, #3389 ) ;
#887 = SURFACE_SIDE_STYLE ('',( #8516 ) ) ;
#888 = PRESENTATION_LAYER_ASSIGNMENT (  '', '', ( #8545 ) ) ;
#889 = ORIENTED_EDGE ( 'NONE', *, *, #4440, .T. ) ;
#890 = VECTOR ( 'NONE', #2680, 1000.000000000000000 ) ;
#891 = SURFACE_SIDE_STYLE ('',( #1244 ) ) ;
#892 = CARTESIAN_POINT ( 'NONE',  ( 2.000000000000000000, 1.500000000000000000, 0.3000000000000000400 ) ) ;
#893 = SURFACE_STYLE_FILL_AREA ( #6400 ) ;
#894 = ORIENTED_EDGE ( 'NONE', *, *, #6820, .F. ) ;
#895 = VECTOR ( 'NONE', #5760, 1000.000000000000000 ) ;
#896 = ORIENTED_EDGE ( 'NONE', *, *, #8525, .F. ) ;
#897 = EDGE_CURVE ( 'NONE', #2366, #8494, #505, .T. ) ;
#898 = PLANE ( 'NONE',  #3551 ) ;
#899 =( NAMED_UNIT ( * ) SI_UNIT ( $, .STERADIAN. ) SOLID_ANGLE_UNIT ( ) );
#900 = STYLED_ITEM ( 'NONE', ( #6151 ), #4209 ) ;
#901 = DIRECTION ( 'NONE',  ( 0.0000000000000000000, 1.000000000000000000, -2.168404344971013200E-015 ) ) ;
#902 = SURFACE_STYLE_FILL_AREA ( #943 ) ;
#903 = DIRECTION ( 'NONE',  ( -0.0000000000000000000, 0.9945951150470497800, 0.1038294617367628200 ) ) ;
#904 = VECTOR ( 'NONE', #2902, 1000.000000000000200 ) ;
#905 = VERTEX_POINT ( 'NONE', #3789 ) ;
#906 = CIRCLE ( 'NONE', #4193, 0.2000000000000000900 ) ;
#907 = CARTESIAN_POINT ( 'NONE',  ( -2.000000000000000000, 4.065758146820642400E-018, 0.3000000000000000400 ) ) ;
#908 = CARTESIAN_POINT ( 'NONE',  ( 0.07500000000000019200, -1.500000000000000000, 0.5635000000000020000 ) ) ;
#909 = COLOUR_RGB ( '',1.000000000000000000, 1.000000000000000000, 1.000000000000000000 ) ;
#910 = DIRECTION ( 'NONE',  ( -0.0000000000000000000, -0.1038294617367629000, 0.9945951150470496700 ) ) ;
#911 = PRESENTATION_LAYER_ASSIGNMENT (  '', '', ( #16 ) ) ;
#912 = LINE ( 'NONE', #4680, #4392 ) ;
#913 = DIRECTION ( 'NONE',  ( -1.000000000000000000, -0.0000000000000000000, -0.0000000000000000000 ) ) ;
#914 = CARTESIAN_POINT ( 'NONE',  ( 1.800000000000000000, 1.300000000000000300, 0.7000000000000000700 ) ) ;
#915 = PRESENTATION_LAYER_ASSIGNMENT (  '', '', ( #21 ) ) ;
#916 = ORIENTED_EDGE ( 'NONE', *, *, #3856, .T. ) ;
#917 = COLOUR_RGB ( '',1.000000000000000000, 1.000000000000000000, 1.000000000000000000 ) ;
#918 = VERTEX_POINT ( 'NONE', #8444 ) ;
#919 = VERTEX_POINT ( 'NONE', #559 ) ;
#920 = ADVANCED_FACE ( 'NONE', ( #281 ), #5326, .T. ) ;
#921 = FILL_AREA_STYLE ('',( #4831 ) ) ;
#922 = DIRECTION ( 'NONE',  ( 0.0000000000000000000, -0.1038294617367628000, -0.9945951150470496700 ) ) ;
#923 = SURFACE_SIDE_STYLE ('',( #39 ) ) ;
#924 = VERTEX_POINT ( 'NONE', #1847 ) ;
#925 = MECHANICAL_DESIGN_GEOMETRIC_PRESENTATION_REPRESENTATION (  '', ( #8128 ), #1341 ) ;
#926 = AXIS2_PLACEMENT_3D ( 'NONE', #7494, #3522, #8153 ) ;
#927 = SURFACE_STYLE_FILL_AREA ( #2221 ) ;
#928 = EDGE_CURVE ( 'NONE', #8163, #7899, #7071, .T. ) ;
#929 =( NAMED_UNIT ( * ) SI_UNIT ( $, .STERADIAN. ) SOLID_ANGLE_UNIT ( ) );
#930 = COLOUR_RGB ( '',1.000000000000000000, 1.000000000000000000, 1.000000000000000000 ) ;
#931 = ORIENTED_EDGE ( 'NONE', *, *, #945, .T. ) ;
#932 = DIRECTION ( 'NONE',  ( 1.000000000000000000, 0.0000000000000000000, 0.0000000000000000000 ) ) ;
#933 = VECTOR ( 'NONE', #2003, 1000.000000000000000 ) ;
#934 = SURFACE_STYLE_USAGE ( .BOTH. , #4845 ) ;
#935 =( GEOMETRIC_REPRESENTATION_CONTEXT ( 3 ) GLOBAL_UNCERTAINTY_ASSIGNED_CONTEXT ( ( #7909 ) ) GLOBAL_UNIT_ASSIGNED_CONTEXT ( ( #1501, #1670, #6093 ) ) REPRESENTATION_CONTEXT ( 'NONE', 'WORKASPACE' ) );
#936 = LINE ( 'NONE', #4477, #4202 ) ;
#937 = ORIENTED_EDGE ( 'NONE', *, *, #289, .F. ) ;
#938 = CARTESIAN_POINT ( 'NONE',  ( 1.375000000000000200, 2.000000000000000000, 0.1270000000000002500 ) ) ;
#939 = LINE ( 'NONE', #7936, #2649 ) ;
#940 = PLANE ( 'NONE',  #8048 ) ;
#941 = DIRECTION ( 'NONE',  ( -0.0000000000000000000, -1.000000000000000000, -0.0000000000000000000 ) ) ;
#942 = FACE_OUTER_BOUND ( 'NONE', #1859, .T. ) ;
#943 = FILL_AREA_STYLE ('',( #6815 ) ) ;
#944 =( NAMED_UNIT ( * ) SI_UNIT ( $, .STERADIAN. ) SOLID_ANGLE_UNIT ( ) );
#945 = EDGE_CURVE ( 'NONE', #3791, #6978, #2006, .T. ) ;
#946 = PLANE ( 'NONE',  #2189 ) ;
#947 = SURFACE_STYLE_FILL_AREA ( #1028 ) ;
#948 = AXIS2_PLACEMENT_3D ( 'NONE', #5474, #1543, #6154 ) ;
#949 = VERTEX_POINT ( 'NONE', #8468 ) ;
#950 = COLOUR_RGB ( '',1.000000000000000000, 1.000000000000000000, 1.000000000000000000 ) ;
#951 = CARTESIAN_POINT ( 'NONE',  ( 0.07500000000000019200, -1.676313579610975200, 0.4496863416405709200 ) ) ;
#952 = ADVANCED_FACE ( 'NONE', ( #6865 ), #5168, .F. ) ;
#953 = LINE ( 'NONE', #7332, #2461 ) ;
#954 = STYLED_ITEM ( 'NONE', ( #2790 ), #5091 ) ;
#955 = VERTEX_POINT ( 'NONE', #3188 ) ;
#956 = DIRECTION ( 'NONE',  ( 0.0000000000000000000, -3.414809992080329100E-015, -1.000000000000000000 ) ) ;
#957 = VERTEX_POINT ( 'NONE', #614 ) ;
#958 = SURFACE_STYLE_FILL_AREA ( #6126 ) ;
#959 = PRESENTATION_STYLE_ASSIGNMENT (( #7881 ) ) ;
#960 = CARTESIAN_POINT ( 'NONE',  ( -1.625000000000000000, -1.500000000000000000, 0.5635000000000020000 ) ) ;
#961 = VERTEX_POINT ( 'NONE', #5196 ) ;
#962 = CARTESIAN_POINT ( 'NONE',  ( 2.125000000000000000, 1.500000000000000000, 0.4365000000000000000 ) ) ;
#963 = AXIS2_PLACEMENT_3D ( 'NONE', #7489, #3520, #8149 ) ;
#964 = PLANE ( 'NONE',  #2695 ) ;
#965 = DIRECTION ( 'NONE',  ( 0.0000000000000000000, 0.0000000000000000000, 1.000000000000000000 ) ) ;
#966 = AXIS2_PLACEMENT_3D ( 'NONE', #2329, #6953, #2978 ) ;
#967 = FILL_AREA_STYLE_COLOUR ( '', #8026 ) ;
#968 = CIRCLE ( 'NONE', #478, 0.1269999999999999500 ) ;
#969 = ORIENTED_EDGE ( 'NONE', *, *, #2193, .F. ) ;
#970 = DIRECTION ( 'NONE',  ( 0.0000000000000000000, -0.0000000000000000000, 1.000000000000000000 ) ) ;
#971 = EDGE_CURVE ( 'NONE', #5415, #8012, #4504, .T. ) ;
#972 = LINE ( 'NONE', #1776, #7329 ) ;
#973 = UNCERTAINTY_MEASURE_WITH_UNIT (LENGTH_MEASURE( 1.000000000000000100E-005 ), #2038, 'distance_accuracy_value', 'NONE');
#974 = FILL_AREA_STYLE_COLOUR ( '', #2632 ) ;
#975 = PRESENTATION_STYLE_ASSIGNMENT (( #5406 ) ) ;
#976 = LINE ( 'NONE', #3992, #353 ) ;
#977 = VERTEX_POINT ( 'NONE', #4512 ) ;
#978 = MECHANICAL_DESIGN_GEOMETRIC_PRESENTATION_REPRESENTATION (  '', ( #8189 ), #1405 ) ;
#979 = SURFACE_SIDE_STYLE ('',( #2350 ) ) ;
#980 = DIRECTION ( 'NONE',  ( 0.0000000000000000000, 0.0000000000000000000, 1.000000000000000000 ) ) ;
#981 = PRESENTATION_LAYER_ASSIGNMENT (  '', '', ( #92 ) ) ;
#982 = ORIENTED_EDGE ( 'NONE', *, *, #3201, .T. ) ;
#983 = DIRECTION ( 'NONE',  ( -1.000000000000000000, 0.0000000000000000000, -0.0000000000000000000 ) ) ;
#984 = EDGE_CURVE ( 'NONE', #2414, #7918, #2727, .T. ) ;
#985 = LINE ( 'NONE', #7798, #1182 ) ;
#986 = PLANE ( 'NONE',  #827 ) ;
#987 = SURFACE_STYLE_FILL_AREA ( #7180 ) ;
#988 =( NAMED_UNIT ( * ) SI_UNIT ( $, .STERADIAN. ) SOLID_ANGLE_UNIT ( ) );
#989 = CARTESIAN_POINT ( 'NONE',  ( -1.125000000000000000, -2.000000000000000000, 2.439454888092385000E-016 ) ) ;
#990 = EDGE_CURVE ( 'NONE', #5616, #1962, #1815, .T. ) ;
#991 = PRESENTATION_LAYER_ASSIGNMENT (  '', '', ( #106 ) ) ;
#992 =( GEOMETRIC_REPRESENTATION_CONTEXT ( 3 ) GLOBAL_UNCERTAINTY_ASSIGNED_CONTEXT ( ( #6831 ) ) GLOBAL_UNIT_ASSIGNED_CONTEXT ( ( #856, #5441, #1499 ) ) REPRESENTATION_CONTEXT ( 'NONE', 'WORKASPACE' ) );
#993 = ORIENTED_EDGE ( 'NONE', *, *, #6268, .T. ) ;
#994 = CARTESIAN_POINT ( 'NONE',  ( -0.9249999999999998200, 1.710000000000000200, 0.1270000000000002500 ) ) ;
#995 = ADVANCED_FACE ( 'NONE', ( #7797 ), #2551, .F. ) ;
#996 = DIRECTION ( 'NONE',  ( -1.000000000000000000, 0.0000000000000000000, -0.0000000000000000000 ) ) ;
#997 = ORIENTED_EDGE ( 'NONE', *, *, #4039, .T. ) ;
#998 =( NAMED_UNIT ( * ) SI_UNIT ( $, .STERADIAN. ) SOLID_ANGLE_UNIT ( ) );
#999 = LINE ( 'NONE', #7549, #7987 ) ;
#1000 = UNCERTAINTY_MEASURE_WITH_UNIT (LENGTH_MEASURE( 1.000000000000000100E-005 ), #4687, 'distance_accuracy_value', 'NONE');
#1001 = CARTESIAN_POINT ( 'NONE',  ( 1.375000000000000200, 1.500000000000000400, 0.4365000000000020500 ) ) ;
#1002 = FILL_AREA_STYLE_COLOUR ( '', #8098 ) ;
#1003 = EDGE_CURVE ( 'NONE', #5222, #2155, #7159, .T. ) ;
#1004 = VERTEX_POINT ( 'NONE', #640 ) ;
#1005 = ORIENTED_EDGE ( 'NONE', *, *, #8250, .F. ) ;
#1006 = AXIS2_PLACEMENT_3D ( 'NONE', #1648, #2938, #5606 ) ;
#1007 = DIRECTION ( 'NONE',  ( -1.000000000000000000, 0.0000000000000000000, 0.0000000000000000000 ) ) ;
#1008 = EDGE_LOOP ( 'NONE', ( #1165, #7028, #4957, #5711, #5645, #1139, #7831, #3222, #4343, #2537 ) ) ;
#1009 = SURFACE_STYLE_USAGE ( .BOTH. , #4933 ) ;
#1010 = DIRECTION ( 'NONE',  ( 0.0000000000000000000, 0.0000000000000000000, -1.000000000000000000 ) ) ;
#1011 = CARTESIAN_POINT ( 'NONE',  ( -1.125000000000000000, 2.000000000000000000, 2.439454888092385000E-016 ) ) ;
#1012 = CYLINDRICAL_SURFACE ( 'NONE', #5015, 0.1270000000000008600 ) ;
#1013 = VERTEX_POINT ( 'NONE', #1316 ) ;
#1014 = VECTOR ( 'NONE', #7843, 1000.000000000000000 ) ;
#1015 = VERTEX_POINT ( 'NONE', #7913 ) ;
#1016 = PLANE ( 'NONE',  #1626 ) ;
#1017 = AXIS2_PLACEMENT_3D ( 'NONE', #1765, #6369, #2408 ) ;
#1018 = DIRECTION ( 'NONE',  ( 1.000000000000000000, 0.0000000000000000000, 0.0000000000000000000 ) ) ;
#1019 = DIRECTION ( 'NONE',  ( 0.0000000000000000000, -1.355252715606880500E-017, -1.000000000000000000 ) ) ;
#1020 = STYLED_ITEM ( 'NONE', ( #6163 ), #875 ) ;
#1021 = ORIENTED_EDGE ( 'NONE', *, *, #4871, .T. ) ;
#1022 = VECTOR ( 'NONE', #2222, 1000.000000000000000 ) ;
#1023 = ORIENTED_EDGE ( 'NONE', *, *, #1757, .T. ) ;
#1024 = EDGE_CURVE ( 'NONE', #1525, #5440, #5430, .T. ) ;
#1025 = FILL_AREA_STYLE_COLOUR ( '', #2349 ) ;
#1026 =( LENGTH_UNIT ( ) NAMED_UNIT ( * ) SI_UNIT ( .MILLI., .METRE. ) );
#1027 = DIRECTION ( 'NONE',  ( -1.000000000000000000, -0.0000000000000000000, 0.0000000000000000000 ) ) ;
#1028 = FILL_AREA_STYLE ('',( #8239 ) ) ;
#1029 = CARTESIAN_POINT ( 'NONE',  ( -0.4249999999999998200, 2.000000000000000000, 2.439454888092385000E-016 ) ) ;
#1030 = DIRECTION ( 'NONE',  ( -1.000000000000000000, 0.0000000000000000000, -0.0000000000000000000 ) ) ;
#1031 = CARTESIAN_POINT ( 'NONE',  ( 1.800000000000000000, -1.299999999999999800, 0.3000000000000000400 ) ) ;
#1032 = DIRECTION ( 'NONE',  ( -1.000000000000000000, -0.0000000000000000000, -0.0000000000000000000 ) ) ;
#1033 =( NAMED_UNIT ( * ) PLANE_ANGLE_UNIT ( ) SI_UNIT ( $, .RADIAN. ) );
#1034 = EDGE_CURVE ( 'NONE', #6193, #870, #392, .T. ) ;
#1035 = CARTESIAN_POINT ( 'NONE',  ( -1.424999999999999800, -1.710000000000000200, 0.1270000000000002500 ) ) ;
#1036 = CARTESIAN_POINT ( 'NONE',  ( 1.075000000000000200, 1.550000000000000300, 0.4365000000000002200 ) ) ;
#1037 =( LENGTH_UNIT ( ) NAMED_UNIT ( * ) SI_UNIT ( .MILLI., .METRE. ) );
#1038 = SURFACE_STYLE_USAGE ( .BOTH. , #4974 ) ;
#1039 = FACE_OUTER_BOUND ( 'NONE', #3103, .T. ) ;
#1040 =( LENGTH_UNIT ( ) NAMED_UNIT ( * ) SI_UNIT ( .MILLI., .METRE. ) );
#1041 = LINE ( 'NONE', #8463, #5872 ) ;
#1042 = CARTESIAN_POINT ( 'NONE',  ( 1.375000000000000200, -1.500000000000000000, 0.5635000000000020000 ) ) ;
#1043 = EDGE_LOOP ( 'NONE', ( #4459, #7020, #4447, #469 ) ) ;
#1044 = SURFACE_SIDE_STYLE ('',( #2947 ) ) ;
#1045 = SURFACE_SIDE_STYLE ('',( #7573 ) ) ;
#1046 = PLANE ( 'NONE',  #7576 ) ;
#1047 = FACE_OUTER_BOUND ( 'NONE', #4288, .T. ) ;
#1048 = CARTESIAN_POINT ( 'NONE',  ( 0.3750000000000001100, 1.583686420389025100, 0.1138136583594313900 ) ) ;
#1049 = EDGE_CURVE ( 'NONE', #6165, #7043, #3651, .T. ) ;
#1050 = ORIENTED_EDGE ( 'NONE', *, *, #7806, .F. ) ;
#1051 = ORIENTED_EDGE ( 'NONE', *, *, #3106, .F. ) ;
#1052 =( GEOMETRIC_REPRESENTATION_CONTEXT ( 3 ) GLOBAL_UNCERTAINTY_ASSIGNED_CONTEXT ( ( #8063 ) ) GLOBAL_UNIT_ASSIGNED_CONTEXT ( ( #5764, #1811, #6410 ) ) REPRESENTATION_CONTEXT ( 'NONE', 'WORKASPACE' ) );
#1053 = SURFACE_STYLE_FILL_AREA ( #3182 ) ;
#1054 = UNCERTAINTY_MEASURE_WITH_UNIT (LENGTH_MEASURE( 1.000000000000000100E-005 ), #7525, 'distance_accuracy_value', 'NONE');
#1055 = VECTOR ( 'NONE', #7212, 1000.000000000000000 ) ;
#1056 = CARTESIAN_POINT ( 'NONE',  ( 0.5750000000000001800, -1.583686420389025100, 0.1138136583594313900 ) ) ;
#1057 = ORIENTED_EDGE ( 'NONE', *, *, #415, .F. ) ;
#1058 = CARTESIAN_POINT ( 'NONE',  ( 1.575000000000000200, 1.710000000000000200, 2.710505431213761100E-016 ) ) ;
#1059 = DIRECTION ( 'NONE',  ( 0.0000000000000000000, 0.0000000000000000000, 1.000000000000000000 ) ) ;
#1060 = CIRCLE ( 'NONE', #7856, 0.1269999999999999500 ) ;
#1061 = CARTESIAN_POINT ( 'NONE',  ( 1.575000000000000200, 1.550000000000000000, 0.5635000000000010000 ) ) ;
#1062 =( GEOMETRIC_REPRESENTATION_CONTEXT ( 3 ) GLOBAL_UNCERTAINTY_ASSIGNED_CONTEXT ( ( #3490 ) ) GLOBAL_UNIT_ASSIGNED_CONTEXT ( ( #6423, #2473, #7086 ) ) REPRESENTATION_CONTEXT ( 'NONE', 'WORKASPACE' ) );
#1063 = CARTESIAN_POINT ( 'NONE',  ( 0.8750000000000001100, -1.550000000000000300, 0.4365000000000002200 ) ) ;
#1064 = VERTEX_POINT ( 'NONE', #29 ) ;
#1065 = PRESENTATION_LAYER_ASSIGNMENT (  '', '', ( #187 ) ) ;
#1066 = LINE ( 'NONE', #6485, #7224 ) ;
#1067 = DIRECTION ( 'NONE',  ( 0.0000000000000000000, 0.0000000000000000000, -1.000000000000000000 ) ) ;
#1068 = SURFACE_STYLE_FILL_AREA ( #4086 ) ;
#1069 = CARTESIAN_POINT ( 'NONE',  ( 0.8750000000000001100, -1.583686420389025100, 0.1138136583594313900 ) ) ;
#1070 = VECTOR ( 'NONE', #2899, 1000.000000000000000 ) ;
#1071 = UNCERTAINTY_MEASURE_WITH_UNIT (LENGTH_MEASURE( 1.000000000000000100E-005 ), #2743, 'distance_accuracy_value', 'NONE');
#1072 = CARTESIAN_POINT ( 'NONE',  ( 1.075000000000000200, -1.676313579610975200, 0.4496863416405709200 ) ) ;
#1073 = PRESENTATION_LAYER_ASSIGNMENT (  '', '', ( #641 ) ) ;
#1074 = FILL_AREA_STYLE ('',( #5012 ) ) ;
#1075 = PLANE ( 'NONE',  #762 ) ;
#1076 = LINE ( 'NONE', #702, #4564 ) ;
#1077 = EDGE_CURVE ( 'NONE', #6341, #5560, #3445, .T. ) ;
#1078 = LINE ( 'NONE', #64, #7869 ) ;
#1079 = DIRECTION ( 'NONE',  ( 1.000000000000000000, 0.0000000000000000000, 0.0000000000000000000 ) ) ;
#1080 = SURFACE_SIDE_STYLE ('',( #2837 ) ) ;
#1081 = CARTESIAN_POINT ( 'NONE',  ( -0.9249999999999998200, 1.710000000000000200, 0.1270000000000002200 ) ) ;
#1082 = LINE ( 'NONE', #7683, #2599 ) ;
#1083 = CARTESIAN_POINT ( 'NONE',  ( -1.625000000000000000, -2.000000000000000000, 0.1270000000000002500 ) ) ;
#1084 = MECHANICAL_DESIGN_GEOMETRIC_PRESENTATION_REPRESENTATION (  '', ( #212 ), #1526 ) ;
#1085 = PLANE ( 'NONE',  #6498 ) ;
#1086 = EDGE_CURVE ( 'NONE', #4591, #1891, #1901, .T. ) ;
#1087 = LINE ( 'NONE', #4169, #2814 ) ;
#1088 = CARTESIAN_POINT ( 'NONE',  ( 1.800000000000000000, 1.300000000000000300, 0.9000000000000001300 ) ) ;
#1089 = LINE ( 'NONE', #960, #2817 ) ;
#1090 = EDGE_LOOP ( 'NONE', ( #2574, #5690, #138 ) ) ;
#1091 = PLANE ( 'NONE',  #1448 ) ;
#1092 = ORIENTED_EDGE ( 'NONE', *, *, #4594, .T. ) ;
#1093 = EDGE_CURVE ( 'NONE', #7766, #5242, #6973, .T. ) ;
#1094 = UNCERTAINTY_MEASURE_WITH_UNIT (LENGTH_MEASURE( 1.000000000000000100E-005 ), #6248, 'distance_accuracy_value', 'NONE');
#1095 = AXIS2_PLACEMENT_3D ( 'NONE', #7990, #111, #4697 ) ;
#1096 =( NAMED_UNIT ( * ) SI_UNIT ( $, .STERADIAN. ) SOLID_ANGLE_UNIT ( ) );
#1097 = LINE ( 'NONE', #15, #4588 ) ;
#1098 = SURFACE_SIDE_STYLE ('',( #6810 ) ) ;
#1099 = SURFACE_STYLE_USAGE ( .BOTH. , #5038 ) ;
#1100 = DIRECTION ( 'NONE',  ( 0.0000000000000000000, 0.0000000000000000000, -1.000000000000000000 ) ) ;
#1101 = CARTESIAN_POINT ( 'NONE',  ( -0.4249999999999998200, 1.710000000000000200, 2.710505431213761100E-016 ) ) ;
#1102 = ORIENTED_EDGE ( 'NONE', *, *, #4814, .T. ) ;
#1103 = PRESENTATION_STYLE_ASSIGNMENT (( #2757 ) ) ;
#1104 = ORIENTED_EDGE ( 'NONE', *, *, #3428, .F. ) ;
#1105 = MECHANICAL_DESIGN_GEOMETRIC_PRESENTATION_REPRESENTATION (  '', ( #227 ), #1548 ) ;
#1106 = DIRECTION ( 'NONE',  ( 0.0000000000000000000, -0.1038294617367628000, 0.9945951150470496700 ) ) ;
#1107 = AXIS2_PLACEMENT_3D ( 'NONE', #1952, #6581, #2622 ) ;
#1108 = DIRECTION ( 'NONE',  ( -1.000000000000000000, 0.0000000000000000000, 0.0000000000000000000 ) ) ;
#1109 = CARTESIAN_POINT ( 'NONE',  ( 2.125000000000000000, -1.500000000000000000, 0.5635000000000000000 ) ) ;
#1110 = LINE ( 'NONE', #5651, #4811 ) ;
#1111 = COLOUR_RGB ( '',1.000000000000000000, 1.000000000000000000, 1.000000000000000000 ) ;
#1112 = FILL_AREA_STYLE ('',( #5051 ) ) ;
#1113 = DIRECTION ( 'NONE',  ( -1.000000000000000000, -0.0000000000000000000, -0.0000000000000000000 ) ) ;
#1114 = VECTOR ( 'NONE', #1600, 1000.000000000000000 ) ;
#1115 = CARTESIAN_POINT ( 'NONE',  ( 0.07500000000000019200, 1.676313579610975200, 0.4496863416405709200 ) ) ;
#1116 = PRESENTATION_STYLE_ASSIGNMENT (( #2697 ) ) ;
#1117 = CARTESIAN_POINT ( 'NONE',  ( 1.075000000000000200, -2.000000000000000000, 0.1270000000000002500 ) ) ;
#1118 = MECHANICAL_DESIGN_GEOMETRIC_PRESENTATION_REPRESENTATION (  '', ( #8345 ), #1559 ) ;
#1119 =( NAMED_UNIT ( * ) PLANE_ANGLE_UNIT ( ) SI_UNIT ( $, .RADIAN. ) );
#1120 =( GEOMETRIC_REPRESENTATION_CONTEXT ( 3 ) GLOBAL_UNCERTAINTY_ASSIGNED_CONTEXT ( ( #3098 ) ) GLOBAL_UNIT_ASSIGNED_CONTEXT ( ( #3474, #8108, #4157 ) ) REPRESENTATION_CONTEXT ( 'NONE', 'WORKASPACE' ) );
#1121 = LINE ( 'NONE', #5308, #6176 ) ;
#1122 = CARTESIAN_POINT ( 'NONE',  ( 1.075000000000000200, 1.550000000000000000, 0.5635000000000010000 ) ) ;
#1123 = DIRECTION ( 'NONE',  ( -1.000000000000000000, 0.0000000000000000000, 0.0000000000000000000 ) ) ;
#1124 = EDGE_CURVE ( 'NONE', #7508, #5986, #1726, .T. ) ;
#1125 = VECTOR ( 'NONE', #833, 1000.000000000000000 ) ;
#1126 = DIRECTION ( 'NONE',  ( 0.0000000000000000000, 0.0000000000000000000, 1.000000000000000000 ) ) ;
#1127 = CARTESIAN_POINT ( 'NONE',  ( -0.9249999999999998200, 1.676313579610975200, 0.4496863416405709200 ) ) ;
#1128 = DIRECTION ( 'NONE',  ( 0.0000000000000000000, 1.000000000000000000, -1.168321306557656000E-016 ) ) ;
#1129 = PRESENTATION_LAYER_ASSIGNMENT (  '', '', ( #254 ) ) ;
#1130 = AXIS2_PLACEMENT_3D ( 'NONE', #994, #7859, #5103 ) ;
#1131 = VERTEX_POINT ( 'NONE', #7967 ) ;
#1132 = CARTESIAN_POINT ( 'NONE',  ( -0.4249999999999998200, 1.583686420389025100, 0.1138136583594313900 ) ) ;
#1133 = EDGE_CURVE ( 'NONE', #1541, #7160, #8315, .T. ) ;
#1134 = DIRECTION ( 'NONE',  ( 1.000000000000000000, 0.0000000000000000000, 0.0000000000000000000 ) ) ;
#1135 = PRESENTATION_STYLE_ASSIGNMENT (( #4912 ) ) ;
#1136 = SURFACE_STYLE_USAGE ( .BOTH. , #7759 ) ;
#1137 = EDGE_LOOP ( 'NONE', ( #2997, #404, #166, #8077 ) ) ;
#1138 = CARTESIAN_POINT ( 'NONE',  ( -0.1249999999999998900, 1.710000000000000200, 0.1270000000000002500 ) ) ;
#1139 = ORIENTED_EDGE ( 'NONE', *, *, #483, .T. ) ;
#1140 = EDGE_CURVE ( 'NONE', #6015, #3791, #1517, .T. ) ;
#1141 = CARTESIAN_POINT ( 'NONE',  ( -0.1249999999999998900, -1.710000000000000200, 0.1270000000000002500 ) ) ;
#1142 = SURFACE_STYLE_FILL_AREA ( #7984 ) ;
#1143 = AXIS2_PLACEMENT_3D ( 'NONE', #2678, #5310, #1027 ) ;
#1144 = DIRECTION ( 'NONE',  ( -1.000000000000000000, -0.0000000000000000000, -0.0000000000000000000 ) ) ;
#1145 = DIRECTION ( 'NONE',  ( -0.0000000000000000000, -1.000000000000000000, 2.168404344971012800E-015 ) ) ;
#1146 = EDGE_LOOP ( 'NONE', ( #1614, #1456, #315, #1580 ) ) ;
#1147 = ORIENTED_EDGE ( 'NONE', *, *, #7793, .F. ) ;
#1148 = LINE ( 'NONE', #4061, #2667 ) ;
#1149 = VECTOR ( 'NONE', #4337, 1000.000000000000000 ) ;
#1150 = UNCERTAINTY_MEASURE_WITH_UNIT (LENGTH_MEASURE( 1.000000000000000100E-005 ), #223, 'distance_accuracy_value', 'NONE');
#1151 = ORIENTED_EDGE ( 'NONE', *, *, #205, .F. ) ;
#1152 = EDGE_CURVE ( 'NONE', #6978, #7848, #4801, .T. ) ;
#1153 = EDGE_LOOP ( 'NONE', ( #7110, #8167, #245, #2974 ) ) ;
#1154 = DIRECTION ( 'NONE',  ( -0.0000000000000000000, 2.710505431213761100E-016, 1.000000000000000000 ) ) ;
#1155 = CARTESIAN_POINT ( 'NONE',  ( -0.6249999999999998900, -1.500000000000000000, 0.5635000000000020000 ) ) ;
#1156 = MECHANICAL_DESIGN_GEOMETRIC_PRESENTATION_REPRESENTATION (  '', ( #8388 ), #1601 ) ;
#1157 = ORIENTED_EDGE ( 'NONE', *, *, #3994, .F. ) ;
#1158 = FACE_OUTER_BOUND ( 'NONE', #1043, .T. ) ;
#1159 = PRESENTATION_STYLE_ASSIGNMENT (( #2223 ) ) ;
#1160 = SURFACE_STYLE_USAGE ( .BOTH. , #5102 ) ;
#1161 = FILL_AREA_STYLE ('',( #8014 ) ) ;
#1162 = COLOUR_RGB ( '',1.000000000000000000, 1.000000000000000000, 1.000000000000000000 ) ;
#1163 = ADVANCED_FACE ( 'NONE', ( #8530 ), #2829, .T. ) ;
#1164 = DIRECTION ( 'NONE',  ( 0.0000000000000000000, 0.0000000000000000000, 1.000000000000000000 ) ) ;
#1165 = ORIENTED_EDGE ( 'NONE', *, *, #5529, .T. ) ;
#1166 =( NAMED_UNIT ( * ) PLANE_ANGLE_UNIT ( ) SI_UNIT ( $, .RADIAN. ) );
#1167 = CARTESIAN_POINT ( 'NONE',  ( 0.3750000000000001100, 1.676313579610975200, 0.4496863416405709200 ) ) ;
#1168 = DIRECTION ( 'NONE',  ( 0.0000000000000000000, -1.000000000000000000, -2.168404344971013200E-015 ) ) ;
#1169 = DIRECTION ( 'NONE',  ( -1.000000000000000000, -0.0000000000000000000, -0.0000000000000000000 ) ) ;
#1170 = CLOSED_SHELL ( 'NONE', ( #1913, #3850, #3852, #3547, #5388, #656, #2436, #340, #1504, #6597, #5194, #836 ) ) ;
#1171 = LINE ( 'NONE', #3679, #4246 ) ;
#1172 = FILL_AREA_STYLE_COLOUR ( '', #8231 ) ;
#1173 = AXIS2_PLACEMENT_3D ( 'NONE', #7345, #8022, #6729 ) ;
#1174 = FILL_AREA_STYLE ('',( #8405 ) ) ;
#1175 = MECHANICAL_DESIGN_GEOMETRIC_PRESENTATION_REPRESENTATION (  '', ( #286 ), #1616 ) ;
#1176 = SURFACE_SIDE_STYLE ('',( #3271 ) ) ;
#1177 = ORIENTED_EDGE ( 'NONE', *, *, #2108, .F. ) ;
#1178 = EDGE_CURVE ( 'NONE', #1534, #8289, #6352, .T. ) ;
#1179 = VERTEX_POINT ( 'NONE', #792 ) ;
#1180 = DIRECTION ( 'NONE',  ( 0.0000000000000000000, 0.0000000000000000000, 1.000000000000000000 ) ) ;
#1181 = CARTESIAN_POINT ( 'NONE',  ( -0.9249999999999998200, -1.676313579610975200, 0.4496863416405709200 ) ) ;
#1182 = VECTOR ( 'NONE', #3824, 1000.000000000000000 ) ;
#1183 = CARTESIAN_POINT ( 'NONE',  ( 0.5750000000000001800, -1.500000000000000000, 0.5635000000000020000 ) ) ;
#1184 = AXIS2_PLACEMENT_3D ( 'NONE', #410, #5004, #1067 ) ;
#1185 = ORIENTED_EDGE ( 'NONE', *, *, #2137, .F. ) ;
#1186 = PRESENTATION_LAYER_ASSIGNMENT (  '', '', ( #7969 ) ) ;
#1187 = VECTOR ( 'NONE', #5821, 1000.000000000000000 ) ;
#1188 = CARTESIAN_POINT ( 'NONE',  ( 2.125000000000000000, 1.500000000000000000, 0.5635000000000000000 ) ) ;
#1189 = DIRECTION ( 'NONE',  ( -0.0000000000000000000, 0.1038294617367628000, -0.9945951150470496700 ) ) ;
#1190 = EDGE_CURVE ( 'NONE', #6955, #1004, #4592, .T. ) ;
#1191 = ORIENTED_EDGE ( 'NONE', *, *, #4103, .T. ) ;
#1192 = FILL_AREA_STYLE_COLOUR ( '', #1621 ) ;
#1193 =( LENGTH_UNIT ( ) NAMED_UNIT ( * ) SI_UNIT ( .MILLI., .METRE. ) );
#1194 = CIRCLE ( 'NONE', #523, 0.1269999999999999500 ) ;
#1195 =( NAMED_UNIT ( * ) SI_UNIT ( $, .STERADIAN. ) SOLID_ANGLE_UNIT ( ) );
#1196 = ORIENTED_EDGE ( 'NONE', *, *, #840, .T. ) ;
#1197 = DIRECTION ( 'NONE',  ( 0.0000000000000000000, -0.1038294617367628000, -0.9945951150470496700 ) ) ;
#1198 = FILL_AREA_STYLE_COLOUR ( '', #5054 ) ;
#1199 = FILL_AREA_STYLE_COLOUR ( '', #3208 ) ;
#1200 = AXIS2_PLACEMENT_3D ( 'NONE', #5197, #5570, #5833 ) ;
#1201 = FACE_OUTER_BOUND ( 'NONE', #5144, .T. ) ;
#1202 = VERTEX_POINT ( 'NONE', #6040 ) ;
#1203 = STYLED_ITEM ( 'NONE', ( #6384 ), #7845 ) ;
#1204 = ORIENTED_EDGE ( 'NONE', *, *, #3086, .T. ) ;
#1205 = PRESENTATION_STYLE_ASSIGNMENT (( #7440 ) ) ;
#1206 = ORIENTED_EDGE ( 'NONE', *, *, #7924, .F. ) ;
#1207 =( LENGTH_UNIT ( ) NAMED_UNIT ( * ) SI_UNIT ( .MILLI., .METRE. ) );
#1208 = ORIENTED_EDGE ( 'NONE', *, *, #1748, .T. ) ;
#1209 = DIRECTION ( 'NONE',  ( 0.0000000000000000000, 1.000000000000000000, -2.710505431213759600E-016 ) ) ;
#1210 = ADVANCED_FACE ( 'NONE', ( #8107 ), #2621, .T. ) ;
#1211 = CIRCLE ( 'NONE', #7488, 0.1269999999999999500 ) ;
#1212 = EDGE_CURVE ( 'NONE', #5928, #4238, #7900, .T. ) ;
#1213 = MECHANICAL_DESIGN_GEOMETRIC_PRESENTATION_REPRESENTATION (  '', ( #329 ), #1653 ) ;
#1214 = SURFACE_STYLE_FILL_AREA ( #1924 ) ;
#1215 = CARTESIAN_POINT ( 'NONE',  ( 2.000000000000000000, 0.0000000000000000000, 0.0000000000000000000 ) ) ;
#1216 = ORIENTED_EDGE ( 'NONE', *, *, #5142, .T. ) ;
#1217 = FACE_OUTER_BOUND ( 'NONE', #7850, .T. ) ;
#1218 = PLANE ( 'NONE',  #7355 ) ;
#1219 = CYLINDRICAL_SURFACE ( 'NONE', #1173, 0.1269999999999999500 ) ;
#1220 = FACE_OUTER_BOUND ( 'NONE', #8298, .T. ) ;
#1221 = AXIS2_PLACEMENT_3D ( 'NONE', #6957, #2982, #7619 ) ;
#1222 = DIRECTION ( 'NONE',  ( 1.000000000000000000, 0.0000000000000000000, 0.0000000000000000000 ) ) ;
#1223 = DIRECTION ( 'NONE',  ( -1.000000000000000000, -0.0000000000000000000, -0.0000000000000000000 ) ) ;
#1224 = CARTESIAN_POINT ( 'NONE',  ( -1.424999999999999800, -1.500000000000000000, 0.5635000000000020000 ) ) ;
#1225 = ORIENTED_EDGE ( 'NONE', *, *, #6424, .F. ) ;
#1226 = MANIFOLD_SOLID_BREP ( 'Lead7', #72 ) ;
#1227 = VECTOR ( 'NONE', #8009, 1000.000000000000000 ) ;
#1228 = ORIENTED_EDGE ( 'NONE', *, *, #708, .T. ) ;
#1229 = FILL_AREA_STYLE_COLOUR ( '', #2219 ) ;
#1230 = PLANE ( 'NONE',  #4714 ) ;
#1231 = DIRECTION ( 'NONE',  ( 0.0000000000000000000, 0.0000000000000000000, 1.000000000000000000 ) ) ;
#1232 =( NAMED_UNIT ( * ) PLANE_ANGLE_UNIT ( ) SI_UNIT ( $, .RADIAN. ) );
#1233 =( GEOMETRIC_REPRESENTATION_CONTEXT ( 3 ) GLOBAL_UNCERTAINTY_ASSIGNED_CONTEXT ( ( #752 ) ) GLOBAL_UNIT_ASSIGNED_CONTEXT ( ( #3141, #7776, #3799 ) ) REPRESENTATION_CONTEXT ( 'NONE', 'WORKASPACE' ) );
#1234 = EDGE_LOOP ( 'NONE', ( #2303, #6156, #2562, #7544, #806, #440, #1725, #8496, #5732, #3176 ) ) ;
#1235 = CYLINDRICAL_SURFACE ( 'NONE', #6959, 0.1999999999999999800 ) ;
#1236 = SURFACE_SIDE_STYLE ('',( #5520 ) ) ;
#1237 = MECHANICAL_DESIGN_GEOMETRIC_PRESENTATION_REPRESENTATION (  '', ( #8469 ), #1680 ) ;
#1238 = VECTOR ( 'NONE', #5641, 1000.000000000000100 ) ;
#1239 = EDGE_CURVE ( 'NONE', #5436, #2319, #1997, .T. ) ;
#1240 = PRESENTATION_STYLE_ASSIGNMENT (( #7591 ) ) ;
#1241 = ORIENTED_EDGE ( 'NONE', *, *, #5494, .F. ) ;
#1242 = DIRECTION ( 'NONE',  ( -1.000000000000000000, -0.0000000000000000000, -0.0000000000000000000 ) ) ;
#1243 = FACE_OUTER_BOUND ( 'NONE', #1609, .T. ) ;
#1244 = SURFACE_STYLE_FILL_AREA ( #4807 ) ;
#1245 = AXIS2_PLACEMENT_3D ( 'NONE', #1883, #6503, #2544 ) ;
#1246 = PRESENTATION_LAYER_ASSIGNMENT (  '', '', ( #372 ) ) ;
#1247 = ADVANCED_FACE ( 'NONE', ( #3744 ), #848, .F. ) ;
#1248 = SURFACE_STYLE_USAGE ( .BOTH. , #5184 ) ;
#1249 = ORIENTED_EDGE ( 'NONE', *, *, #4759, .F. ) ;
#1250 = EDGE_CURVE ( 'NONE', #3836, #5256, #6438, .T. ) ;
#1251 = ORIENTED_EDGE ( 'NONE', *, *, #374, .F. ) ;
#1252 = FILL_AREA_STYLE_COLOUR ( '', #4742 ) ;
#1253 = DIRECTION ( 'NONE',  ( -0.0000000000000000000, -0.1038294617367629000, 0.9945951150470496700 ) ) ;
#1254 = ADVANCED_FACE ( 'NONE', ( #4690 ), #6129, .F. ) ;
#1255 = DIRECTION ( 'NONE',  ( -1.000000000000000000, -0.0000000000000000000, -0.0000000000000000000 ) ) ;
#1256 = PRESENTATION_STYLE_ASSIGNMENT (( #1914 ) ) ;
#1257 = FACE_OUTER_BOUND ( 'NONE', #2384, .T. ) ;
#1258 = DIRECTION ( 'NONE',  ( -0.0000000000000000000, -1.000000000000000000, 2.168404344971012800E-015 ) ) ;
#1259 = VERTEX_POINT ( 'NONE', #1520 ) ;
#1260 = EDGE_CURVE ( 'NONE', #7050, #7375, #2305, .T. ) ;
#1261 =( GEOMETRIC_REPRESENTATION_CONTEXT ( 3 ) GLOBAL_UNCERTAINTY_ASSIGNED_CONTEXT ( ( #4474 ) ) GLOBAL_UNIT_ASSIGNED_CONTEXT ( ( #3489, #51, #490 ) ) REPRESENTATION_CONTEXT ( 'NONE', 'WORKASPACE' ) );
#1262 = DIRECTION ( 'NONE',  ( 0.0000000000000000000, -1.168321306557656000E-016, 1.000000000000000000 ) ) ;
#1263 = UNCERTAINTY_MEASURE_WITH_UNIT (LENGTH_MEASURE( 1.000000000000000100E-005 ), #776, 'distance_accuracy_value', 'NONE');
#1264 = MECHANICAL_DESIGN_GEOMETRIC_PRESENTATION_REPRESENTATION (  '', ( #8493 ), #1707 ) ;
#1265 = SURFACE_STYLE_USAGE ( .BOTH. , #5191 ) ;
#1266 = PRESENTATION_STYLE_ASSIGNMENT (( #8277 ) ) ;
#1267 = VERTEX_POINT ( 'NONE', #6805 ) ;
#1268 = FILL_AREA_STYLE_COLOUR ( '', #5527 ) ;
#1269 = SURFACE_STYLE_USAGE ( .BOTH. , #5200 ) ;
#1270 = DIRECTION ( 'NONE',  ( -0.0000000000000000000, 1.000000000000000000, 3.414809992080329100E-015 ) ) ;
#1271 = CARTESIAN_POINT ( 'NONE',  ( 0.5750000000000001800, 2.000000000000000000, 0.1270000000000002500 ) ) ;
#1272 =( GEOMETRIC_REPRESENTATION_CONTEXT ( 3 ) GLOBAL_UNCERTAINTY_ASSIGNED_CONTEXT ( ( #4784 ) ) GLOBAL_UNIT_ASSIGNED_CONTEXT ( ( #3109, #7741, #3767 ) ) REPRESENTATION_CONTEXT ( 'NONE', 'WORKASPACE' ) );
#1273 = FACE_OUTER_BOUND ( 'NONE', #594, .T. ) ;
#1274 = FACE_OUTER_BOUND ( 'NONE', #5205, .T. ) ;
#1275 = VERTEX_POINT ( 'NONE', #3502 ) ;
#1276 = LINE ( 'NONE', #3537, #6121 ) ;
#1277 = CARTESIAN_POINT ( 'NONE',  ( -1.125000000000000000, -1.710000000000000200, 2.710505431213761100E-016 ) ) ;
#1278 =( NAMED_UNIT ( * ) SI_UNIT ( $, .STERADIAN. ) SOLID_ANGLE_UNIT ( ) );
#1279 = DIRECTION ( 'NONE',  ( 0.0000000000000000000, 1.000000000000000000, 2.168404344971012800E-015 ) ) ;
#1280 = FILL_AREA_STYLE ('',( #1252 ) ) ;
#1281 = VERTEX_POINT ( 'NONE', #8135 ) ;
#1282 = PLANE ( 'NONE',  #463 ) ;
#1283 = AXIS2_PLACEMENT_3D ( 'NONE', #2, #4589, #673 ) ;
#1284 = CARTESIAN_POINT ( 'NONE',  ( 0.5750000000000001800, 1.710000000000000200, 0.1270000000000002200 ) ) ;
#1285 = FACE_OUTER_BOUND ( 'NONE', #2953, .T. ) ;
#1286 = EDGE_CURVE ( 'NONE', #7760, #3487, #597, .T. ) ;
#1287 = DIRECTION ( 'NONE',  ( 1.000000000000000000, 0.0000000000000000000, -0.0000000000000000000 ) ) ;
#1288 = ADVANCED_FACE ( 'NONE', ( #5624 ), #381, .T. ) ;
#1289 = CARTESIAN_POINT ( 'NONE',  ( -0.1249999999999998900, 1.710000000000000200, 0.1270000000000002200 ) ) ;
#1290 =( NAMED_UNIT ( * ) SI_UNIT ( $, .STERADIAN. ) SOLID_ANGLE_UNIT ( ) );
#1291 = AXIS2_PLACEMENT_3D ( 'NONE', #4669, #759, #5340 ) ;
#1292 = STYLED_ITEM ( 'NONE', ( #2243 ), #2479 ) ;
#1293 = DIRECTION ( 'NONE',  ( 0.0000000000000000000, -1.000000000000000000, 0.0000000000000000000 ) ) ;
#1294 = VECTOR ( 'NONE', #6891, 1000.000000000000000 ) ;
#1295 = DIRECTION ( 'NONE',  ( -1.000000000000000000, -0.0000000000000000000, -0.0000000000000000000 ) ) ;
#1296 = EDGE_CURVE ( 'NONE', #6881, #4591, #5837, .T. ) ;
#1297 = CARTESIAN_POINT ( 'NONE',  ( 0.3750000000000001100, -1.676313579610975200, 0.4496863416405709200 ) ) ;
#1298 =( NAMED_UNIT ( * ) PLANE_ANGLE_UNIT ( ) SI_UNIT ( $, .RADIAN. ) );
#1299 = SURFACE_SIDE_STYLE ('',( #182 ) ) ;
#1300 = ORIENTED_EDGE ( 'NONE', *, *, #4456, .F. ) ;
#1301 = SURFACE_STYLE_USAGE ( .BOTH. , #5244 ) ;
#1302 = CARTESIAN_POINT ( 'NONE',  ( -2.000000000000000000, 1.500000000000000000, 0.4365000000000000000 ) ) ;
#1303 = FACE_OUTER_BOUND ( 'NONE', #7535, .T. ) ;
#1304 = EDGE_CURVE ( 'NONE', #4709, #1015, #4069, .T. ) ;
#1305 = VECTOR ( 'NONE', #1402, 1000.000000000000000 ) ;
#1306 = ADVANCED_BREP_SHAPE_REPRESENTATION ( 'US14', ( #3887, #1226, #2568, #4224, #5397, #3998, #5818, #6086, #606, #6030, #4636, #7075, #6189, #7979, #7714, #2999 ), #7603 ) ;
#1307 = SURFACE_SIDE_STYLE ('',( #53 ) ) ;
#1308 = AXIS2_PLACEMENT_3D ( 'NONE', #2792, #701, #6046 ) ;
#1309 = MECHANICAL_DESIGN_GEOMETRIC_PRESENTATION_REPRESENTATION (  '', ( #8545 ), #1751 ) ;
#1310 = PRESENTATION_STYLE_ASSIGNMENT (( #3720 ) ) ;
#1311 = CARTESIAN_POINT ( 'NONE',  ( -2.125000000000000000, -1.500000000000000000, 0.5635000000000000000 ) ) ;
#1312 = FACE_OUTER_BOUND ( 'NONE', #2485, .T. ) ;
#1313 = VECTOR ( 'NONE', #6457, 1000.000000000000000 ) ;
#1314 = SURFACE_SIDE_STYLE ('',( #6788 ) ) ;
#1315 = CLOSED_SHELL ( 'NONE', ( #7770, #5091, #5595, #4129, #3290, #6458, #306, #2853, #2030, #2552, #3589, #7270 ) ) ;
#1316 = CARTESIAN_POINT ( 'NONE',  ( -0.1249999999999998900, 1.583686420389025100, 0.1138136583594313900 ) ) ;
#1317 = VECTOR ( 'NONE', #2841, 1000.000000000000000 ) ;
#1318 = EDGE_CURVE ( 'NONE', #1832, #781, #2088, .T. ) ;
#1319 = AXIS2_PLACEMENT_3D ( 'NONE', #3263, #7892, #3931 ) ;
#1320 =( NAMED_UNIT ( * ) SI_UNIT ( $, .STERADIAN. ) SOLID_ANGLE_UNIT ( ) );
#1321 = FILL_AREA_STYLE_COLOUR ( '', #4821 ) ;
#1322 = ORIENTED_EDGE ( 'NONE', *, *, #1034, .T. ) ;
#1323 = COLOUR_RGB ( '',1.000000000000000000, 1.000000000000000000, 1.000000000000000000 ) ;
#1324 = ORIENTED_EDGE ( 'NONE', *, *, #5218, .T. ) ;
#1325 = DIRECTION ( 'NONE',  ( 0.0000000000000000000, -2.710505431213761100E-016, -1.000000000000000000 ) ) ;
#1326 = DIRECTION ( 'NONE',  ( -1.000000000000000000, -0.0000000000000000000, -0.0000000000000000000 ) ) ;
#1327 = CIRCLE ( 'NONE', #2802, 0.2000000000000000900 ) ;
#1328 = CARTESIAN_POINT ( 'NONE',  ( -2.000000000000000000, 1.300000000000000000, 0.2999999999999999900 ) ) ;
#1329 = PLANE ( 'NONE',  #6275 ) ;
#1330 = MECHANICAL_DESIGN_GEOMETRIC_PRESENTATION_REPRESENTATION (  '', ( #16 ), #1771 ) ;
#1331 = ADVANCED_FACE ( 'NONE', ( #3641 ), #1606, .F. ) ;
#1332 = PLANE ( 'NONE',  #4804 ) ;
#1333 = DIRECTION ( 'NONE',  ( 1.000000000000000000, -0.0000000000000000000, -0.0000000000000000000 ) ) ;
#1334 = MECHANICAL_DESIGN_GEOMETRIC_PRESENTATION_REPRESENTATION (  '', ( #21 ), #1774 ) ;
#1335 = CARTESIAN_POINT ( 'NONE',  ( 1.075000000000000200, -1.550000000000000300, 0.4365000000000002200 ) ) ;
#1336 = PRESENTATION_STYLE_ASSIGNMENT (( #1383 ) ) ;
#1337 =( LENGTH_UNIT ( ) NAMED_UNIT ( * ) SI_UNIT ( .MILLI., .METRE. ) );
#1338 = FACE_OUTER_BOUND ( 'NONE', #6893, .T. ) ;
#1339 =( LENGTH_UNIT ( ) NAMED_UNIT ( * ) SI_UNIT ( .MILLI., .METRE. ) );
#1340 = SURFACE_SIDE_STYLE ('',( #5791 ) ) ;
#1341 =( GEOMETRIC_REPRESENTATION_CONTEXT ( 3 ) GLOBAL_UNCERTAINTY_ASSIGNED_CONTEXT ( ( #4426 ) ) GLOBAL_UNIT_ASSIGNED_CONTEXT ( ( #1527, #6137, #2152 ) ) REPRESENTATION_CONTEXT ( 'NONE', 'WORKASPACE' ) );
#1342 = VECTOR ( 'NONE', #5158, 1000.000000000000000 ) ;
#1343 = DIRECTION ( 'NONE',  ( -1.000000000000000000, -0.0000000000000000000, -0.0000000000000000000 ) ) ;
#1344 = FACE_OUTER_BOUND ( 'NONE', #2867, .T. ) ;
#1345 = SURFACE_SIDE_STYLE ('',( #2345 ) ) ;
#1346 = FILL_AREA_STYLE_COLOUR ( '', #2586 ) ;
#1347 = EDGE_CURVE ( 'NONE', #5683, #2715, #6345, .T. ) ;
#1348 = DIRECTION ( 'NONE',  ( 0.0000000000000000000, 1.000000000000000000, -1.168321306557656000E-016 ) ) ;
#1349 = VECTOR ( 'NONE', #2691, 1000.000000000000000 ) ;
#1350 =( NAMED_UNIT ( * ) PLANE_ANGLE_UNIT ( ) SI_UNIT ( $, .RADIAN. ) );
#1351 = DIRECTION ( 'NONE',  ( 0.0000000000000000000, -0.1038294617367628000, -0.9945951150470496700 ) ) ;
#1352 = CARTESIAN_POINT ( 'NONE',  ( -0.1249999999999998900, 1.676313579610975200, 0.4496863416405709200 ) ) ;
#1353 = CARTESIAN_POINT ( 'NONE',  ( -2.125000000000000000, -1.500000000000000000, 0.5635000000000000000 ) ) ;
#1354 = EDGE_LOOP ( 'NONE', ( #5566, #5765, #7373, #7617 ) ) ;
#1355 = UNCERTAINTY_MEASURE_WITH_UNIT (LENGTH_MEASURE( 1.000000000000000100E-005 ), #6836, 'distance_accuracy_value', 'NONE');
#1356 = VECTOR ( 'NONE', #3092, 1000.000000000000000 ) ;
#1357 = CARTESIAN_POINT ( 'NONE',  ( 0.07500000000000019200, 1.583686420389025100, 0.1138136583594313900 ) ) ;
#1358 = DIRECTION ( 'NONE',  ( 0.0000000000000000000, 0.1038294617367628000, 0.9945951150470496700 ) ) ;
#1359 = COLOUR_RGB ( '',1.000000000000000000, 1.000000000000000000, 1.000000000000000000 ) ;
#1360 = ORIENTED_EDGE ( 'NONE', *, *, #6432, .T. ) ;
#1361 =( NAMED_UNIT ( * ) SI_UNIT ( $, .STERADIAN. ) SOLID_ANGLE_UNIT ( ) );
#1362 = ORIENTED_EDGE ( 'NONE', *, *, #4201, .T. ) ;
#1363 = PRESENTATION_STYLE_ASSIGNMENT (( #8551 ) ) ;
#1364 = CARTESIAN_POINT ( 'NONE',  ( 1.575000000000000200, -1.550000000000000000, 0.5635000000000010000 ) ) ;
#1365 = LINE ( 'NONE', #4206, #4859 ) ;
#1366 = FILL_AREA_STYLE ('',( #55 ) ) ;
#1367 = VECTOR ( 'NONE', #983, 1000.000000000000000 ) ;
#1368 = EDGE_CURVE ( 'NONE', #2594, #774, #3020, .T. ) ;
#1369 = VERTEX_POINT ( 'NONE', #2924 ) ;
#1370 = PRESENTATION_LAYER_ASSIGNMENT (  '', '', ( #504 ) ) ;
#1371 = DIRECTION ( 'NONE',  ( -1.000000000000000000, -0.0000000000000000000, -0.0000000000000000000 ) ) ;
#1372 = CARTESIAN_POINT ( 'NONE',  ( 0.07500000000000019200, 1.710000000000000200, 0.1270000000000002500 ) ) ;
#1373 = ADVANCED_FACE ( 'NONE', ( #4585 ), #7558, .T. ) ;
#1374 =( NAMED_UNIT ( * ) PLANE_ANGLE_UNIT ( ) SI_UNIT ( $, .RADIAN. ) );
#1375 = CARTESIAN_POINT ( 'NONE',  ( -0.6249999999999998900, -1.500000000000000000, 0.5635000000000020000 ) ) ;
#1376 = ORIENTED_EDGE ( 'NONE', *, *, #7301, .F. ) ;
#1377 = DIRECTION ( 'NONE',  ( 0.0000000000000000000, 0.0000000000000000000, 1.000000000000000000 ) ) ;
#1378 = VECTOR ( 'NONE', #3392, 1000.000000000000000 ) ;
#1379 = DIRECTION ( 'NONE',  ( 1.000000000000000000, 0.0000000000000000000, 0.0000000000000000000 ) ) ;
#1380 = CARTESIAN_POINT ( 'NONE',  ( -1.800000000000000000, -1.299999999999999800, 0.8999999999999998000 ) ) ;
#1381 = AXIS2_PLACEMENT_3D ( 'NONE', #4765, #7417, #3451 ) ;
#1382 = FILL_AREA_STYLE ('',( #707 ) ) ;
#1383 = SURFACE_STYLE_USAGE ( .BOTH. , #3578 ) ;
#1384 = LINE ( 'NONE', #7094, #7977 ) ;
#1385 = FACE_OUTER_BOUND ( 'NONE', #685, .T. ) ;
#1386 = FILL_AREA_STYLE ('',( #2630 ) ) ;
#1387 = ORIENTED_EDGE ( 'NONE', *, *, #8353, .F. ) ;
#1388 = DIRECTION ( 'NONE',  ( -0.0000000000000000000, -1.000000000000000000, -0.0000000000000000000 ) ) ;
#1389 = EDGE_LOOP ( 'NONE', ( #3125, #6661, #5695, #5181 ) ) ;
#1390 = FILL_AREA_STYLE ('',( #3989 ) ) ;
#1391 = FILL_AREA_STYLE_COLOUR ( '', #2861 ) ;
#1392 = AXIS2_PLACEMENT_3D ( 'NONE', #3548, #8174, #292 ) ;
#1393 = VERTEX_POINT ( 'NONE', #1663 ) ;
#1394 = CARTESIAN_POINT ( 'NONE',  ( 2.000000000000000000, -1.299999999999999800, 0.5635000000000000000 ) ) ;
#1395 = DIRECTION ( 'NONE',  ( 0.0000000000000000000, -2.168404344971013200E-015, -1.000000000000000000 ) ) ;
#1396 = ORIENTED_EDGE ( 'NONE', *, *, #4214, .F. ) ;
#1397 = PRESENTATION_LAYER_ASSIGNMENT (  '', '', ( #527 ) ) ;
#1398 = VECTOR ( 'NONE', #2210, 1000.000000000000000 ) ;
#1399 = DIRECTION ( 'NONE',  ( -1.000000000000000000, -0.0000000000000000000, -0.0000000000000000000 ) ) ;
#1400 = EDGE_CURVE ( 'NONE', #4131, #6924, #3215, .T. ) ;
#1401 = EDGE_LOOP ( 'NONE', ( #2041, #4583, #7657 ) ) ;
#1402 = DIRECTION ( 'NONE',  ( -0.0000000000000000000, 1.000000000000000000, -0.0000000000000000000 ) ) ;
#1403 = VECTOR ( 'NONE', #4062, 1000.000000000000000 ) ;
#1404 = PLANE ( 'NONE',  #6387 ) ;
#1405 =( GEOMETRIC_REPRESENTATION_CONTEXT ( 3 ) GLOBAL_UNCERTAINTY_ASSIGNED_CONTEXT ( ( #7099 ) ) GLOBAL_UNIT_ASSIGNED_CONTEXT ( ( #4328, #399, #4993 ) ) REPRESENTATION_CONTEXT ( 'NONE', 'WORKASPACE' ) );
#1406 = EDGE_LOOP ( 'NONE', ( #5907, #2362, #6003, #63 ) ) ;
#1407 = MECHANICAL_DESIGN_GEOMETRIC_PRESENTATION_REPRESENTATION (  '', ( #92 ), #1831 ) ;
#1408 = ORIENTED_EDGE ( 'NONE', *, *, #7692, .F. ) ;
#1409 = LINE ( 'NONE', #4407, #6444 ) ;
#1410 = ORIENTED_EDGE ( 'NONE', *, *, #616, .F. ) ;
#1411 = CARTESIAN_POINT ( 'NONE',  ( -0.6249999999999998900, 1.583686420389025100, 0.1138136583594313900 ) ) ;
#1412 = EDGE_CURVE ( 'NONE', #1004, #5327, #4786, .T. ) ;
#1413 =( NAMED_UNIT ( * ) SI_UNIT ( $, .STERADIAN. ) SOLID_ANGLE_UNIT ( ) );
#1414 = ORIENTED_EDGE ( 'NONE', *, *, #3157, .F. ) ;
#1415 = UNCERTAINTY_MEASURE_WITH_UNIT (LENGTH_MEASURE( 1.000000000000000100E-005 ), #5230, 'distance_accuracy_value', 'NONE');
#1416 = ORIENTED_EDGE ( 'NONE', *, *, #5998, .T. ) ;
#1417 = VECTOR ( 'NONE', #6270, 1000.000000000000000 ) ;
#1418 = ADVANCED_FACE ( 'NONE', ( #1285 ), #2952, .F. ) ;
#1419 = CARTESIAN_POINT ( 'NONE',  ( -0.1249999999999998900, 1.500000000000000000, 0.5635000000000020000 ) ) ;
#1420 = EDGE_CURVE ( 'NONE', #3070, #2405, #7464, .T. ) ;
#1421 = FILL_AREA_STYLE ('',( #7985 ) ) ;
#1422 = MECHANICAL_DESIGN_GEOMETRIC_PRESENTATION_REPRESENTATION (  '', ( #106 ), #1844 ) ;
#1423 = SURFACE_STYLE_FILL_AREA ( #4108 ) ;
#1424 = VERTEX_POINT ( 'NONE', #3646 ) ;
#1425 = COLOUR_RGB ( '',1.000000000000000000, 1.000000000000000000, 1.000000000000000000 ) ;
#1426 =( NAMED_UNIT ( * ) PLANE_ANGLE_UNIT ( ) SI_UNIT ( $, .RADIAN. ) );
#1427 = COLOUR_RGB ( '',1.000000000000000000, 1.000000000000000000, 1.000000000000000000 ) ;
#1428 = LINE ( 'NONE', #4652, #4929 ) ;
#1429 = ORIENTED_EDGE ( 'NONE', *, *, #7515, .T. ) ;
#1430 = DIRECTION ( 'NONE',  ( -1.000000000000000000, 0.0000000000000000000, 0.0000000000000000000 ) ) ;
#1431 = EDGE_CURVE ( 'NONE', #4238, #7830, #4161, .T. ) ;
#1432 = VECTOR ( 'NONE', #5137, 1000.000000000000000 ) ;
#1433 = MECHANICAL_DESIGN_GEOMETRIC_PRESENTATION_REPRESENTATION (  '', ( #569 ), #1857 ) ;
#1434 = CARTESIAN_POINT ( 'NONE',  ( 0.5750000000000001800, 1.500000000000000000, 0.5635000000000020000 ) ) ;
#1435 = VECTOR ( 'NONE', #6335, 1000.000000000000000 ) ;
#1436 = ORIENTED_EDGE ( 'NONE', *, *, #6456, .T. ) ;
#1437 = DIRECTION ( 'NONE',  ( 0.0000000000000000000, -2.168404344971013200E-015, -1.000000000000000000 ) ) ;
#1438 = VECTOR ( 'NONE', #3246, 1000.000000000000000 ) ;
#1439 =( LENGTH_UNIT ( ) NAMED_UNIT ( * ) SI_UNIT ( .MILLI., .METRE. ) );
#1440 = CARTESIAN_POINT ( 'NONE',  ( -1.424999999999999800, -1.500000000000000400, 0.4365000000000020500 ) ) ;
#1441 = DIRECTION ( 'NONE',  ( 0.0000000000000000000, -0.9945951150470497800, 0.1038294617367628200 ) ) ;
#1442 =( NAMED_UNIT ( * ) PLANE_ANGLE_UNIT ( ) SI_UNIT ( $, .RADIAN. ) );
#1443 = AXIS2_PLACEMENT_3D ( 'NONE', #3035, #7666, #3696 ) ;
#1444 = CARTESIAN_POINT ( 'NONE',  ( -1.424999999999999800, -1.500000000000000000, 0.5635000000000020000 ) ) ;
#1445 = CYLINDRICAL_SURFACE ( 'NONE', #3888, 0.1999999999999999800 ) ;
#1446 = ORIENTED_EDGE ( 'NONE', *, *, #1286, .T. ) ;
#1447 = CARTESIAN_POINT ( 'NONE',  ( -1.800000000000000000, 1.300000000000000300, 0.7000000000000000700 ) ) ;
#1448 = AXIS2_PLACEMENT_3D ( 'NONE', #6377, #2421, #7038 ) ;
#1449 = LINE ( 'NONE', #8476, #4735 ) ;
#1450 = CARTESIAN_POINT ( 'NONE',  ( 1.575000000000000200, 2.000000000000000000, 2.439454888092385000E-016 ) ) ;
#1451 = LINE ( 'NONE', #196, #5556 ) ;
#1452 = EDGE_CURVE ( 'NONE', #5378, #7215, #5710, .T. ) ;
#1453 = SURFACE_STYLE_USAGE ( .BOTH. , #4090 ) ;
#1454 =( NAMED_UNIT ( * ) PLANE_ANGLE_UNIT ( ) SI_UNIT ( $, .RADIAN. ) );
#1455 = ORIENTED_EDGE ( 'NONE', *, *, #1260, .F. ) ;
#1456 = ORIENTED_EDGE ( 'NONE', *, *, #664, .F. ) ;
#1457 = CARTESIAN_POINT ( 'NONE',  ( -0.4249999999999998200, -1.710000000000000200, 0.1270000000000002200 ) ) ;
#1458 = EDGE_LOOP ( 'NONE', ( #2276, #7105, #1151, #624 ) ) ;
#1459 = CARTESIAN_POINT ( 'NONE',  ( -1.125000000000000000, 1.500000000000000000, 0.5635000000000020000 ) ) ;
#1460 = STYLED_ITEM ( 'NONE', ( #1363 ), #7140 ) ;
#1461 = DIRECTION ( 'NONE',  ( 0.0000000000000000000, -1.000000000000000000, 1.168321306557656000E-016 ) ) ;
#1462 = ADVANCED_FACE ( 'NONE', ( #7240 ), #6321, .F. ) ;
#1463 = EDGE_LOOP ( 'NONE', ( #3416, #4349, #6032, #3255 ) ) ;
#1464 =( NAMED_UNIT ( * ) SI_UNIT ( $, .STERADIAN. ) SOLID_ANGLE_UNIT ( ) );
#1465 =( LENGTH_UNIT ( ) NAMED_UNIT ( * ) SI_UNIT ( .MILLI., .METRE. ) );
#1466 = EDGE_CURVE ( 'NONE', #1275, #7063, #4879, .T. ) ;
#1467 = UNCERTAINTY_MEASURE_WITH_UNIT (LENGTH_MEASURE( 1.000000000000000100E-005 ), #1337, 'distance_accuracy_value', 'NONE');
#1468 = COLOUR_RGB ( '',1.000000000000000000, 1.000000000000000000, 1.000000000000000000 ) ;
#1469 = LINE ( 'NONE', #6388, #1356 ) ;
#1470 =( NAMED_UNIT ( * ) PLANE_ANGLE_UNIT ( ) SI_UNIT ( $, .RADIAN. ) );
#1471 = PLANE ( 'NONE',  #28 ) ;
#1472 = COLOUR_RGB ( '',1.000000000000000000, 1.000000000000000000, 1.000000000000000000 ) ;
#1473 = VECTOR ( 'NONE', #6311, 1000.000000000000000 ) ;
#1474 = CARTESIAN_POINT ( 'NONE',  ( -1.625000000000000000, -2.000000000000000000, 2.439454888092385000E-016 ) ) ;
#1475 = VERTEX_POINT ( 'NONE', #7005 ) ;
#1476 = DIRECTION ( 'NONE',  ( -1.000000000000000000, 0.0000000000000000000, 0.0000000000000000000 ) ) ;
#1477 = ORIENTED_EDGE ( 'NONE', *, *, #3704, .F. ) ;
#1478 =( LENGTH_UNIT ( ) NAMED_UNIT ( * ) SI_UNIT ( .MILLI., .METRE. ) );
#1479 = STYLED_ITEM ( 'NONE', ( #8137 ), #3119 ) ;
#1480 = STYLED_ITEM ( 'NONE', ( #3682 ), #7979 ) ;
#1481 =( NAMED_UNIT ( * ) PLANE_ANGLE_UNIT ( ) SI_UNIT ( $, .RADIAN. ) );
#1482 =( NAMED_UNIT ( * ) SI_UNIT ( $, .STERADIAN. ) SOLID_ANGLE_UNIT ( ) );
#1483 = DIRECTION ( 'NONE',  ( 1.000000000000000000, 0.0000000000000000000, 0.0000000000000000000 ) ) ;
#1484 = VECTOR ( 'NONE', #6783, 1000.000000000000000 ) ;
#1485 = ORIENTED_EDGE ( 'NONE', *, *, #6196, .T. ) ;
#1486 =( NAMED_UNIT ( * ) SI_UNIT ( $, .STERADIAN. ) SOLID_ANGLE_UNIT ( ) );
#1487 = LINE ( 'NONE', #233, #4771 ) ;
#1488 = EDGE_CURVE ( 'NONE', #5416, #5514, #6636, .T. ) ;
#1489 = FILL_AREA_STYLE ('',( #4092 ) ) ;
#1490 = DIRECTION ( 'NONE',  ( 0.0000000000000000000, 0.0000000000000000000, 1.000000000000000000 ) ) ;
#1491 = ORIENTED_EDGE ( 'NONE', *, *, #3319, .F. ) ;
#1492 = ORIENTED_EDGE ( 'NONE', *, *, #8183, .T. ) ;
#1493 = FILL_AREA_STYLE ('',( #143 ) ) ;
#1494 = PLANE ( 'NONE',  #4400 ) ;
#1495 = VECTOR ( 'NONE', #2293, 1000.000000000000000 ) ;
#1496 = ORIENTED_EDGE ( 'NONE', *, *, #8482, .F. ) ;
#1497 = DIRECTION ( 'NONE',  ( -1.000000000000000000, -0.0000000000000000000, -0.0000000000000000000 ) ) ;
#1498 = VERTEX_POINT ( 'NONE', #3042 ) ;
#1499 =( NAMED_UNIT ( * ) SI_UNIT ( $, .STERADIAN. ) SOLID_ANGLE_UNIT ( ) );
#1500 = DIRECTION ( 'NONE',  ( -0.0000000000000000000, -0.0000000000000000000, 1.000000000000000000 ) ) ;
#1501 =( LENGTH_UNIT ( ) NAMED_UNIT ( * ) SI_UNIT ( .MILLI., .METRE. ) );
#1502 = MECHANICAL_DESIGN_GEOMETRIC_PRESENTATION_REPRESENTATION (  '', ( #187 ), #1915 ) ;
#1503 = CARTESIAN_POINT ( 'NONE',  ( -1.424999999999999800, -1.583686420389025100, 0.1138136583594313900 ) ) ;
#1504 = ADVANCED_FACE ( 'NONE', ( #1385 ), #4042, .T. ) ;
#1505 = CARTESIAN_POINT ( 'NONE',  ( -1.424999999999999800, 1.710000000000000200, 0.1270000000000002500 ) ) ;
#1506 = VERTEX_POINT ( 'NONE', #492 ) ;
#1507 = ORIENTED_EDGE ( 'NONE', *, *, #6988, .F. ) ;
#1508 = FILL_AREA_STYLE_COLOUR ( '', #4737 ) ;
#1509 = EDGE_LOOP ( 'NONE', ( #328, #4970, #1477, #308 ) ) ;
#1510 = SURFACE_STYLE_FILL_AREA ( #3400 ) ;
#1511 = DIRECTION ( 'NONE',  ( -1.000000000000000000, -0.0000000000000000000, -0.0000000000000000000 ) ) ;
#1512 = STYLED_ITEM ( 'NONE', ( #678 ), #6597 ) ;
#1513 = MECHANICAL_DESIGN_GEOMETRIC_PRESENTATION_REPRESENTATION (  '', ( #641 ), #1925 ) ;
#1514 = COLOUR_RGB ( '',1.000000000000000000, 1.000000000000000000, 1.000000000000000000 ) ;
#1515 = FILL_AREA_STYLE_COLOUR ( '', #7606 ) ;
#1516 = COLOUR_RGB ( '',1.000000000000000000, 1.000000000000000000, 1.000000000000000000 ) ;
#1517 = LINE ( 'NONE', #86, #5016 ) ;
#1518 = EDGE_CURVE ( 'NONE', #8224, #7309, #7566, .T. ) ;
#1519 = PLANE ( 'NONE',  #703 ) ;
#1520 = CARTESIAN_POINT ( 'NONE',  ( -0.4249999999999998200, -1.500000000000000400, 0.4365000000000020500 ) ) ;
#1521 = VECTOR ( 'NONE', #7022, 1000.000000000000000 ) ;
#1522 = ORIENTED_EDGE ( 'NONE', *, *, #2149, .F. ) ;
#1523 = UNCERTAINTY_MEASURE_WITH_UNIT (LENGTH_MEASURE( 1.000000000000000100E-005 ), #5398, 'distance_accuracy_value', 'NONE');
#1524 = CARTESIAN_POINT ( 'NONE',  ( 1.375000000000000200, -1.710000000000000200, 2.710505431213761100E-016 ) ) ;
#1525 = VERTEX_POINT ( 'NONE', #1791 ) ;
#1526 =( GEOMETRIC_REPRESENTATION_CONTEXT ( 3 ) GLOBAL_UNCERTAINTY_ASSIGNED_CONTEXT ( ( #4418 ) ) GLOBAL_UNIT_ASSIGNED_CONTEXT ( ( #5028, #1350, #3307 ) ) REPRESENTATION_CONTEXT ( 'NONE', 'WORKASPACE' ) );
#1527 =( LENGTH_UNIT ( ) NAMED_UNIT ( * ) SI_UNIT ( .MILLI., .METRE. ) );
#1528 = FILL_AREA_STYLE ('',( #214 ) ) ;
#1529 = EDGE_CURVE ( 'NONE', #6300, #4299, #8182, .T. ) ;
#1530 = DIRECTION ( 'NONE',  ( 0.0000000000000000000, -3.686287386450737200E-014, 1.000000000000000000 ) ) ;
#1531 = ORIENTED_EDGE ( 'NONE', *, *, #5369, .F. ) ;
#1532 = CIRCLE ( 'NONE', #5301, 0.1270000000000008600 ) ;
#1533 =( LENGTH_UNIT ( ) NAMED_UNIT ( * ) SI_UNIT ( .MILLI., .METRE. ) );
#1534 = VERTEX_POINT ( 'NONE', #3755 ) ;
#1535 = DIRECTION ( 'NONE',  ( 0.0000000000000000000, 0.0000000000000000000, -1.000000000000000000 ) ) ;
#1536 = SPHERICAL_SURFACE ( 'NONE', #6425, 0.2000000000000000100 ) ;
#1537 =( LENGTH_UNIT ( ) NAMED_UNIT ( * ) SI_UNIT ( .MILLI., .METRE. ) );
#1538 = EDGE_CURVE ( 'NONE', #365, #1832, #787, .T. ) ;
#1539 = STYLED_ITEM ( 'NONE', ( #516 ), #3782 ) ;
#1540 = SURFACE_STYLE_FILL_AREA ( #1174 ) ;
#1541 = VERTEX_POINT ( 'NONE', #2440 ) ;
#1542 = VECTOR ( 'NONE', #3304, 1000.000000000000000 ) ;
#1543 = DIRECTION ( 'NONE',  ( -0.0000000000000000000, 3.686287386450737200E-014, 1.000000000000000000 ) ) ;
#1544 = FILL_AREA_STYLE_COLOUR ( '', #4229 ) ;
#1545 = PRESENTATION_STYLE_ASSIGNMENT (( #3279 ) ) ;
#1546 = CARTESIAN_POINT ( 'NONE',  ( 1.800000000000000000, -1.299999999999999800, 0.0000000000000000000 ) ) ;
#1547 = ADVANCED_FACE ( 'NONE', ( #3823 ), #1817, .F. ) ;
#1548 =( GEOMETRIC_REPRESENTATION_CONTEXT ( 3 ) GLOBAL_UNCERTAINTY_ASSIGNED_CONTEXT ( ( #5927 ) ) GLOBAL_UNIT_ASSIGNED_CONTEXT ( ( #5323, #742, #4294 ) ) REPRESENTATION_CONTEXT ( 'NONE', 'WORKASPACE' ) );
#1549 = VECTOR ( 'NONE', #8179, 1000.000000000000000 ) ;
#1550 = VERTEX_POINT ( 'NONE', #8437 ) ;
#1551 = PRESENTATION_LAYER_ASSIGNMENT (  '', '', ( #681 ) ) ;
#1552 = DIRECTION ( 'NONE',  ( -0.0000000000000000000, -1.000000000000000000, 1.355252715606880500E-017 ) ) ;
#1553 = CARTESIAN_POINT ( 'NONE',  ( 0.07500000000000019200, -1.710000000000000200, 0.1270000000000002500 ) ) ;
#1554 = PRESENTATION_STYLE_ASSIGNMENT (( #3122 ) ) ;
#1555 = CARTESIAN_POINT ( 'NONE',  ( -1.424999999999999800, 1.550000000000000000, 0.5635000000000010000 ) ) ;
#1556 = ORIENTED_EDGE ( 'NONE', *, *, #8408, .F. ) ;
#1557 = LINE ( 'NONE', #713, #3278 ) ;
#1558 = ADVANCED_FACE ( 'NONE', ( #5599 ), #885, .T. ) ;
#1559 =( GEOMETRIC_REPRESENTATION_CONTEXT ( 3 ) GLOBAL_UNCERTAINTY_ASSIGNED_CONTEXT ( ( #5209 ) ) GLOBAL_UNIT_ASSIGNED_CONTEXT ( ( #5414, #1481, #6090 ) ) REPRESENTATION_CONTEXT ( 'NONE', 'WORKASPACE' ) );
#1560 = SURFACE_STYLE_USAGE ( .BOTH. , #5492 ) ;
#1561 = PRESENTATION_STYLE_ASSIGNMENT (( #5911 ) ) ;
#1562 = VERTEX_POINT ( 'NONE', #1224 ) ;
#1563 =( LENGTH_UNIT ( ) NAMED_UNIT ( * ) SI_UNIT ( .MILLI., .METRE. ) );
#1564 = EDGE_CURVE ( 'NONE', #31, #4078, #2587, .T. ) ;
#1565 = PRESENTATION_STYLE_ASSIGNMENT (( #518 ) ) ;
#1566 = CIRCLE ( 'NONE', #2916, 0.1269999999999999500 ) ;
#1567 = DIRECTION ( 'NONE',  ( -0.0000000000000000000, 0.9945951150470497800, 0.1038294617367628200 ) ) ;
#1568 = ORIENTED_EDGE ( 'NONE', *, *, #1704, .F. ) ;
#1569 = CARTESIAN_POINT ( 'NONE',  ( 1.575000000000000200, -2.000000000000000000, 0.1270000000000002500 ) ) ;
#1570 = MECHANICAL_DESIGN_GEOMETRIC_PRESENTATION_REPRESENTATION (  '', ( #254 ), #1983 ) ;
#1571 = DIRECTION ( 'NONE',  ( 1.000000000000000000, 0.0000000000000000000, 0.0000000000000000000 ) ) ;
#1572 = PRESENTATION_LAYER_ASSIGNMENT (  '', '', ( #704 ) ) ;
#1573 = PRESENTATION_STYLE_ASSIGNMENT (( #5495 ) ) ;
#1574 =( NAMED_UNIT ( * ) PLANE_ANGLE_UNIT ( ) SI_UNIT ( $, .RADIAN. ) );
#1575 = VERTEX_POINT ( 'NONE', #6480 ) ;
#1576 = EDGE_CURVE ( 'NONE', #6334, #1064, #6125, .T. ) ;
#1577 = ORIENTED_EDGE ( 'NONE', *, *, #1239, .F. ) ;
#1578 = CARTESIAN_POINT ( 'NONE',  ( 1.375000000000000200, 2.000000000000000000, 2.439454888092385000E-016 ) ) ;
#1579 = CARTESIAN_POINT ( 'NONE',  ( 1.575000000000000200, -2.000000000000000000, 0.1270000000000002500 ) ) ;
#1580 = ORIENTED_EDGE ( 'NONE', *, *, #3550, .T. ) ;
#1581 = FILL_AREA_STYLE ('',( #4852 ) ) ;
#1582 = DIRECTION ( 'NONE',  ( 0.0000000000000000000, -0.0000000000000000000, -1.000000000000000000 ) ) ;
#1583 = VECTOR ( 'NONE', #3241, 1000.000000000000000 ) ;
#1584 = EDGE_CURVE ( 'NONE', #5729, #2594, #5918, .T. ) ;
#1585 = PRESENTATION_LAYER_ASSIGNMENT (  '', '', ( #717 ) ) ;
#1586 = SURFACE_STYLE_USAGE ( .BOTH. , #5515 ) ;
#1587 = AXIS2_PLACEMENT_3D ( 'NONE', #7214, #3259, #7889 ) ;
#1588 = ORIENTED_EDGE ( 'NONE', *, *, #8474, .F. ) ;
#1589 = ADVANCED_FACE ( 'NONE', ( #2387 ), #5084, .T. ) ;
#1590 = VECTOR ( 'NONE', #2708, 1000.000000000000100 ) ;
#1591 = DIRECTION ( 'NONE',  ( -0.0000000000000000000, 0.9945951150470497800, 0.1038294617367628200 ) ) ;
#1592 = CARTESIAN_POINT ( 'NONE',  ( -0.1249999999999998900, 1.550000000000000000, 0.5635000000000010000 ) ) ;
#1593 = CARTESIAN_POINT ( 'NONE',  ( -1.424999999999999800, -2.000000000000000000, 2.439454888092385000E-016 ) ) ;
#1594 = VECTOR ( 'NONE', #462, 1000.000000000000000 ) ;
#1595 = DIRECTION ( 'NONE',  ( -1.000000000000000000, -0.0000000000000000000, -0.0000000000000000000 ) ) ;
#1596 = UNCERTAINTY_MEASURE_WITH_UNIT (LENGTH_MEASURE( 1.000000000000000100E-005 ), #304, 'distance_accuracy_value', 'NONE');
#1597 = ORIENTED_EDGE ( 'NONE', *, *, #3517, .F. ) ;
#1598 = FILL_AREA_STYLE_COLOUR ( '', #231 ) ;
#1599 = EDGE_CURVE ( 'NONE', #774, #2804, #6827, .T. ) ;
#1600 = DIRECTION ( 'NONE',  ( -1.000000000000000000, -0.0000000000000000000, -0.0000000000000000000 ) ) ;
#1601 =( GEOMETRIC_REPRESENTATION_CONTEXT ( 3 ) GLOBAL_UNCERTAINTY_ASSIGNED_CONTEXT ( ( #5421 ) ) GLOBAL_UNIT_ASSIGNED_CONTEXT ( ( #1533, #6142, #2160 ) ) REPRESENTATION_CONTEXT ( 'NONE', 'WORKASPACE' ) );
#1602 = FILL_AREA_STYLE ('',( #4872 ) ) ;
#1603 = VECTOR ( 'NONE', #8207, 1000.000000000000000 ) ;
#1604 = CARTESIAN_POINT ( 'NONE',  ( -0.4249999999999998200, -1.676313579610975200, 0.4496863416405709200 ) ) ;
#1605 = ORIENTED_EDGE ( 'NONE', *, *, #4992, .F. ) ;
#1606 = PLANE ( 'NONE',  #5973 ) ;
#1607 = ORIENTED_EDGE ( 'NONE', *, *, #5337, .F. ) ;
#1608 = VERTEX_POINT ( 'NONE', #4547 ) ;
#1609 = EDGE_LOOP ( 'NONE', ( #4961, #5845, #6515, #6034 ) ) ;
#1610 = CARTESIAN_POINT ( 'NONE',  ( 0.8750000000000001100, -1.500000000000000000, 0.5635000000000020000 ) ) ;
#1611 = MECHANICAL_DESIGN_GEOMETRIC_PRESENTATION_REPRESENTATION (  '', ( #745 ), #2021 ) ;
#1612 = VECTOR ( 'NONE', #6081, 1000.000000000000000 ) ;
#1613 = CARTESIAN_POINT ( 'NONE',  ( 0.0000000000000000000, 0.0000000000000000000, 0.0000000000000000000 ) ) ;
#1614 = ORIENTED_EDGE ( 'NONE', *, *, #8301, .T. ) ;
#1615 = DIRECTION ( 'NONE',  ( -1.000000000000000000, -0.0000000000000000000, -0.0000000000000000000 ) ) ;
#1616 =( GEOMETRIC_REPRESENTATION_CONTEXT ( 3 ) GLOBAL_UNCERTAINTY_ASSIGNED_CONTEXT ( ( #8354 ) ) GLOBAL_UNIT_ASSIGNED_CONTEXT ( ( #7452, #2827, #6790 ) ) REPRESENTATION_CONTEXT ( 'NONE', 'WORKASPACE' ) );
#1617 = CIRCLE ( 'NONE', #4368, 0.1269999999999999500 ) ;
#1618 = DIRECTION ( 'NONE',  ( -1.000000000000000000, -0.0000000000000000000, -0.0000000000000000000 ) ) ;
#1619 = EDGE_CURVE ( 'NONE', #1131, #7997, #3303, .T. ) ;
#1620 = CARTESIAN_POINT ( 'NONE',  ( -0.9249999999999998200, -1.710000000000000200, 0.1270000000000002500 ) ) ;
#1621 = COLOUR_RGB ( '',1.000000000000000000, 1.000000000000000000, 1.000000000000000000 ) ;
#1622 = CARTESIAN_POINT ( 'NONE',  ( -0.1249999999999998900, 1.500000000000000000, 0.5635000000000020000 ) ) ;
#1623 = CARTESIAN_POINT ( 'NONE',  ( -0.9249999999999998200, 1.550000000000000300, 0.4365000000000001100 ) ) ;
#1624 = UNCERTAINTY_MEASURE_WITH_UNIT (LENGTH_MEASURE( 1.000000000000000100E-005 ), #7519, 'distance_accuracy_value', 'NONE');
#1625 = VECTOR ( 'NONE', #8396, 1000.000000000000000 ) ;
#1626 = AXIS2_PLACEMENT_3D ( 'NONE', #8259, #4311, #376 ) ;
#1627 = DIRECTION ( 'NONE',  ( -1.000000000000000000, 0.0000000000000000000, 0.0000000000000000000 ) ) ;
#1628 = ORIENTED_EDGE ( 'NONE', *, *, #7135, .T. ) ;
#1629 = MECHANICAL_DESIGN_GEOMETRIC_PRESENTATION_REPRESENTATION (  '', ( #7969 ), #2029 ) ;
#1630 = SURFACE_SIDE_STYLE ('',( #8118 ) ) ;
#1631 = DIRECTION ( 'NONE',  ( -1.000000000000000000, 0.0000000000000000000, 0.0000000000000000000 ) ) ;
#1632 = EDGE_CURVE ( 'NONE', #4334, #1393, #1784, .T. ) ;
#1633 = DIRECTION ( 'NONE',  ( -1.000000000000000000, 0.0000000000000000000, -0.0000000000000000000 ) ) ;
#1634 = VECTOR ( 'NONE', #8091, 1000.000000000000000 ) ;
#1635 = UNCERTAINTY_MEASURE_WITH_UNIT (LENGTH_MEASURE( 1.000000000000000100E-005 ), #4113, 'distance_accuracy_value', 'NONE');
#1636 = CARTESIAN_POINT ( 'NONE',  ( -1.625000000000000000, -1.676313579610975200, 0.4496863416405709200 ) ) ;
#1637 = ADVANCED_FACE ( 'NONE', ( #8389 ), #661, .F. ) ;
#1638 = SURFACE_STYLE_FILL_AREA ( #1489 ) ;
#1639 = SURFACE_STYLE_USAGE ( .BOTH. , #5561 ) ;
#1640 = CARTESIAN_POINT ( 'NONE',  ( -0.9249999999999998200, 1.710000000000000200, 0.1270000000000002200 ) ) ;
#1641 = AXIS2_PLACEMENT_3D ( 'NONE', #1656, #6355, #5686 ) ;
#1642 = LINE ( 'NONE', #5860, #8449 ) ;
#1643 = AXIS2_PLACEMENT_3D ( 'NONE', #2662, #748, #5332 ) ;
#1644 = SURFACE_STYLE_USAGE ( .BOTH. , #5567 ) ;
#1645 = VECTOR ( 'NONE', #3780, 1000.000000000000000 ) ;
#1646 = APPLICATION_PROTOCOL_DEFINITION ( 'draft international standard', 'automotive_design', 1998, #2272 ) ;
#1647 =( NAMED_UNIT ( * ) SI_UNIT ( $, .STERADIAN. ) SOLID_ANGLE_UNIT ( ) );
#1648 = CARTESIAN_POINT ( 'NONE',  ( -1.424999999999999800, 1.710000000000000200, 0.1270000000000002200 ) ) ;
#1649 =( LENGTH_UNIT ( ) NAMED_UNIT ( * ) SI_UNIT ( .MILLI., .METRE. ) );
#1650 = EDGE_CURVE ( 'NONE', #6832, #4190, #6013, .T. ) ;
#1651 = LINE ( 'NONE', #2447, #1438 ) ;
#1652 = CARTESIAN_POINT ( 'NONE',  ( -0.9249999999999998200, -1.550000000000000300, 0.4365000000000001100 ) ) ;
#1653 =( GEOMETRIC_REPRESENTATION_CONTEXT ( 3 ) GLOBAL_UNCERTAINTY_ASSIGNED_CONTEXT ( ( #5632 ) ) GLOBAL_UNIT_ASSIGNED_CONTEXT ( ( #8274, #4326, #396 ) ) REPRESENTATION_CONTEXT ( 'NONE', 'WORKASPACE' ) );
#1654 =( LENGTH_UNIT ( ) NAMED_UNIT ( * ) SI_UNIT ( .MILLI., .METRE. ) );
#1655 = SURFACE_STYLE_FILL_AREA ( #7751 ) ;
#1656 = CARTESIAN_POINT ( 'NONE',  ( -0.1249999999999998900, -1.710000000000000200, 0.1270000000000002200 ) ) ;
#1657 = PLANE ( 'NONE',  #5483 ) ;
#1658 = VECTOR ( 'NONE', #5021, 1000.000000000000000 ) ;
#1659 = DIRECTION ( 'NONE',  ( 0.0000000000000000000, 3.414809992080329100E-015, -1.000000000000000000 ) ) ;
#1660 = SURFACE_STYLE_USAGE ( .BOTH. , #2712 ) ;
#1661 =( NAMED_UNIT ( * ) PLANE_ANGLE_UNIT ( ) SI_UNIT ( $, .RADIAN. ) );
#1662 = CARTESIAN_POINT ( 'NONE',  ( 0.07500000000000019200, -2.000000000000000000, 0.1270000000000002500 ) ) ;
#1663 = CARTESIAN_POINT ( 'NONE',  ( -0.6249999999999998900, -2.000000000000000000, 2.439454888092385000E-016 ) ) ;
#1664 = FACE_OUTER_BOUND ( 'NONE', #3876, .T. ) ;
#1665 = PRESENTATION_LAYER_ASSIGNMENT (  '', '', ( #797 ) ) ;
#1666 = ORIENTED_EDGE ( 'NONE', *, *, #4, .T. ) ;
#1667 = ORIENTED_EDGE ( 'NONE', *, *, #3601, .T. ) ;
#1668 = DIRECTION ( 'NONE',  ( -0.0000000000000000000, -1.000000000000000000, -0.0000000000000000000 ) ) ;
#1669 = ORIENTED_EDGE ( 'NONE', *, *, #3319, .T. ) ;
#1670 =( NAMED_UNIT ( * ) PLANE_ANGLE_UNIT ( ) SI_UNIT ( $, .RADIAN. ) );
#1671 = COLOUR_RGB ( '',1.000000000000000000, 1.000000000000000000, 1.000000000000000000 ) ;
#1672 = SURFACE_SIDE_STYLE ('',( #3507 ) ) ;
#1673 = APPLICATION_CONTEXT ( 'automotive_design' ) ;
#1674 = ORIENTED_EDGE ( 'NONE', *, *, #6601, .F. ) ;
#1675 = FILL_AREA_STYLE_COLOUR ( '', #5646 ) ;
#1676 = FACE_OUTER_BOUND ( 'NONE', #7248, .T. ) ;
#1677 = CARTESIAN_POINT ( 'NONE',  ( 1.575000000000000200, -2.000000000000000000, 2.439454888092385000E-016 ) ) ;
#1678 =( NAMED_UNIT ( * ) SI_UNIT ( $, .STERADIAN. ) SOLID_ANGLE_UNIT ( ) );
#1679 = SURFACE_STYLE_USAGE ( .BOTH. , #5611 ) ;
#1680 =( GEOMETRIC_REPRESENTATION_CONTEXT ( 3 ) GLOBAL_UNCERTAINTY_ASSIGNED_CONTEXT ( ( #2839 ) ) GLOBAL_UNIT_ASSIGNED_CONTEXT ( ( #7783, #3810, #8458 ) ) REPRESENTATION_CONTEXT ( 'NONE', 'WORKASPACE' ) );
#1681 = ORIENTED_EDGE ( 'NONE', *, *, #1868, .T. ) ;
#1682 = DIRECTION ( 'NONE',  ( -1.000000000000000000, 0.0000000000000000000, -0.0000000000000000000 ) ) ;
#1683 = VERTEX_POINT ( 'NONE', #5272 ) ;
#1684 = UNCERTAINTY_MEASURE_WITH_UNIT (LENGTH_MEASURE( 1.000000000000000100E-005 ), #8103, 'distance_accuracy_value', 'NONE');
#1685 = EDGE_CURVE ( 'NONE', #5090, #5199, #2488, .T. ) ;
#1686 = VECTOR ( 'NONE', #7089, 1000.000000000000000 ) ;
#1687 = DIRECTION ( 'NONE',  ( 1.084202172485504400E-015, 0.0000000000000000000, -1.000000000000000000 ) ) ;
#1688 = VECTOR ( 'NONE', #2820, 1000.000000000000000 ) ;
#1689 = ORIENTED_EDGE ( 'NONE', *, *, #4385, .F. ) ;
#1690 = DIRECTION ( 'NONE',  ( -1.000000000000000000, 0.0000000000000000000, -0.0000000000000000000 ) ) ;
#1691 = STYLED_ITEM ( 'NONE', ( #126 ), #7714 ) ;
#1692 = CARTESIAN_POINT ( 'NONE',  ( 0.07500000000000019200, -2.000000000000000000, 0.1270000000000002500 ) ) ;
#1693 = ORIENTED_EDGE ( 'NONE', *, *, #1152, .T. ) ;
#1694 = ORIENTED_EDGE ( 'NONE', *, *, #1077, .T. ) ;
#1695 =( NAMED_UNIT ( * ) SI_UNIT ( $, .STERADIAN. ) SOLID_ANGLE_UNIT ( ) );
#1696 = MECHANICAL_DESIGN_GEOMETRIC_PRESENTATION_REPRESENTATION (  '', ( #372 ), #2093 ) ;
#1697 =( NAMED_UNIT ( * ) PLANE_ANGLE_UNIT ( ) SI_UNIT ( $, .RADIAN. ) );
#1698 = EDGE_CURVE ( 'NONE', #7063, #961, #4251, .T. ) ;
#1699 = VECTOR ( 'NONE', #2588, 1000.000000000000000 ) ;
#1700 = DIRECTION ( 'NONE',  ( 0.0000000000000000000, -3.414809992080329100E-015, -1.000000000000000000 ) ) ;
#1701 = ORIENTED_EDGE ( 'NONE', *, *, #3494, .F. ) ;
#1702 = CARTESIAN_POINT ( 'NONE',  ( -1.625000000000000000, 1.676313579610975200, 0.4496863416405709200 ) ) ;
#1703 = ORIENTED_EDGE ( 'NONE', *, *, #1989, .T. ) ;
#1704 = EDGE_CURVE ( 'NONE', #1259, #677, #7555, .T. ) ;
#1705 = FACE_OUTER_BOUND ( 'NONE', #6523, .T. ) ;
#1706 =( LENGTH_UNIT ( ) NAMED_UNIT ( * ) SI_UNIT ( .MILLI., .METRE. ) );
#1707 =( GEOMETRIC_REPRESENTATION_CONTEXT ( 3 ) GLOBAL_UNCERTAINTY_ASSIGNED_CONTEXT ( ( #7425 ) ) GLOBAL_UNIT_ASSIGNED_CONTEXT ( ( #3598, #8232, #4283 ) ) REPRESENTATION_CONTEXT ( 'NONE', 'WORKASPACE' ) );
#1708 = CARTESIAN_POINT ( 'NONE',  ( -1.424999999999999800, -2.000000000000000000, 0.1270000000000002500 ) ) ;
#1709 = ORIENTED_EDGE ( 'NONE', *, *, #553, .T. ) ;
#1710 = EDGE_LOOP ( 'NONE', ( #3345, #6796, #6618, #1 ) ) ;
#1711 = VERTEX_POINT ( 'NONE', #1998 ) ;
#1712 = VECTOR ( 'NONE', #3632, 1000.000000000000000 ) ;
#1713 = CARTESIAN_POINT ( 'NONE',  ( -0.9249999999999998200, -2.000000000000000000, 0.1270000000000002500 ) ) ;
#1714 = VECTOR ( 'NONE', #2129, 1000.000000000000000 ) ;
#1715 = VECTOR ( 'NONE', #8142, 1000.000000000000000 ) ;
#1716 = AXIS2_PLACEMENT_3D ( 'NONE', #2410, #6371, #1768 ) ;
#1717 = DIRECTION ( 'NONE',  ( 0.0000000000000000000, 0.1038294617367628000, 0.9945951150470496700 ) ) ;
#1718 = ORIENTED_EDGE ( 'NONE', *, *, #6169, .T. ) ;
#1719 = DIRECTION ( 'NONE',  ( 0.0000000000000000000, 0.0000000000000000000, 1.000000000000000000 ) ) ;
#1720 = CARTESIAN_POINT ( 'NONE',  ( 0.3750000000000001100, -1.710000000000000200, 0.1270000000000002200 ) ) ;
#1721 = DIRECTION ( 'NONE',  ( 0.0000000000000000000, 3.414809992080329100E-015, -1.000000000000000000 ) ) ;
#1722 = COLOUR_RGB ( '',1.000000000000000000, 1.000000000000000000, 1.000000000000000000 ) ;
#1723 = LINE ( 'NONE', #1353, #8529 ) ;
#1724 = FILL_AREA_STYLE ('',( #3649 ) ) ;
#1725 = ORIENTED_EDGE ( 'NONE', *, *, #6115, .F. ) ;
#1726 = LINE ( 'NONE', #2672, #3239 ) ;
#1727 = PLANE ( 'NONE',  #2914 ) ;
#1728 = STYLED_ITEM ( 'NONE', ( #497 ), #5914 ) ;
#1729 = AXIS2_PLACEMENT_3D ( 'NONE', #59, #4637, #728 ) ;
#1730 = UNCERTAINTY_MEASURE_WITH_UNIT (LENGTH_MEASURE( 1.000000000000000100E-005 ), #675, 'distance_accuracy_value', 'NONE');
#1731 = VERTEX_POINT ( 'NONE', #689 ) ;
#1732 = DIRECTION ( 'NONE',  ( 1.000000000000000000, 0.0000000000000000000, -0.0000000000000000000 ) ) ;
#1733 = EDGE_CURVE ( 'NONE', #826, #5800, #2274, .T. ) ;
#1734 = PRESENTATION_LAYER_ASSIGNMENT (  '', '', ( #872 ) ) ;
#1735 = LINE ( 'NONE', #4631, #5232 ) ;
#1736 = ORIENTED_EDGE ( 'NONE', *, *, #7475, .F. ) ;
#1737 = PRESENTATION_LAYER_ASSIGNMENT (  '', '', ( #1292 ) ) ;
#1738 = LINE ( 'NONE', #5171, #3256 ) ;
#1739 = PLANE ( 'NONE',  #6073 ) ;
#1740 = COLOUR_RGB ( '',1.000000000000000000, 1.000000000000000000, 1.000000000000000000 ) ;
#1741 =( LENGTH_UNIT ( ) NAMED_UNIT ( * ) SI_UNIT ( .MILLI., .METRE. ) );
#1742 = EDGE_CURVE ( 'NONE', #977, #356, #7763, .T. ) ;
#1743 = DIRECTION ( 'NONE',  ( 0.0000000000000000000, 0.0000000000000000000, 1.000000000000000000 ) ) ;
#1744 = DIRECTION ( 'NONE',  ( -1.000000000000000000, -0.0000000000000000000, 0.0000000000000000000 ) ) ;
#1745 = DIRECTION ( 'NONE',  ( 0.0000000000000000000, -3.686287386450737200E-014, 1.000000000000000000 ) ) ;
#1746 = FACE_OUTER_BOUND ( 'NONE', #6231, .T. ) ;
#1747 = LINE ( 'NONE', #6102, #1542 ) ;
#1748 = EDGE_CURVE ( 'NONE', #3860, #5372, #7338, .T. ) ;
#1749 = STYLED_ITEM ( 'NONE', ( #630 ), #3251 ) ;
#1750 = CIRCLE ( 'NONE', #5826, 0.1270000000000008600 ) ;
#1751 =( GEOMETRIC_REPRESENTATION_CONTEXT ( 3 ) GLOBAL_UNCERTAINTY_ASSIGNED_CONTEXT ( ( #4666 ) ) GLOBAL_UNIT_ASSIGNED_CONTEXT ( ( #6290, #2312, #6937 ) ) REPRESENTATION_CONTEXT ( 'NONE', 'WORKASPACE' ) );
#1752 = DIRECTION ( 'NONE',  ( 0.0000000000000000000, 0.0000000000000000000, 1.000000000000000000 ) ) ;
#1753 = ORIENTED_EDGE ( 'NONE', *, *, #3166, .T. ) ;
#1754 = CARTESIAN_POINT ( 'NONE',  ( -0.9249999999999998200, -1.500000000000000000, 0.5635000000000020000 ) ) ;
#1755 = CARTESIAN_POINT ( 'NONE',  ( 1.075000000000000200, 1.500000000000000000, 0.5635000000000020000 ) ) ;
#1756 =( NAMED_UNIT ( * ) PLANE_ANGLE_UNIT ( ) SI_UNIT ( $, .RADIAN. ) );
#1757 = EDGE_CURVE ( 'NONE', #2759, #3735, #976, .T. ) ;
#1758 = EDGE_LOOP ( 'NONE', ( #5179, #5513, #4500, #485 ) ) ;
#1759 = PLANE ( 'NONE',  #3361 ) ;
#1760 = CARTESIAN_POINT ( 'NONE',  ( 0.8750000000000001100, 1.500000000000000400, 0.4365000000000020500 ) ) ;
#1761 = PRESENTATION_LAYER_ASSIGNMENT (  '', '', ( #900 ) ) ;
#1762 = FILL_AREA_STYLE_COLOUR ( '', #3031 ) ;
#1763 = ORIENTED_EDGE ( 'NONE', *, *, #3157, .T. ) ;
#1764 = PLANE ( 'NONE',  #6407 ) ;
#1765 = CARTESIAN_POINT ( 'NONE',  ( -0.6249999999999998900, -1.550000000000000300, 0.4365000000000001100 ) ) ;
#1766 = SURFACE_SIDE_STYLE ('',( #442 ) ) ;
#1767 = VECTOR ( 'NONE', #3356, 1000.000000000000000 ) ;
#1768 = DIRECTION ( 'NONE',  ( 0.0000000000000000000, -1.000000000000000000, -2.168404344971013200E-015 ) ) ;
#1769 = CYLINDRICAL_SURFACE ( 'NONE', #2822, 0.1270000000000008600 ) ;
#1770 = SURFACE_SIDE_STYLE ('',( #6417 ) ) ;
#1771 =( GEOMETRIC_REPRESENTATION_CONTEXT ( 3 ) GLOBAL_UNCERTAINTY_ASSIGNED_CONTEXT ( ( #1467 ) ) GLOBAL_UNIT_ASSIGNED_CONTEXT ( ( #1337, #5949, #1974 ) ) REPRESENTATION_CONTEXT ( 'NONE', 'WORKASPACE' ) );
#1772 = DIRECTION ( 'NONE',  ( 0.0000000000000000000, 0.1038294617367628800, -0.9945951150470496700 ) ) ;
#1773 = VERTEX_POINT ( 'NONE', #6000 ) ;
#1774 =( GEOMETRIC_REPRESENTATION_CONTEXT ( 3 ) GLOBAL_UNCERTAINTY_ASSIGNED_CONTEXT ( ( #5174 ) ) GLOBAL_UNIT_ASSIGNED_CONTEXT ( ( #377, #4312, #8261 ) ) REPRESENTATION_CONTEXT ( 'NONE', 'WORKASPACE' ) );
#1775 = EDGE_CURVE ( 'NONE', #7848, #8395, #5391, .T. ) ;
#1776 = CARTESIAN_POINT ( 'NONE',  ( -1.424999999999999800, 1.676313579610975200, 0.4496863416405709200 ) ) ;
#1777 = CYLINDRICAL_SURFACE ( 'NONE', #7233, 0.2000000000000000900 ) ;
#1778 = EDGE_LOOP ( 'NONE', ( #499, #4360, #2624, #2539 ) ) ;
#1779 = FILL_AREA_STYLE_COLOUR ( '', #7874 ) ;
#1780 = UNCERTAINTY_MEASURE_WITH_UNIT (LENGTH_MEASURE( 1.000000000000000100E-005 ), #8284, 'distance_accuracy_value', 'NONE');
#1781 = COLOUR_RGB ( '',1.000000000000000000, 1.000000000000000000, 1.000000000000000000 ) ;
#1782 = DIRECTION ( 'NONE',  ( -0.0000000000000000000, 2.710505431213761100E-016, 1.000000000000000000 ) ) ;
#1783 = VECTOR ( 'NONE', #4676, 1000.000000000000000 ) ;
#1784 = LINE ( 'NONE', #632, #3515 ) ;
#1785 = EDGE_CURVE ( 'NONE', #2147, #6289, #5590, .T. ) ;
#1786 = CARTESIAN_POINT ( 'NONE',  ( -0.9249999999999998200, 1.500000000000000400, 0.4365000000000020500 ) ) ;
#1787 = DIRECTION ( 'NONE',  ( -0.0000000000000000000, 0.1038294617367628000, -0.9945951150470496700 ) ) ;
#1788 = DIRECTION ( 'NONE',  ( 0.0000000000000000000, 1.000000000000000000, -3.686287386450737200E-014 ) ) ;
#1789 = PLANE ( 'NONE',  #1716 ) ;
#1790 = ORIENTED_EDGE ( 'NONE', *, *, #5816, .T. ) ;
#1791 = CARTESIAN_POINT ( 'NONE',  ( -1.424999999999999800, -1.550000000000000300, 0.4365000000000002200 ) ) ;
#1792 = STYLED_ITEM ( 'NONE', ( #2770 ), #2903 ) ;
#1793 = CARTESIAN_POINT ( 'NONE',  ( 0.07500000000000019200, 1.710000000000000200, 0.1270000000000002200 ) ) ;
#1794 = CARTESIAN_POINT ( 'NONE',  ( 0.07500000000000019200, 2.000000000000000000, 2.439454888092385000E-016 ) ) ;
#1795 = VECTOR ( 'NONE', #3544, 1000.000000000000000 ) ;
#1796 = DIRECTION ( 'NONE',  ( -0.0000000000000000000, -0.0000000000000000000, 1.000000000000000000 ) ) ;
#1797 = UNCERTAINTY_MEASURE_WITH_UNIT (LENGTH_MEASURE( 1.000000000000000100E-005 ), #1193, 'distance_accuracy_value', 'NONE');
#1798 = ADVANCED_FACE ( 'NONE', ( #1865 ), #6662, .F. ) ;
#1799 = EDGE_CURVE ( 'NONE', #4916, #6221, #8071, .T. ) ;
#1800 = MECHANICAL_DESIGN_GEOMETRIC_PRESENTATION_REPRESENTATION (  '', ( #504 ), #2218 ) ;
#1801 = PLANE ( 'NONE',  #2560 ) ;
#1802 = PRESENTATION_STYLE_ASSIGNMENT (( #2018 ) ) ;
#1803 = PLANE ( 'NONE',  #2000 ) ;
#1804 = ORIENTED_EDGE ( 'NONE', *, *, #2906, .T. ) ;
#1805 = VECTOR ( 'NONE', #4072, 1000.000000000000000 ) ;
#1806 = VERTEX_POINT ( 'NONE', #2077 ) ;
#1807 = DIRECTION ( 'NONE',  ( -0.0000000000000000000, -1.000000000000000000, -0.0000000000000000000 ) ) ;
#1808 = CARTESIAN_POINT ( 'NONE',  ( 0.5750000000000001800, -2.000000000000000000, 0.1270000000000002500 ) ) ;
#1809 = ORIENTED_EDGE ( 'NONE', *, *, #3974, .T. ) ;
#1810 = VECTOR ( 'NONE', #3832, 1000.000000000000000 ) ;
#1811 =( NAMED_UNIT ( * ) PLANE_ANGLE_UNIT ( ) SI_UNIT ( $, .RADIAN. ) );
#1812 = PRESENTATION_LAYER_ASSIGNMENT (  '', '', ( #954 ) ) ;
#1813 = CARTESIAN_POINT ( 'NONE',  ( -0.9249999999999998200, -1.500000000000000000, 0.5635000000000020000 ) ) ;
#1814 = LINE ( 'NONE', #2437, #6864 ) ;
#1815 = CIRCLE ( 'NONE', #6305, 0.1269999999999999500 ) ;
#1816 = ORIENTED_EDGE ( 'NONE', *, *, #2887, .T. ) ;
#1817 = PLANE ( 'NONE',  #359 ) ;
#1818 = CARTESIAN_POINT ( 'NONE',  ( 1.575000000000000200, 2.000000000000000000, 0.1270000000000002500 ) ) ;
#1819 = EDGE_LOOP ( 'NONE', ( #6254, #6159, #1903, #5431 ) ) ;
#1820 = SURFACE_STYLE_USAGE ( .BOTH. , #5776 ) ;
#1821 = ORIENTED_EDGE ( 'NONE', *, *, #6098, .F. ) ;
#1822 = ORIENTED_EDGE ( 'NONE', *, *, #7064, .F. ) ;
#1823 = CARTESIAN_POINT ( 'NONE',  ( 1.075000000000000200, 1.583686420389025100, 0.1138136583594313900 ) ) ;
#1824 = MECHANICAL_DESIGN_GEOMETRIC_PRESENTATION_REPRESENTATION (  '', ( #527 ), #2246 ) ;
#1825 = CARTESIAN_POINT ( 'NONE',  ( -1.424999999999999800, -1.500000000000000400, 0.4365000000000020500 ) ) ;
#1826 = EDGE_CURVE ( 'NONE', #2500, #2248, #4764, .T. ) ;
#1827 = SURFACE_STYLE_FILL_AREA ( #3318 ) ;
#1828 = AXIS2_PLACEMENT_3D ( 'NONE', #3037, #7667, #3698 ) ;
#1829 = VECTOR ( 'NONE', #5688, 1000.000000000000000 ) ;
#1830 = FILL_AREA_STYLE_COLOUR ( '', #4841 ) ;
#1831 =( GEOMETRIC_REPRESENTATION_CONTEXT ( 3 ) GLOBAL_UNCERTAINTY_ASSIGNED_CONTEXT ( ( #3761 ) ) GLOBAL_UNIT_ASSIGNED_CONTEXT ( ( #6062, #1442, #1278 ) ) REPRESENTATION_CONTEXT ( 'NONE', 'WORKASPACE' ) );
#1832 = VERTEX_POINT ( 'NONE', #5393 ) ;
#1833 = DIRECTION ( 'NONE',  ( -1.000000000000000000, 0.0000000000000000000, -0.0000000000000000000 ) ) ;
#1834 = ORIENTED_EDGE ( 'NONE', *, *, #8537, .T. ) ;
#1835 = ADVANCED_FACE ( 'NONE', ( #1274 ), #7227, .T. ) ;
#1836 = DIRECTION ( 'NONE',  ( 0.0000000000000000000, 0.0000000000000000000, 1.000000000000000000 ) ) ;
#1837 = EDGE_CURVE ( 'NONE', #4709, #7446, #5693, .T. ) ;
#1838 = DIRECTION ( 'NONE',  ( 1.000000000000000000, 0.0000000000000000000, 0.0000000000000000000 ) ) ;
#1839 = FACE_OUTER_BOUND ( 'NONE', #563, .T. ) ;
#1840 = PLANE ( 'NONE',  #2550 ) ;
#1841 =( NAMED_UNIT ( * ) PLANE_ANGLE_UNIT ( ) SI_UNIT ( $, .RADIAN. ) );
#1842 = FACE_OUTER_BOUND ( 'NONE', #3574, .T. ) ;
#1843 = EDGE_CURVE ( 'NONE', #5123, #5928, #3924, .T. ) ;
#1844 =( GEOMETRIC_REPRESENTATION_CONTEXT ( 3 ) GLOBAL_UNCERTAINTY_ASSIGNED_CONTEXT ( ( #2913 ) ) GLOBAL_UNIT_ASSIGNED_CONTEXT ( ( #1478, #3456, #6085 ) ) REPRESENTATION_CONTEXT ( 'NONE', 'WORKASPACE' ) );
#1845 = STYLED_ITEM ( 'NONE', ( #6042 ), #8470 ) ;
#1846 =( NAMED_UNIT ( * ) SI_UNIT ( $, .STERADIAN. ) SOLID_ANGLE_UNIT ( ) );
#1847 = CARTESIAN_POINT ( 'NONE',  ( 2.125000000000000000, -1.500000000000000000, 0.4365000000000000000 ) ) ;
#1848 = VERTEX_POINT ( 'NONE', #7379 ) ;
#1849 = FACE_OUTER_BOUND ( 'NONE', #7801, .T. ) ;
#1850 = VECTOR ( 'NONE', #8039, 1000.000000000000000 ) ;
#1851 = DIRECTION ( 'NONE',  ( 1.000000000000000000, 0.0000000000000000000, 0.0000000000000000000 ) ) ;
#1852 =( NAMED_UNIT ( * ) PLANE_ANGLE_UNIT ( ) SI_UNIT ( $, .RADIAN. ) );
#1853 = FACE_OUTER_BOUND ( 'NONE', #3223, .T. ) ;
#1854 = ORIENTED_EDGE ( 'NONE', *, *, #4858, .F. ) ;
#1855 = EDGE_CURVE ( 'NONE', #484, #7260, #5481, .T. ) ;
#1856 = DIRECTION ( 'NONE',  ( 0.0000000000000000000, 0.0000000000000000000, -1.000000000000000000 ) ) ;
#1857 =( GEOMETRIC_REPRESENTATION_CONTEXT ( 3 ) GLOBAL_UNCERTAINTY_ASSIGNED_CONTEXT ( ( #852 ) ) GLOBAL_UNIT_ASSIGNED_CONTEXT ( ( #1706, #6306, #2339 ) ) REPRESENTATION_CONTEXT ( 'NONE', 'WORKASPACE' ) );
#1858 = DIRECTION ( 'NONE',  ( 0.0000000000000000000, 0.0000000000000000000, 1.000000000000000000 ) ) ;
#1859 = EDGE_LOOP ( 'NONE', ( #1667, #3235, #7630, #247, #4752, #6983 ) ) ;
#1860 = CARTESIAN_POINT ( 'NONE',  ( -1.125000000000000000, -1.550000000000000300, 0.4365000000000001100 ) ) ;
#1861 = AXIS2_PLACEMENT_3D ( 'NONE', #517, #5104, #1164 ) ;
#1862 = PLANE ( 'NONE',  #5912 ) ;
#1863 = CYLINDRICAL_SURFACE ( 'NONE', #515, 0.1269999999999999500 ) ;
#1864 = PRESENTATION_LAYER_ASSIGNMENT (  '', '', ( #1020 ) ) ;
#1865 = FACE_OUTER_BOUND ( 'NONE', #7653, .T. ) ;
#1866 = ORIENTED_EDGE ( 'NONE', *, *, #221, .T. ) ;
#1867 = UNCERTAINTY_MEASURE_WITH_UNIT (LENGTH_MEASURE( 1.000000000000000100E-005 ), #1978, 'distance_accuracy_value', 'NONE');
#1868 = EDGE_CURVE ( 'NONE', #2007, #672, #3709, .T. ) ;
#1869 =( LENGTH_UNIT ( ) NAMED_UNIT ( * ) SI_UNIT ( .MILLI., .METRE. ) );
#1870 = ADVANCED_FACE ( 'NONE', ( #5278 ), #1777, .T. ) ;
#1871 = SURFACE_STYLE_FILL_AREA ( #3916 ) ;
#1872 = AXIS2_PLACEMENT_3D ( 'NONE', #7173, #3216, #7841 ) ;
#1873 = ORIENTED_EDGE ( 'NONE', *, *, #263, .F. ) ;
#1874 = AXIS2_PLACEMENT_3D ( 'NONE', #5206, #1270, #5875 ) ;
#1875 = PRESENTATION_STYLE_ASSIGNMENT (( #1957 ) ) ;
#1876 = PLANE ( 'NONE',  #2758 ) ;
#1877 = DIRECTION ( 'NONE',  ( 0.0000000000000000000, 3.414809992080329100E-015, -1.000000000000000000 ) ) ;
#1878 = EDGE_CURVE ( 'NONE', #7756, #5647, #3504, .T. ) ;
#1879 = CARTESIAN_POINT ( 'NONE',  ( -1.800000000000000000, 1.300000000000000000, 0.3000000000000000400 ) ) ;
#1880 = ORIENTED_EDGE ( 'NONE', *, *, #819, .F. ) ;
#1881 =( NAMED_UNIT ( * ) PLANE_ANGLE_UNIT ( ) SI_UNIT ( $, .RADIAN. ) );
#1882 = EDGE_LOOP ( 'NONE', ( #237, #6541, #2004, #2316, #4905, #6767, #1228, #4747, #5584, #692 ) ) ;
#1883 = CARTESIAN_POINT ( 'NONE',  ( 1.800000000000000000, 1.300000000000000000, 0.3000000000000000400 ) ) ;
#1884 = SURFACE_SIDE_STYLE ('',( #7865 ) ) ;
#1885 = AXIS2_PLACEMENT_3D ( 'NONE', #6897, #7113, #8428 ) ;
#1886 = VECTOR ( 'NONE', #6088, 1000.000000000000000 ) ;
#1887 = AXIS2_PLACEMENT_3D ( 'NONE', #2833, #7462, #3488 ) ;
#1888 = LINE ( 'NONE', #2180, #5203 ) ;
#1889 = CARTESIAN_POINT ( 'NONE',  ( -1.125000000000000000, 2.000000000000000000, 2.439454888092385000E-016 ) ) ;
#1890 = VERTEX_POINT ( 'NONE', #2835 ) ;
#1891 = VERTEX_POINT ( 'NONE', #6797 ) ;
#1892 = VECTOR ( 'NONE', #4874, 1000.000000000000000 ) ;
#1893 = CARTESIAN_POINT ( 'NONE',  ( 1.575000000000000200, 1.550000000000000300, 0.4365000000000001100 ) ) ;
#1894 = ORIENTED_EDGE ( 'NONE', *, *, #2763, .T. ) ;
#1895 =( NAMED_UNIT ( * ) PLANE_ANGLE_UNIT ( ) SI_UNIT ( $, .RADIAN. ) );
#1896 = LINE ( 'NONE', #2569, #5211 ) ;
#1897 = CARTESIAN_POINT ( 'NONE',  ( -0.4249999999999998200, -1.710000000000000200, 2.710505431213761100E-016 ) ) ;
#1898 = VECTOR ( 'NONE', #2627, 1000.000000000000000 ) ;
#1899 = EDGE_CURVE ( 'NONE', #177, #6153, #7025, .T. ) ;
#1900 = STYLED_ITEM ( 'NONE', ( #8426 ), #4083 ) ;
#1901 = CIRCLE ( 'NONE', #2134, 0.1270000000000008600 ) ;
#1902 =( NAMED_UNIT ( * ) PLANE_ANGLE_UNIT ( ) SI_UNIT ( $, .RADIAN. ) );
#1903 = ORIENTED_EDGE ( 'NONE', *, *, #4606, .T. ) ;
#1904 = CARTESIAN_POINT ( 'NONE',  ( 1.800000000000000000, 1.300000000000000000, 0.2999999999999999900 ) ) ;
#1905 = EDGE_LOOP ( 'NONE', ( #5742, #1854, #432, #8143 ) ) ;
#1906 = DIRECTION ( 'NONE',  ( -1.000000000000000000, -0.0000000000000000000, -0.0000000000000000000 ) ) ;
#1907 = PLANE ( 'NONE',  #6966 ) ;
#1908 = FILL_AREA_STYLE_COLOUR ( '', #5448 ) ;
#1909 = VERTEX_POINT ( 'NONE', #246 ) ;
#1910 = COLOUR_RGB ( '',1.000000000000000000, 1.000000000000000000, 1.000000000000000000 ) ;
#1911 = COLOUR_RGB ( '',1.000000000000000000, 1.000000000000000000, 1.000000000000000000 ) ;
#1912 = SURFACE_SIDE_STYLE ('',( #6092 ) ) ;
#1913 = ADVANCED_FACE ( 'NONE', ( #3297 ), #4175, .F. ) ;
#1914 = SURFACE_STYLE_USAGE ( .BOTH. , #5884 ) ;
#1915 =( GEOMETRIC_REPRESENTATION_CONTEXT ( 3 ) GLOBAL_UNCERTAINTY_ASSIGNED_CONTEXT ( ( #4390 ) ) GLOBAL_UNIT_ASSIGNED_CONTEXT ( ( #6971, #7716, #7658 ) ) REPRESENTATION_CONTEXT ( 'NONE', 'WORKASPACE' ) );
#1916 = UNCERTAINTY_MEASURE_WITH_UNIT (LENGTH_MEASURE( 1.000000000000000100E-005 ), #1932, 'distance_accuracy_value', 'NONE');
#1917 = CARTESIAN_POINT ( 'NONE',  ( -1.625000000000000000, -1.550000000000000300, 0.4365000000000001100 ) ) ;
#1918 = ORIENTED_EDGE ( 'NONE', *, *, #7972, .T. ) ;
#1919 = FILL_AREA_STYLE ('',( #3877 ) ) ;
#1920 = FACE_OUTER_BOUND ( 'NONE', #278, .T. ) ;
#1921 = DIRECTION ( 'NONE',  ( 0.0000000000000000000, 0.0000000000000000000, 1.000000000000000000 ) ) ;
#1922 = CARTESIAN_POINT ( 'NONE',  ( -0.1249999999999998900, 1.710000000000000200, 0.1270000000000002500 ) ) ;
#1923 = AXIS2_PLACEMENT_3D ( 'NONE', #7922, #3954, #38 ) ;
#1924 = FILL_AREA_STYLE ('',( #4559 ) ) ;
#1925 =( GEOMETRIC_REPRESENTATION_CONTEXT ( 3 ) GLOBAL_UNCERTAINTY_ASSIGNED_CONTEXT ( ( #4121 ) ) GLOBAL_UNIT_ASSIGNED_CONTEXT ( ( #6693, #2718, #7339 ) ) REPRESENTATION_CONTEXT ( 'NONE', 'WORKASPACE' ) );
#1926 = DIRECTION ( 'NONE',  ( 0.0000000000000000000, 0.0000000000000000000, 1.000000000000000000 ) ) ;
#1927 = EDGE_CURVE ( 'NONE', #3487, #7259, #4455, .T. ) ;
#1928 = ORIENTED_EDGE ( 'NONE', *, *, #2010, .T. ) ;
#1929 = CARTESIAN_POINT ( 'NONE',  ( 0.5750000000000001800, 1.500000000000000000, 0.5635000000000020000 ) ) ;
#1930 = CARTESIAN_POINT ( 'NONE',  ( -0.9249999999999998200, -1.583686420389025100, 0.1138136583594313900 ) ) ;
#1931 = STYLED_ITEM ( 'NONE', ( #5064 ), #2816 ) ;
#1932 =( LENGTH_UNIT ( ) NAMED_UNIT ( * ) SI_UNIT ( .MILLI., .METRE. ) );
#1933 = SURFACE_STYLE_USAGE ( .BOTH. , #3803 ) ;
#1934 = EDGE_LOOP ( 'NONE', ( #6540, #7346, #2714, #3397 ) ) ;
#1935 =( NAMED_UNIT ( * ) PLANE_ANGLE_UNIT ( ) SI_UNIT ( $, .RADIAN. ) );
#1936 = VERTEX_POINT ( 'NONE', #1593 ) ;
#1937 = EDGE_CURVE ( 'NONE', #3193, #5616, #7753, .T. ) ;
#1938 = CARTESIAN_POINT ( 'NONE',  ( -1.625000000000000000, -1.710000000000000200, 0.1270000000000002200 ) ) ;
#1939 =( LENGTH_UNIT ( ) NAMED_UNIT ( * ) SI_UNIT ( .MILLI., .METRE. ) );
#1940 = CARTESIAN_POINT ( 'NONE',  ( 1.575000000000000200, 1.550000000000000000, 0.5635000000000010000 ) ) ;
#1941 = ORIENTED_EDGE ( 'NONE', *, *, #4927, .T. ) ;
#1942 = EDGE_LOOP ( 'NONE', ( #889, #2864, #7780, #131 ) ) ;
#1943 = EDGE_CURVE ( 'NONE', #3315, #2759, #968, .T. ) ;
#1944 = ADVANCED_FACE ( 'NONE', ( #6819 ), #946, .F. ) ;
#1945 = CARTESIAN_POINT ( 'NONE',  ( -0.1249999999999998900, 1.583686420389025100, 0.1138136583594313900 ) ) ;
#1946 = ORIENTED_EDGE ( 'NONE', *, *, #7032, .T. ) ;
#1947 = PRESENTATION_LAYER_ASSIGNMENT (  '', '', ( #1539 ) ) ;
#1948 = LINE ( 'NONE', #3386, #1767 ) ;
#1949 = DIRECTION ( 'NONE',  ( 0.0000000000000000000, -1.000000000000000000, 3.414809992080329100E-015 ) ) ;
#1950 = ADVANCED_FACE ( 'NONE', ( #2682 ), #6235, .F. ) ;
#1951 = ORIENTED_EDGE ( 'NONE', *, *, #2386, .T. ) ;
#1952 = CARTESIAN_POINT ( 'NONE',  ( 0.5750000000000001800, -1.500000000000000400, 0.4365000000000020500 ) ) ;
#1953 = DIRECTION ( 'NONE',  ( -0.0000000000000000000, -1.000000000000000000, -0.0000000000000000000 ) ) ;
#1954 = ORIENTED_EDGE ( 'NONE', *, *, #729, .T. ) ;
#1955 = AXIS2_PLACEMENT_3D ( 'NONE', #8356, #4409, #6363 ) ;
#1956 = CARTESIAN_POINT ( 'NONE',  ( 1.075000000000000200, -1.583686420389025100, 0.1138136583594313900 ) ) ;
#1957 = SURFACE_STYLE_USAGE ( .BOTH. , #5934 ) ;
#1958 = MECHANICAL_DESIGN_GEOMETRIC_PRESENTATION_REPRESENTATION (  '', ( #681 ), #2406 ) ;
#1959 = LINE ( 'NONE', #1610, #242 ) ;
#1960 = COLOUR_RGB ( '',1.000000000000000000, 1.000000000000000000, 1.000000000000000000 ) ;
#1961 = CARTESIAN_POINT ( 'NONE',  ( -1.625000000000000000, -1.500000000000000400, 0.4365000000000020500 ) ) ;
#1962 = VERTEX_POINT ( 'NONE', #3579 ) ;
#1963 = UNCERTAINTY_MEASURE_WITH_UNIT (LENGTH_MEASURE( 1.000000000000000100E-005 ), #3180, 'distance_accuracy_value', 'NONE');
#1964 = CARTESIAN_POINT ( 'NONE',  ( 2.125000000000000000, -1.500000000000000000, 0.5635000000000000000 ) ) ;
#1965 = ORIENTED_EDGE ( 'NONE', *, *, #616, .T. ) ;
#1966 = ORIENTED_EDGE ( 'NONE', *, *, #149, .F. ) ;
#1967 = FILL_AREA_STYLE_COLOUR ( '', #909 ) ;
#1968 = SURFACE_STYLE_USAGE ( .BOTH. , #5945 ) ;
#1969 = LINE ( 'NONE', #3337, #52 ) ;
#1970 = DIRECTION ( 'NONE',  ( 0.0000000000000000000, 1.000000000000000000, 0.0000000000000000000 ) ) ;
#1971 = UNCERTAINTY_MEASURE_WITH_UNIT (LENGTH_MEASURE( 1.000000000000000100E-005 ), #2409, 'distance_accuracy_value', 'NONE');
#1972 = ORIENTED_EDGE ( 'NONE', *, *, #3630, .T. ) ;
#1973 = STYLED_ITEM ( 'NONE', ( #8305 ), #6041 ) ;
#1974 =( NAMED_UNIT ( * ) SI_UNIT ( $, .STERADIAN. ) SOLID_ANGLE_UNIT ( ) );
#1975 = AXIS2_PLACEMENT_3D ( 'NONE', #5501, #1571, #6185 ) ;
#1976 =( NAMED_UNIT ( * ) SI_UNIT ( $, .STERADIAN. ) SOLID_ANGLE_UNIT ( ) );
#1977 = EDGE_CURVE ( 'NONE', #6289, #5805, #4241, .T. ) ;
#1978 =( LENGTH_UNIT ( ) NAMED_UNIT ( * ) SI_UNIT ( .MILLI., .METRE. ) );
#1979 = ORIENTED_EDGE ( 'NONE', *, *, #4088, .T. ) ;
#1980 = LINE ( 'NONE', #3113, #260 ) ;
#1981 = ORIENTED_EDGE ( 'NONE', *, *, #7806, .T. ) ;
#1982 = FILL_AREA_STYLE ('',( #1346 ) ) ;
#1983 =( GEOMETRIC_REPRESENTATION_CONTEXT ( 3 ) GLOBAL_UNCERTAINTY_ASSIGNED_CONTEXT ( ( #8020 ) ) GLOBAL_UNIT_ASSIGNED_CONTEXT ( ( #253, #4842, #929 ) ) REPRESENTATION_CONTEXT ( 'NONE', 'WORKASPACE' ) );
#1984 = CARTESIAN_POINT ( 'NONE',  ( 0.5750000000000001800, -2.000000000000000000, 0.1270000000000002500 ) ) ;
#1985 = MECHANICAL_DESIGN_GEOMETRIC_PRESENTATION_REPRESENTATION (  '', ( #704 ), #2433 ) ;
#1986 = ORIENTED_EDGE ( 'NONE', *, *, #5055, .F. ) ;
#1987 = CARTESIAN_POINT ( 'NONE',  ( -0.9249999999999998200, -1.500000000000000400, 0.4365000000000020500 ) ) ;
#1988 = DIRECTION ( 'NONE',  ( -0.0000000000000000000, -0.0000000000000000000, 1.000000000000000000 ) ) ;
#1989 = EDGE_CURVE ( 'NONE', #7899, #7884, #7550, .T. ) ;
#1990 = CIRCLE ( 'NONE', #3497, 0.1270000000000008600 ) ;
#1991 = DIRECTION ( 'NONE',  ( 0.0000000000000000000, -0.1038294617367628000, 0.9945951150470496700 ) ) ;
#1992 =( NAMED_UNIT ( * ) PLANE_ANGLE_UNIT ( ) SI_UNIT ( $, .RADIAN. ) );
#1993 = ADVANCED_FACE ( 'NONE', ( #5795 ), #4021, .T. ) ;
#1994 = ORIENTED_EDGE ( 'NONE', *, *, #6365, .F. ) ;
#1995 = ORIENTED_EDGE ( 'NONE', *, *, #1632, .T. ) ;
#1996 = EDGE_CURVE ( 'NONE', #6056, #1683, #2480, .T. ) ;
#1997 = LINE ( 'NONE', #173, #273 ) ;
#1998 = CARTESIAN_POINT ( 'NONE',  ( -0.1249999999999998900, 2.000000000000000000, 0.1270000000000002500 ) ) ;
#1999 = MECHANICAL_DESIGN_GEOMETRIC_PRESENTATION_REPRESENTATION (  '', ( #717 ), #2448 ) ;
#2000 = AXIS2_PLACEMENT_3D ( 'NONE', #4569, #650, #5238 ) ;
#2001 = SURFACE_STYLE_USAGE ( .BOTH. , #5972 ) ;
#2002 = EDGE_LOOP ( 'NONE', ( #7395, #5399, #191, #7577, #431, #2939, #1753, #2226, #7327, #8246, #1531, #3174 ) ) ;
#2003 = DIRECTION ( 'NONE',  ( -0.0000000000000000000, -1.000000000000000000, 2.168404344971012800E-015 ) ) ;
#2004 = ORIENTED_EDGE ( 'NONE', *, *, #8446, .T. ) ;
#2005 = LINE ( 'NONE', #3062, #280 ) ;
#2006 = LINE ( 'NONE', #7117, #1313 ) ;
#2007 = VERTEX_POINT ( 'NONE', #361 ) ;
#2008 = CARTESIAN_POINT ( 'NONE',  ( 1.575000000000000200, -1.710000000000000200, 2.710505431213761100E-016 ) ) ;
#2009 = DIRECTION ( 'NONE',  ( 1.000000000000000000, 0.0000000000000000000, 0.0000000000000000000 ) ) ;
#2010 = EDGE_CURVE ( 'NONE', #8289, #7160, #3807, .T. ) ;
#2011 = SURFACE_STYLE_USAGE ( .BOTH. , #1345 ) ;
#2012 = CARTESIAN_POINT ( 'NONE',  ( 0.07500000000000019200, -1.583686420389025100, 0.1138136583594313900 ) ) ;
#2013 = CYLINDRICAL_SURFACE ( 'NONE', #7510, 0.1269999999999999500 ) ;
#2014 = CARTESIAN_POINT ( 'NONE',  ( 1.075000000000000200, 2.000000000000000000, 0.1270000000000002500 ) ) ;
#2015 = DIRECTION ( 'NONE',  ( -1.000000000000000000, 0.0000000000000000000, 0.0000000000000000000 ) ) ;
#2016 = SURFACE_STYLE_USAGE ( .BOTH. , #5988 ) ;
#2017 = UNCERTAINTY_MEASURE_WITH_UNIT (LENGTH_MEASURE( 1.000000000000000100E-005 ), #3099, 'distance_accuracy_value', 'NONE');
#2018 = SURFACE_STYLE_USAGE ( .BOTH. , #5994 ) ;
#2019 = ORIENTED_EDGE ( 'NONE', *, *, #753, .T. ) ;
#2020 = PLANE ( 'NONE',  #1130 ) ;
#2021 =( GEOMETRIC_REPRESENTATION_CONTEXT ( 3 ) GLOBAL_UNCERTAINTY_ASSIGNED_CONTEXT ( ( #3022 ) ) GLOBAL_UNIT_ASSIGNED_CONTEXT ( ( #4237, #301, #4900 ) ) REPRESENTATION_CONTEXT ( 'NONE', 'WORKASPACE' ) );
#2022 = SURFACE_STYLE_USAGE ( .BOTH. , #5996 ) ;
#2023 = ADVANCED_FACE ( 'NONE', ( #5582 ), #6502, .T. ) ;
#2024 = LINE ( 'NONE', #1794, #7088 ) ;
#2025 = EDGE_CURVE ( 'NONE', #7830, #4375, #4973, .T. ) ;
#2026 = SURFACE_STYLE_FILL_AREA ( #3715 ) ;
#2027 = FILL_AREA_STYLE ('',( #4663 ) ) ;
#2028 = DIRECTION ( 'NONE',  ( 0.0000000000000000000, -1.084202172485504800E-016, 1.000000000000000000 ) ) ;
#2029 =( GEOMETRIC_REPRESENTATION_CONTEXT ( 3 ) GLOBAL_UNCERTAINTY_ASSIGNED_CONTEXT ( ( #4863 ) ) GLOBAL_UNIT_ASSIGNED_CONTEXT ( ( #3058, #7689, #3716 ) ) REPRESENTATION_CONTEXT ( 'NONE', 'WORKASPACE' ) );
#2030 = ADVANCED_FACE ( 'NONE', ( #2981 ), #658, .T. ) ;
#2031 = LINE ( 'NONE', #3038, #1658 ) ;
#2032 = FILL_AREA_STYLE ('',( #765 ) ) ;
#2033 = EDGE_CURVE ( 'NONE', #6913, #7260, #7644, .T. ) ;
#2034 = VECTOR ( 'NONE', #2747, 1000.000000000000200 ) ;
#2035 = UNCERTAINTY_MEASURE_WITH_UNIT (LENGTH_MEASURE( 1.000000000000000100E-005 ), #7733, 'distance_accuracy_value', 'NONE');
#2036 = CARTESIAN_POINT ( 'NONE',  ( 1.575000000000000200, 1.583686420389025100, 0.1138136583594313900 ) ) ;
#2037 = ORIENTED_EDGE ( 'NONE', *, *, #7032, .F. ) ;
#2038 =( LENGTH_UNIT ( ) NAMED_UNIT ( * ) SI_UNIT ( .MILLI., .METRE. ) );
#2039 = LINE ( 'NONE', #3941, #1850 ) ;
#2040 = CIRCLE ( 'NONE', #824, 0.1270000000000008600 ) ;
#2041 = ORIENTED_EDGE ( 'NONE', *, *, #2275, .T. ) ;
#2042 = STYLED_ITEM ( 'NONE', ( #5777 ), #3003 ) ;
#2043 = SURFACE_STYLE_USAGE ( .BOTH. , #3739 ) ;
#2044 = DIRECTION ( 'NONE',  ( -1.000000000000000000, -0.0000000000000000000, -0.0000000000000000000 ) ) ;
#2045 = PRESENTATION_LAYER_ASSIGNMENT (  '', '', ( #1203 ) ) ;
#2046 = DIRECTION ( 'NONE',  ( 0.0000000000000000000, -0.1038294617367628800, -0.9945951150470496700 ) ) ;
#2047 = CARTESIAN_POINT ( 'NONE',  ( -0.6249999999999998900, 2.000000000000000000, 0.1270000000000002500 ) ) ;
#2048 = VECTOR ( 'NONE', #7804, 1000.000000000000000 ) ;
#2049 = VERTEX_POINT ( 'NONE', #2346 ) ;
#2050 = DIRECTION ( 'NONE',  ( -1.000000000000000000, 0.0000000000000000000, 0.0000000000000000000 ) ) ;
#2051 = SURFACE_STYLE_USAGE ( .BOTH. , #6027 ) ;
#2052 = ADVANCED_FACE ( 'NONE', ( #2372 ), #1075, .F. ) ;
#2053 = COLOUR_RGB ( '',1.000000000000000000, 1.000000000000000000, 1.000000000000000000 ) ;
#2054 = DIRECTION ( 'NONE',  ( 0.0000000000000000000, 0.0000000000000000000, -1.000000000000000000 ) ) ;
#2055 = COLOUR_RGB ( '',1.000000000000000000, 1.000000000000000000, 1.000000000000000000 ) ;
#2056 = VECTOR ( 'NONE', #1030, 1000.000000000000000 ) ;
#2057 = EDGE_CURVE ( 'NONE', #4366, #1909, #3914, .T. ) ;
#2058 = ORIENTED_EDGE ( 'NONE', *, *, #819, .T. ) ;
#2059 = ORIENTED_EDGE ( 'NONE', *, *, #2097, .T. ) ;
#2060 = LINE ( 'NONE', #501, #3611 ) ;
#2061 = COLOUR_RGB ( '',1.000000000000000000, 1.000000000000000000, 1.000000000000000000 ) ;
#2062 = SURFACE_STYLE_USAGE ( .BOTH. , #5405 ) ;
#2063 = ORIENTED_EDGE ( 'NONE', *, *, #6029, .F. ) ;
#2064 = ORIENTED_EDGE ( 'NONE', *, *, #5055, .T. ) ;
#2065 =( LENGTH_UNIT ( ) NAMED_UNIT ( * ) SI_UNIT ( .MILLI., .METRE. ) );
#2066 = CARTESIAN_POINT ( 'NONE',  ( 0.5750000000000001800, 1.583686420389025100, 0.1138136583594313900 ) ) ;
#2067 = MECHANICAL_DESIGN_GEOMETRIC_PRESENTATION_REPRESENTATION (  '', ( #797 ), #2519 ) ;
#2068 =( NAMED_UNIT ( * ) SI_UNIT ( $, .STERADIAN. ) SOLID_ANGLE_UNIT ( ) );
#2069 =( NAMED_UNIT ( * ) SI_UNIT ( $, .STERADIAN. ) SOLID_ANGLE_UNIT ( ) );
#2070 = PRESENTATION_STYLE_ASSIGNMENT (( #2468 ) ) ;
#2071 = ORIENTED_EDGE ( 'NONE', *, *, #4174, .F. ) ;
#2072 = CARTESIAN_POINT ( 'NONE',  ( -1.625000000000000000, -1.710000000000000200, 0.1270000000000002500 ) ) ;
#2073 = VERTEX_POINT ( 'NONE', #5042 ) ;
#2074 = ADVANCED_FACE ( 'NONE', ( #5684 ), #1759, .F. ) ;
#2075 = CARTESIAN_POINT ( 'NONE',  ( 1.075000000000000200, -1.710000000000000200, 2.710505431213761100E-016 ) ) ;
#2076 = DIRECTION ( 'NONE',  ( 0.0000000000000000000, -1.000000000000000000, 5.421010862427519200E-016 ) ) ;
#2077 = CARTESIAN_POINT ( 'NONE',  ( -1.625000000000000000, 1.550000000000000000, 0.5635000000000010000 ) ) ;
#2078 = AXIS2_PLACEMENT_3D ( 'NONE', #7123, #3170, #7805 ) ;
#2079 = ORIENTED_EDGE ( 'NONE', *, *, #7754, .F. ) ;
#2080 = PRESENTATION_LAYER_ASSIGNMENT (  '', '', ( #2533 ) ) ;
#2081 = DIRECTION ( 'NONE',  ( 0.0000000000000000000, 0.0000000000000000000, 1.000000000000000000 ) ) ;
#2082 = EDGE_CURVE ( 'NONE', #5440, #955, #1566, .T. ) ;
#2083 = FILL_AREA_STYLE_COLOUR ( '', #3492 ) ;
#2084 = VECTOR ( 'NONE', #6719, 1000.000000000000000 ) ;
#2085 = FILL_AREA_STYLE ('',( #8028 ) ) ;
#2086 = ORIENTED_EDGE ( 'NONE', *, *, #3410, .F. ) ;
#2087 = VECTOR ( 'NONE', #8041, 1000.000000000000000 ) ;
#2088 = LINE ( 'NONE', #6829, #1892 ) ;
#2089 = CARTESIAN_POINT ( 'NONE',  ( -0.4249999999999998200, 1.500000000000000400, 0.4365000000000020500 ) ) ;
#2090 =( NAMED_UNIT ( * ) SI_UNIT ( $, .STERADIAN. ) SOLID_ANGLE_UNIT ( ) );
#2091 = ORIENTED_EDGE ( 'NONE', *, *, #1133, .F. ) ;
#2092 = PRESENTATION_LAYER_ASSIGNMENT (  '', '', ( #1691 ) ) ;
#2093 =( GEOMETRIC_REPRESENTATION_CONTEXT ( 3 ) GLOBAL_UNCERTAINTY_ASSIGNED_CONTEXT ( ( #2494 ) ) GLOBAL_UNIT_ASSIGNED_CONTEXT ( ( #5703, #7007, #2927 ) ) REPRESENTATION_CONTEXT ( 'NONE', 'WORKASPACE' ) );
#2094 = FILL_AREA_STYLE ('',( #151 ) ) ;
#2095 = LINE ( 'NONE', #1961, #3444 ) ;
#2096 = DIRECTION ( 'NONE',  ( 0.0000000000000000000, -1.000000000000000000, 1.168321306557656000E-016 ) ) ;
#2097 = EDGE_CURVE ( 'NONE', #1267, #4190, #2153, .T. ) ;
#2098 = CARTESIAN_POINT ( 'NONE',  ( -1.800000000000000000, 1.300000000000000300, 0.5635000000000000000 ) ) ;
#2099 = FILL_AREA_STYLE_COLOUR ( '', #2960 ) ;
#2100 = VECTOR ( 'NONE', #8481, 1000.000000000000000 ) ;
#2101 = VERTEX_POINT ( 'NONE', #4411 ) ;
#2102 = VECTOR ( 'NONE', #4616, 1000.000000000000100 ) ;
#2103 = ORIENTED_EDGE ( 'NONE', *, *, #6700, .F. ) ;
#2104 = ORIENTED_EDGE ( 'NONE', *, *, #3185, .F. ) ;
#2105 = CARTESIAN_POINT ( 'NONE',  ( -0.9249999999999998200, 2.000000000000000000, 2.439454888092385000E-016 ) ) ;
#2106 = VECTOR ( 'NONE', #3668, 1000.000000000000000 ) ;
#2107 = CARTESIAN_POINT ( 'NONE',  ( -1.424999999999999800, 1.550000000000000000, 0.5635000000000010000 ) ) ;
#2108 = EDGE_CURVE ( 'NONE', #8410, #4245, #8370, .T. ) ;
#2109 = DIRECTION ( 'NONE',  ( 0.0000000000000000000, 0.0000000000000000000, 1.000000000000000000 ) ) ;
#2110 = AXIS2_PLACEMENT_3D ( 'NONE', #1893, #6509, #2549 ) ;
#2111 = CIRCLE ( 'NONE', #3781, 0.1270000000000008600 ) ;
#2112 = LINE ( 'NONE', #3655, #403 ) ;
#2113 =( NAMED_UNIT ( * ) PLANE_ANGLE_UNIT ( ) SI_UNIT ( $, .RADIAN. ) );
#2114 = SURFACE_STYLE_USAGE ( .BOTH. , #6096 ) ;
#2115 = DIRECTION ( 'NONE',  ( -1.000000000000000000, 0.0000000000000000000, -0.0000000000000000000 ) ) ;
#2116 = PRESENTATION_STYLE_ASSIGNMENT (( #6904 ) ) ;
#2117 = EDGE_LOOP ( 'NONE', ( #6433, #7906, #2794, #1809 ) ) ;
#2118 = SURFACE_STYLE_USAGE ( .BOTH. , #6100 ) ;
#2119 = ADVANCED_FACE ( 'NONE', ( #8157 ), #4438, .F. ) ;
#2120 = AXIS2_PLACEMENT_3D ( 'NONE', #1720, #5654, #1059 ) ;
#2121 = LINE ( 'NONE', #3245, #5650 ) ;
#2122 = CARTESIAN_POINT ( 'NONE',  ( -1.800000000000000000, 1.300000000000000300, 0.7000000000000000700 ) ) ;
#2123 = UNCERTAINTY_MEASURE_WITH_UNIT (LENGTH_MEASURE( 1.000000000000000100E-005 ), #3872, 'distance_accuracy_value', 'NONE');
#2124 = ORIENTED_EDGE ( 'NONE', *, *, #832, .T. ) ;
#2125 = LINE ( 'NONE', #5906, #7408 ) ;
#2126 = CARTESIAN_POINT ( 'NONE',  ( -0.6249999999999998900, 1.500000000000000000, 0.5635000000000020000 ) ) ;
#2127 = CARTESIAN_POINT ( 'NONE',  ( -1.125000000000000000, 1.710000000000000200, 0.1270000000000002200 ) ) ;
#2128 = CARTESIAN_POINT ( 'NONE',  ( 0.5750000000000001800, 2.000000000000000000, 2.439454888092385000E-016 ) ) ;
#2129 = DIRECTION ( 'NONE',  ( -1.000000000000000000, 0.0000000000000000000, -0.0000000000000000000 ) ) ;
#2130 = AXIS2_PLACEMENT_3D ( 'NONE', #7220, #3265, #7895 ) ;
#2131 = DIRECTION ( 'NONE',  ( -1.000000000000000000, 0.0000000000000000000, -0.0000000000000000000 ) ) ;
#2132 = PRESENTATION_STYLE_ASSIGNMENT (( #4904 ) ) ;
#2133 = DIRECTION ( 'NONE',  ( 0.0000000000000000000, 0.0000000000000000000, 1.000000000000000000 ) ) ;
#2134 = AXIS2_PLACEMENT_3D ( 'NONE', #5978, #2009, #6639 ) ;
#2135 = SPHERICAL_SURFACE ( 'NONE', #7813, 0.2000000000000000100 ) ;
#2136 = COLOUR_RGB ( '',1.000000000000000000, 1.000000000000000000, 1.000000000000000000 ) ;
#2137 = EDGE_CURVE ( 'NONE', #5416, #82, #763, .T. ) ;
#2138 = DIRECTION ( 'NONE',  ( -0.0000000000000000000, -0.1038294617367629000, 0.9945951150470496700 ) ) ;
#2139 = EDGE_LOOP ( 'NONE', ( #7945, #3016, #4227, #500, #916, #666, #7599, #4457, #5356, #6532 ) ) ;
#2140 = PLANE ( 'NONE',  #948 ) ;
#2141 = VECTOR ( 'NONE', #6507, 1000.000000000000000 ) ;
#2142 = SURFACE_SIDE_STYLE ('',( #958 ) ) ;
#2143 = LINE ( 'NONE', #4579, #436 ) ;
#2144 = MECHANICAL_DESIGN_GEOMETRIC_PRESENTATION_REPRESENTATION (  '', ( #872 ), #2590 ) ;
#2145 = MECHANICAL_DESIGN_GEOMETRIC_PRESENTATION_REPRESENTATION (  '', ( #1292 ), #2593 ) ;
#2146 = FACE_OUTER_BOUND ( 'NONE', #6657, .T. ) ;
#2147 = VERTEX_POINT ( 'NONE', #6434 ) ;
#2148 = CARTESIAN_POINT ( 'NONE',  ( 1.575000000000000200, 2.000000000000000000, 2.439454888092385000E-016 ) ) ;
#2149 = EDGE_CURVE ( 'NONE', #4916, #188, #4013, .T. ) ;
#2150 = ORIENTED_EDGE ( 'NONE', *, *, #2543, .T. ) ;
#2151 = FACE_OUTER_BOUND ( 'NONE', #6120, .T. ) ;
#2152 =( NAMED_UNIT ( * ) SI_UNIT ( $, .STERADIAN. ) SOLID_ANGLE_UNIT ( ) );
#2153 = LINE ( 'NONE', #5674, #6611 ) ;
#2154 = SURFACE_STYLE_USAGE ( .BOTH. , #6139 ) ;
#2155 = VERTEX_POINT ( 'NONE', #3140 ) ;
#2156 = EDGE_LOOP ( 'NONE', ( #6222, #612, #6146, #2777 ) ) ;
#2157 = EDGE_CURVE ( 'NONE', #2407, #1711, #2472, .T. ) ;
#2158 = PRESENTATION_LAYER_ASSIGNMENT (  '', '', ( #1749 ) ) ;
#2159 = VECTOR ( 'NONE', #7139, 1000.000000000000000 ) ;
#2160 =( NAMED_UNIT ( * ) SI_UNIT ( $, .STERADIAN. ) SOLID_ANGLE_UNIT ( ) );
#2161 = ADVANCED_FACE ( 'NONE', ( #550 ), #1218, .F. ) ;
#2162 = FILL_AREA_STYLE ('',( #7428 ) ) ;
#2163 =( NAMED_UNIT ( * ) SI_UNIT ( $, .STERADIAN. ) SOLID_ANGLE_UNIT ( ) );
#2164 = LINE ( 'NONE', #5528, #7444 ) ;
#2165 = VECTOR ( 'NONE', #4118, 1000.000000000000000 ) ;
#2166 = EDGE_LOOP ( 'NONE', ( #5579, #2086, #1994, #2967 ) ) ;
#2167 = CARTESIAN_POINT ( 'NONE',  ( 0.07500000000000019200, 1.500000000000000000, 0.5635000000000020000 ) ) ;
#2168 = VERTEX_POINT ( 'NONE', #8452 ) ;
#2169 = EDGE_CURVE ( 'NONE', #356, #6945, #5788, .T. ) ;
#2170 = CARTESIAN_POINT ( 'NONE',  ( 1.075000000000000200, 2.000000000000000000, 0.1270000000000002500 ) ) ;
#2171 = MECHANICAL_DESIGN_GEOMETRIC_PRESENTATION_REPRESENTATION (  '', ( #900 ), #2619 ) ;
#2172 = CARTESIAN_POINT ( 'NONE',  ( -0.4249999999999998200, -1.583686420389025100, 0.1138136583594313900 ) ) ;
#2173 = ORIENTED_EDGE ( 'NONE', *, *, #1077, .F. ) ;
#2174 = LINE ( 'NONE', #2036, #472 ) ;
#2175 = CARTESIAN_POINT ( 'NONE',  ( -0.4249999999999998200, -1.676313579610975200, 0.4496863416405709200 ) ) ;
#2176 = VECTOR ( 'NONE', #5655, 1000.000000000000000 ) ;
#2177 = CARTESIAN_POINT ( 'NONE',  ( -0.4249999999999998200, -1.550000000000000000, 0.5635000000000010000 ) ) ;
#2178 = EDGE_LOOP ( 'NONE', ( #8228, #2124, #5947 ) ) ;
#2179 = SURFACE_STYLE_FILL_AREA ( #6435 ) ;
#2180 = CARTESIAN_POINT ( 'NONE',  ( -1.424999999999999800, 1.500000000000000000, 0.5635000000000020000 ) ) ;
#2181 = STYLED_ITEM ( 'NONE', ( #2116 ), #606 ) ;
#2182 = CARTESIAN_POINT ( 'NONE',  ( 1.375000000000000200, 1.500000000000000000, 0.5635000000000020000 ) ) ;
#2183 = EDGE_CURVE ( 'NONE', #4007, #3885, #7541, .T. ) ;
#2184 =( NAMED_UNIT ( * ) PLANE_ANGLE_UNIT ( ) SI_UNIT ( $, .RADIAN. ) );
#2185 =( LENGTH_UNIT ( ) NAMED_UNIT ( * ) SI_UNIT ( .MILLI., .METRE. ) );
#2186 = FILL_AREA_STYLE_COLOUR ( '', #3895 ) ;
#2187 = ORIENTED_EDGE ( 'NONE', *, *, #6249, .F. ) ;
#2188 =( NAMED_UNIT ( * ) SI_UNIT ( $, .STERADIAN. ) SOLID_ANGLE_UNIT ( ) );
#2189 = AXIS2_PLACEMENT_3D ( 'NONE', #5518, #4894, #970 ) ;
#2190 = CARTESIAN_POINT ( 'NONE',  ( -0.6249999999999998900, -2.000000000000000000, 2.439454888092385000E-016 ) ) ;
#2191 = FACE_OUTER_BOUND ( 'NONE', #4919, .T. ) ;
#2192 = ORIENTED_EDGE ( 'NONE', *, *, #4612, .T. ) ;
#2193 = EDGE_CURVE ( 'NONE', #6211, #8062, #3796, .T. ) ;
#2194 = DIRECTION ( 'NONE',  ( 0.0000000000000000000, 0.0000000000000000000, -1.000000000000000000 ) ) ;
#2195 = ORIENTED_EDGE ( 'NONE', *, *, #1943, .F. ) ;
#2196 = CARTESIAN_POINT ( 'NONE',  ( -0.4249999999999998200, -1.710000000000000200, 0.1270000000000002500 ) ) ;
#2197 = ADVANCED_FACE ( 'NONE', ( #334 ), #6492, .F. ) ;
#2198 = ORIENTED_EDGE ( 'NONE', *, *, #5989, .F. ) ;
#2199 = LINE ( 'NONE', #2478, #6357 ) ;
#2200 = CARTESIAN_POINT ( 'NONE',  ( -1.625000000000000000, -1.550000000000000000, 0.5635000000000010000 ) ) ;
#2201 = ORIENTED_EDGE ( 'NONE', *, *, #7847, .F. ) ;
#2202 = AXIS2_PLACEMENT_3D ( 'NONE', #2297, #5628, #5000 ) ;
#2203 = DIRECTION ( 'NONE',  ( 0.0000000000000000000, 0.0000000000000000000, 1.000000000000000000 ) ) ;
#2204 = DIRECTION ( 'NONE',  ( -1.000000000000000000, 0.0000000000000000000, -0.0000000000000000000 ) ) ;
#2205 = SURFACE_STYLE_USAGE ( .BOTH. , #6192 ) ;
#2206 = CARTESIAN_POINT ( 'NONE',  ( -0.4249999999999998200, 2.000000000000000000, 0.1270000000000002500 ) ) ;
#2207 = CARTESIAN_POINT ( 'NONE',  ( -1.800000000000000000, -1.499999999999999800, 0.3000000000000000400 ) ) ;
#2208 = COLOUR_RGB ( '',1.000000000000000000, 1.000000000000000000, 1.000000000000000000 ) ;
#2209 =( NAMED_UNIT ( * ) PLANE_ANGLE_UNIT ( ) SI_UNIT ( $, .RADIAN. ) );
#2210 = DIRECTION ( 'NONE',  ( -1.000000000000000000, 0.0000000000000000000, -0.0000000000000000000 ) ) ;
#2211 = VECTOR ( 'NONE', #7582, 1000.000000000000000 ) ;
#2212 = PLANE ( 'NONE',  #8139 ) ;
#2213 = FILL_AREA_STYLE ('',( #2186 ) ) ;
#2214 = SURFACE_STYLE_FILL_AREA ( #3383 ) ;
#2215 = EDGE_CURVE ( 'NONE', #1498, #949, #6491, .T. ) ;
#2216 = UNCERTAINTY_MEASURE_WITH_UNIT (LENGTH_MEASURE( 1.000000000000000100E-005 ), #6650, 'distance_accuracy_value', 'NONE');
#2217 = DIRECTION ( 'NONE',  ( -1.000000000000000000, -0.0000000000000000000, -0.0000000000000000000 ) ) ;
#2218 =( GEOMETRIC_REPRESENTATION_CONTEXT ( 3 ) GLOBAL_UNCERTAINTY_ASSIGNED_CONTEXT ( ( #3177 ) ) GLOBAL_UNIT_ASSIGNED_CONTEXT ( ( #4179, #251, #4839 ) ) REPRESENTATION_CONTEXT ( 'NONE', 'WORKASPACE' ) );
#2219 = COLOUR_RGB ( '',1.000000000000000000, 1.000000000000000000, 1.000000000000000000 ) ;
#2220 = LINE ( 'NONE', #124, #3983 ) ;
#2221 = FILL_AREA_STYLE ('',( #5522 ) ) ;
#2222 = DIRECTION ( 'NONE',  ( -1.000000000000000000, 0.0000000000000000000, -0.0000000000000000000 ) ) ;
#2223 = SURFACE_STYLE_USAGE ( .BOTH. , #6212 ) ;
#2224 = UNCERTAINTY_MEASURE_WITH_UNIT (LENGTH_MEASURE( 1.000000000000000100E-005 ), #3891, 'distance_accuracy_value', 'NONE');
#2225 = FILL_AREA_STYLE ('',( #277 ) ) ;
#2226 = ORIENTED_EDGE ( 'NONE', *, *, #3787, .T. ) ;
#2227 = FACE_OUTER_BOUND ( 'NONE', #1458, .T. ) ;
#2228 = ORIENTED_EDGE ( 'NONE', *, *, #3800, .T. ) ;
#2229 = MECHANICAL_DESIGN_GEOMETRIC_PRESENTATION_REPRESENTATION (  '', ( #954 ), #2681 ) ;
#2230 = FACE_OUTER_BOUND ( 'NONE', #3622, .T. ) ;
#2231 = DIRECTION ( 'NONE',  ( -1.000000000000000000, 0.0000000000000000000, -0.0000000000000000000 ) ) ;
#2232 = SURFACE_STYLE_FILL_AREA ( #1161 ) ;
#2233 = CARTESIAN_POINT ( 'NONE',  ( -1.800000000000000000, 1.300000000000000000, 0.1000000000000000600 ) ) ;
#2234 = FILL_AREA_STYLE_COLOUR ( '', #2610 ) ;
#2235 = FILL_AREA_STYLE ('',( #6869 ) ) ;
#2236 = VECTOR ( 'NONE', #5801, 1000.000000000000000 ) ;
#2237 = CIRCLE ( 'NONE', #3812, 0.2000000000000000900 ) ;
#2238 = DIRECTION ( 'NONE',  ( 0.0000000000000000000, 0.0000000000000000000, -1.000000000000000000 ) ) ;
#2239 =( LENGTH_UNIT ( ) NAMED_UNIT ( * ) SI_UNIT ( .MILLI., .METRE. ) );
#2240 = STYLED_ITEM ( 'NONE', ( #7363 ), #6189 ) ;
#2241 = ADVANCED_FACE ( 'NONE', ( #1257 ), #1876, .T. ) ;
#2242 = CARTESIAN_POINT ( 'NONE',  ( -0.4249999999999998200, -1.710000000000000200, 0.1270000000000002200 ) ) ;
#2243 = PRESENTATION_STYLE_ASSIGNMENT (( #2964 ) ) ;
#2244 = FILL_AREA_STYLE ('',( #414 ) ) ;
#2245 = CARTESIAN_POINT ( 'NONE',  ( -1.625000000000000000, 2.000000000000000000, 2.439454888092385000E-016 ) ) ;
#2246 =( GEOMETRIC_REPRESENTATION_CONTEXT ( 3 ) GLOBAL_UNCERTAINTY_ASSIGNED_CONTEXT ( ( #7448 ) ) GLOBAL_UNIT_ASSIGNED_CONTEXT ( ( #4359, #428, #5023 ) ) REPRESENTATION_CONTEXT ( 'NONE', 'WORKASPACE' ) );
#2247 = CARTESIAN_POINT ( 'NONE',  ( 1.375000000000000200, 1.583686420389025100, 0.1138136583594313900 ) ) ;
#2248 = VERTEX_POINT ( 'NONE', #7851 ) ;
#2249 = CARTESIAN_POINT ( 'NONE',  ( -1.800000000000000000, -1.499999999999999800, 0.8999999999999998000 ) ) ;
#2250 = EDGE_CURVE ( 'NONE', #2986, #7390, #8053, .T. ) ;
#2251 = VECTOR ( 'NONE', #1197, 1000.000000000000100 ) ;
#2252 = ORIENTED_EDGE ( 'NONE', *, *, #5124, .T. ) ;
#2253 = VECTOR ( 'NONE', #7775, 1000.000000000000000 ) ;
#2254 =( LENGTH_UNIT ( ) NAMED_UNIT ( * ) SI_UNIT ( .MILLI., .METRE. ) );
#2255 = EDGE_LOOP ( 'NONE', ( #190, #448, #6308 ) ) ;
#2256 = CARTESIAN_POINT ( 'NONE',  ( 1.800000000000000000, 1.500000000000000200, 0.5635000000000000000 ) ) ;
#2257 = DIRECTION ( 'NONE',  ( -0.0000000000000000000, 1.000000000000000000, 1.168321306557656000E-016 ) ) ;
#2258 = AXIS2_PLACEMENT_3D ( 'NONE', #1081, #5678, #1743 ) ;
#2259 = FACE_OUTER_BOUND ( 'NONE', #7152, .T. ) ;
#2260 = CARTESIAN_POINT ( 'NONE',  ( 1.375000000000000200, -1.500000000000000400, 0.4365000000000020500 ) ) ;
#2261 = LINE ( 'NONE', #6889, #3801 ) ;
#2262 = AXIS2_PLACEMENT_3D ( 'NONE', #5766, #5387, #2996 ) ;
#2263 = PRESENTATION_STYLE_ASSIGNMENT (( #6941 ) ) ;
#2264 =( NAMED_UNIT ( * ) PLANE_ANGLE_UNIT ( ) SI_UNIT ( $, .RADIAN. ) );
#2265 = VERTEX_POINT ( 'NONE', #6556 ) ;
#2266 = EDGE_CURVE ( 'NONE', #3324, #6913, #4746, .T. ) ;
#2267 = ORIENTED_EDGE ( 'NONE', *, *, #729, .F. ) ;
#2268 = ORIENTED_EDGE ( 'NONE', *, *, #5644, .F. ) ;
#2269 = VECTOR ( 'NONE', #1752, 1000.000000000000000 ) ;
#2270 =( NAMED_UNIT ( * ) PLANE_ANGLE_UNIT ( ) SI_UNIT ( $, .RADIAN. ) );
#2271 = EDGE_LOOP ( 'NONE', ( #767, #6238, #1736, #4664 ) ) ;
#2272 = APPLICATION_CONTEXT ( 'automotive_design' ) ;
#2273 =( LENGTH_UNIT ( ) NAMED_UNIT ( * ) SI_UNIT ( .MILLI., .METRE. ) );
#2274 = LINE ( 'NONE', #6629, #570 ) ;
#2275 = EDGE_CURVE ( 'NONE', #6646, #5647, #2776, .T. ) ;
#2276 = ORIENTED_EDGE ( 'NONE', *, *, #2424, .T. ) ;
#2277 = DIRECTION ( 'NONE',  ( -0.0000000000000000000, 1.000000000000000000, -0.0000000000000000000 ) ) ;
#2278 = AXIS2_PLACEMENT_3D ( 'NONE', #2127, #6764, #2799 ) ;
#2279 = LINE ( 'NONE', #2126, #5808 ) ;
#2280 = DIRECTION ( 'NONE',  ( 0.0000000000000000000, 0.0000000000000000000, -1.000000000000000000 ) ) ;
#2281 = DIRECTION ( 'NONE',  ( 0.0000000000000000000, -0.9945951150470497800, 0.1038294617367628200 ) ) ;
#2282 = DIRECTION ( 'NONE',  ( 0.0000000000000000000, 0.0000000000000000000, -1.000000000000000000 ) ) ;
#2283 = VECTOR ( 'NONE', #1721, 1000.000000000000000 ) ;
#2284 = UNCERTAINTY_MEASURE_WITH_UNIT (LENGTH_MEASURE( 1.000000000000000100E-005 ), #3013, 'distance_accuracy_value', 'NONE');
#2285 = VERTEX_POINT ( 'NONE', #4567 ) ;
#2286 = EDGE_LOOP ( 'NONE', ( #6110, #7536, #8159, #19 ) ) ;
#2287 = EDGE_CURVE ( 'NONE', #276, #8436, #6101, .T. ) ;
#2288 = DIRECTION ( 'NONE',  ( 0.0000000000000000000, 1.000000000000000000, 0.0000000000000000000 ) ) ;
#2289 = CARTESIAN_POINT ( 'NONE',  ( 1.075000000000000200, -1.710000000000000200, 2.710505431213761100E-016 ) ) ;
#2290 = CARTESIAN_POINT ( 'NONE',  ( 1.575000000000000200, -1.550000000000000300, 0.4365000000000001100 ) ) ;
#2291 = PRESENTATION_STYLE_ASSIGNMENT (( #5637 ) ) ;
#2292 =( NAMED_UNIT ( * ) SI_UNIT ( $, .STERADIAN. ) SOLID_ANGLE_UNIT ( ) );
#2293 = DIRECTION ( 'NONE',  ( -0.0000000000000000000, 1.000000000000000000, 1.084202172485504400E-016 ) ) ;
#2294 = LINE ( 'NONE', #2310, #5829 ) ;
#2295 = ORIENTED_EDGE ( 'NONE', *, *, #2215, .F. ) ;
#2296 = CARTESIAN_POINT ( 'NONE',  ( -1.800000000000000000, 1.300000000000000000, 0.1000000000000000600 ) ) ;
#2297 = CARTESIAN_POINT ( 'NONE',  ( 0.5750000000000001800, -1.500000000000000000, 0.5635000000000020000 ) ) ;
#2298 = LINE ( 'NONE', #2744, #2084 ) ;
#2299 =( LENGTH_UNIT ( ) NAMED_UNIT ( * ) SI_UNIT ( .MILLI., .METRE. ) );
#2300 = STYLED_ITEM ( 'NONE', ( #8435 ), #5736 ) ;
#2301 = DIRECTION ( 'NONE',  ( 0.0000000000000000000, -1.000000000000000000, 1.355252715606880500E-017 ) ) ;
#2302 = MECHANICAL_DESIGN_GEOMETRIC_PRESENTATION_REPRESENTATION (  '', ( #1020 ), #2748 ) ;
#2303 = ORIENTED_EDGE ( 'NONE', *, *, #3023, .F. ) ;
#2304 = LINE ( 'NONE', #1444, #810 ) ;
#2305 = LINE ( 'NONE', #873, #7377 ) ;
#2306 = ORIENTED_EDGE ( 'NONE', *, *, #6668, .F. ) ;
#2307 = DIRECTION ( 'NONE',  ( 0.0000000000000000000, 0.0000000000000000000, 1.000000000000000000 ) ) ;
#2308 = EDGE_CURVE ( 'NONE', #1179, #6186, #6303, .T. ) ;
#2309 = DIRECTION ( 'NONE',  ( 0.0000000000000000000, 0.0000000000000000000, 1.000000000000000000 ) ) ;
#2311 = UNCERTAINTY_MEASURE_WITH_UNIT (LENGTH_MEASURE( 1.000000000000000100E-005 ), #7083, 'distance_accuracy_value', 'NONE');
#2310 = CARTESIAN_POINT ( 'NONE',  ( -1.625000000000000000, -1.583686420389025100, 0.1138136583594313900 ) ) ;
#2312 =( NAMED_UNIT ( * ) PLANE_ANGLE_UNIT ( ) SI_UNIT ( $, .RADIAN. ) );
#2313 =( LENGTH_UNIT ( ) NAMED_UNIT ( * ) SI_UNIT ( .MILLI., .METRE. ) );
#2314 = SURFACE_SIDE_STYLE ('',( #561 ) ) ;
#2315 = COLOUR_RGB ( '',1.000000000000000000, 1.000000000000000000, 1.000000000000000000 ) ;
#2316 = ORIENTED_EDGE ( 'NONE', *, *, #115, .T. ) ;
#2317 = VERTEX_POINT ( 'NONE', #2625 ) ;
#2318 = PRESENTATION_LAYER_ASSIGNMENT (  '', '', ( #1460 ) ) ;
#2319 = VERTEX_POINT ( 'NONE', #3281 ) ;
#2320 = DIRECTION ( 'NONE',  ( 0.0000000000000000000, 0.0000000000000000000, 1.000000000000000000 ) ) ;
#2321 = AXIS2_PLACEMENT_3D ( 'NONE', #4596, #680, #5260 ) ;
#2322 = CIRCLE ( 'NONE', #2509, 0.2000000000000000900 ) ;
#2323 = CARTESIAN_POINT ( 'NONE',  ( -1.424999999999999800, -1.550000000000000300, 0.4365000000000002200 ) ) ;
#2324 = EDGE_CURVE ( 'NONE', #5551, #5619, #5889, .T. ) ;
#2325 = CARTESIAN_POINT ( 'NONE',  ( -0.6249999999999998900, -2.000000000000000000, 0.1270000000000002500 ) ) ;
#2326 = DIRECTION ( 'NONE',  ( 0.0000000000000000000, 0.0000000000000000000, -1.000000000000000000 ) ) ;
#2327 = CIRCLE ( 'NONE', #5571, 0.1269999999999999500 ) ;
#2328 = ORIENTED_EDGE ( 'NONE', *, *, #3057, .F. ) ;
#2329 = CARTESIAN_POINT ( 'NONE',  ( 0.07500000000000019200, -1.500000000000000400, 0.4365000000000020500 ) ) ;
#2330 = PRESENTATION_LAYER_ASSIGNMENT (  '', '', ( #1479 ) ) ;
#2331 = VECTOR ( 'NONE', #6569, 1000.000000000000200 ) ;
#2332 = CIRCLE ( 'NONE', #2635, 0.2000000000000000900 ) ;
#2333 = PRESENTATION_LAYER_ASSIGNMENT (  '', '', ( #1480 ) ) ;
#2334 = ORIENTED_EDGE ( 'NONE', *, *, #7596, .F. ) ;
#2335 = CARTESIAN_POINT ( 'NONE',  ( 0.5750000000000001800, 1.710000000000000200, 0.1270000000000002500 ) ) ;
#2336 = PRESENTATION_STYLE_ASSIGNMENT (( #7916 ) ) ;
#2337 = CARTESIAN_POINT ( 'NONE',  ( 0.3750000000000001100, -1.500000000000000000, 0.5635000000000020000 ) ) ;
#2338 = UNCERTAINTY_MEASURE_WITH_UNIT (LENGTH_MEASURE( 1.000000000000000100E-005 ), #4289, 'distance_accuracy_value', 'NONE');
#2339 =( NAMED_UNIT ( * ) SI_UNIT ( $, .STERADIAN. ) SOLID_ANGLE_UNIT ( ) );
#2340 = DIRECTION ( 'NONE',  ( -0.0000000000000000000, 0.0000000000000000000, -1.000000000000000000 ) ) ;
#2341 = LINE ( 'NONE', #7184, #3884 ) ;
#2342 = CARTESIAN_POINT ( 'NONE',  ( 1.575000000000000200, 1.550000000000000300, 0.4365000000000002200 ) ) ;
#2343 = VERTEX_POINT ( 'NONE', #37 ) ;
#2344 = EDGE_CURVE ( 'NONE', #4890, #4787, #7635, .T. ) ;
#2345 = SURFACE_STYLE_FILL_AREA ( #4101 ) ;
#2346 = CARTESIAN_POINT ( 'NONE',  ( 0.3750000000000001100, -1.500000000000000400, 0.4365000000000020500 ) ) ;
#2347 = AXIS2_PLACEMENT_3D ( 'NONE', #7081, #3116, #7750 ) ;
#2348 = FILL_AREA_STYLE_COLOUR ( '', #5462 ) ;
#2349 = COLOUR_RGB ( '',1.000000000000000000, 1.000000000000000000, 1.000000000000000000 ) ;
#2350 = SURFACE_STYLE_FILL_AREA ( #5557 ) ;
#2351 = FILL_AREA_STYLE_COLOUR ( '', #394 ) ;
#2352 = EDGE_LOOP ( 'NONE', ( #8295, #2611, #4395, #5733 ) ) ;
#2353 = DIRECTION ( 'NONE',  ( 0.0000000000000000000, 0.0000000000000000000, 1.000000000000000000 ) ) ;
#2354 = LINE ( 'NONE', #6482, #5877 ) ;
#2355 = CARTESIAN_POINT ( 'NONE',  ( 0.07500000000000019200, -1.710000000000000200, 0.1270000000000002500 ) ) ;
#2356 = VECTOR ( 'NONE', #5493, 1000.000000000000000 ) ;
#2357 = DIRECTION ( 'NONE',  ( 0.0000000000000000000, 0.0000000000000000000, 1.000000000000000000 ) ) ;
#2358 = FILL_AREA_STYLE_COLOUR ( '', #683 ) ;
#2359 = AXIS2_PLACEMENT_3D ( 'NONE', #7761, #3783, #8440 ) ;
#2360 = ORIENTED_EDGE ( 'NONE', *, *, #5708, .F. ) ;
#2361 = SURFACE_STYLE_USAGE ( .BOTH. , #6325 ) ;
#2362 = ORIENTED_EDGE ( 'NONE', *, *, #3879, .F. ) ;
#2363 = FACE_OUTER_BOUND ( 'NONE', #282, .T. ) ;
#2364 = CARTESIAN_POINT ( 'NONE',  ( 2.000000000000000000, 1.300000000000000300, 0.7000000000000000700 ) ) ;
#2365 = LINE ( 'NONE', #1987, #7429 ) ;
#2366 = VERTEX_POINT ( 'NONE', #705 ) ;
#2367 = CARTESIAN_POINT ( 'NONE',  ( 1.075000000000000200, 2.000000000000000000, 2.439454888092385000E-016 ) ) ;
#2368 = EDGE_LOOP ( 'NONE', ( #604, #6653, #461, #5587 ) ) ;
#2369 = CIRCLE ( 'NONE', #2258, 0.1269999999999999500 ) ;
#2370 = AXIS2_PLACEMENT_3D ( 'NONE', #4005, #93, #768 ) ;
#2371 = FILL_AREA_STYLE_COLOUR ( '', #7620 ) ;
#2372 = FACE_OUTER_BOUND ( 'NONE', #6471, .T. ) ;
#2373 = ORIENTED_EDGE ( 'NONE', *, *, #1420, .F. ) ;
#2374 = CARTESIAN_POINT ( 'NONE',  ( 2.000000000000000000, -1.499999999999999800, 0.6999999999999997300 ) ) ;
#2375 = SURFACE_SIDE_STYLE ('',( #8512 ) ) ;
#2376 = EDGE_CURVE ( 'NONE', #3498, #6802, #2365, .T. ) ;
#2377 = ORIENTED_EDGE ( 'NONE', *, *, #2344, .T. ) ;
#2378 = FILL_AREA_STYLE ('',( #2351 ) ) ;
#2379 =( NAMED_UNIT ( * ) SI_UNIT ( $, .STERADIAN. ) SOLID_ANGLE_UNIT ( ) );
#2380 = ORIENTED_EDGE ( 'NONE', *, *, #5781, .F. ) ;
#2381 = DIRECTION ( 'NONE',  ( 0.0000000000000000000, 0.0000000000000000000, 1.000000000000000000 ) ) ;
#2382 = AXIS2_PLACEMENT_3D ( 'NONE', #7646, #4880, #4398 ) ;
#2383 = SURFACE_STYLE_FILL_AREA ( #8200 ) ;
#2384 = EDGE_LOOP ( 'NONE', ( #5594, #8088, #3727, #6274 ) ) ;
#2385 = CARTESIAN_POINT ( 'NONE',  ( -2.125000000000000000, 1.500000000000000000, 0.5635000000000000000 ) ) ;
#2386 = EDGE_CURVE ( 'NONE', #3338, #6841, #861, .T. ) ;
#2387 = FACE_OUTER_BOUND ( 'NONE', #5007, .T. ) ;
#2388 = PLANE ( 'NONE',  #8309 ) ;
#2389 = ORIENTED_EDGE ( 'NONE', *, *, #5660, .F. ) ;
#2390 = FACE_OUTER_BOUND ( 'NONE', #4045, .T. ) ;
#2391 = EDGE_CURVE ( 'NONE', #918, #7898, #5676, .T. ) ;
#2392 = MECHANICAL_DESIGN_GEOMETRIC_PRESENTATION_REPRESENTATION (  '', ( #1539 ), #2836 ) ;
#2393 = COLOUR_RGB ( '',1.000000000000000000, 1.000000000000000000, 1.000000000000000000 ) ;
#2394 = VECTOR ( 'NONE', #405, 1000.000000000000000 ) ;
#2395 = DIRECTION ( 'NONE',  ( 0.0000000000000000000, 1.000000000000000000, -2.168404344971013200E-015 ) ) ;
#2396 = UNCERTAINTY_MEASURE_WITH_UNIT (LENGTH_MEASURE( 1.000000000000000100E-005 ), #2239, 'distance_accuracy_value', 'NONE');
#2397 = EDGE_LOOP ( 'NONE', ( #896, #7999, #7415, #1416 ) ) ;
#2398 =( LENGTH_UNIT ( ) NAMED_UNIT ( * ) SI_UNIT ( .MILLI., .METRE. ) );
#2399 = LINE ( 'NONE', #7719, #3947 ) ;
#2400 = SURFACE_SIDE_STYLE ('',( #446 ) ) ;
#2401 = DIRECTION ( 'NONE',  ( 0.0000000000000000000, -0.0000000000000000000, 1.000000000000000000 ) ) ;
#2402 = PRESENTATION_STYLE_ASSIGNMENT (( #1586 ) ) ;
#2403 = STYLED_ITEM ( 'NONE', ( #5348 ), #306 ) ;
#2404 = CARTESIAN_POINT ( 'NONE',  ( 0.07500000000000019200, 1.710000000000000200, 0.1270000000000002500 ) ) ;
#2405 = VERTEX_POINT ( 'NONE', #3310 ) ;
#2406 =( GEOMETRIC_REPRESENTATION_CONTEXT ( 3 ) GLOBAL_UNCERTAINTY_ASSIGNED_CONTEXT ( ( #7199 ) ) GLOBAL_UNIT_ASSIGNED_CONTEXT ( ( #7258, #3305, #7942 ) ) REPRESENTATION_CONTEXT ( 'NONE', 'WORKASPACE' ) );
#2407 = VERTEX_POINT ( 'NONE', #4646 ) ;
#2408 = DIRECTION ( 'NONE',  ( 0.0000000000000000000, 0.0000000000000000000, -1.000000000000000000 ) ) ;
#2409 =( LENGTH_UNIT ( ) NAMED_UNIT ( * ) SI_UNIT ( .MILLI., .METRE. ) );
#2410 = CARTESIAN_POINT ( 'NONE',  ( -1.424999999999999800, -1.500000000000000000, 0.5635000000000020000 ) ) ;
#2411 =( LENGTH_UNIT ( ) NAMED_UNIT ( * ) SI_UNIT ( .MILLI., .METRE. ) );
#2412 = CARTESIAN_POINT ( 'NONE',  ( -1.800000000000000000, -1.299999999999999800, 0.1000000000000000500 ) ) ;
#2413 = FACE_OUTER_BOUND ( 'NONE', #6253, .T. ) ;
#2414 = VERTEX_POINT ( 'NONE', #2014 ) ;
#2415 = VERTEX_POINT ( 'NONE', #7944 ) ;
#2416 = VECTOR ( 'NONE', #5268, 1000.000000000000000 ) ;
#2417 = VERTEX_POINT ( 'NONE', #6648 ) ;
#2418 = DIRECTION ( 'NONE',  ( -1.000000000000000000, 0.0000000000000000000, 0.0000000000000000000 ) ) ;
#2419 = PRESENTATION_LAYER_ASSIGNMENT (  '', '', ( #1973 ) ) ;
#2420 = FACE_OUTER_BOUND ( 'NONE', #2661, .T. ) ;
#2421 = DIRECTION ( 'NONE',  ( -1.000000000000000000, -0.0000000000000000000, 0.0000000000000000000 ) ) ;
#2422 = AXIS2_PLACEMENT_3D ( 'NONE', #4818, #903, #5478 ) ;
#2423 = ORIENTED_EDGE ( 'NONE', *, *, #6234, .F. ) ;
#2424 = EDGE_CURVE ( 'NONE', #4231, #4619, #7836, .T. ) ;
#2425 = ADVANCED_FACE ( 'NONE', ( #2146 ), #2908, .F. ) ;
#2426 =( NAMED_UNIT ( * ) PLANE_ANGLE_UNIT ( ) SI_UNIT ( $, .RADIAN. ) );
#2427 = CARTESIAN_POINT ( 'NONE',  ( -0.9249999999999998200, -1.710000000000000200, 0.1270000000000002500 ) ) ;
#2428 = DIRECTION ( 'NONE',  ( 0.0000000000000000000, -2.710505431213761100E-016, -1.000000000000000000 ) ) ;
#2429 = DIRECTION ( 'NONE',  ( -1.000000000000000000, -0.0000000000000000000, -0.0000000000000000000 ) ) ;
#2430 = ORIENTED_EDGE ( 'NONE', *, *, #326, .F. ) ;
#2431 = VECTOR ( 'NONE', #8202, 1000.000000000000000 ) ;
#2432 = ORIENTED_EDGE ( 'NONE', *, *, #2638, .T. ) ;
#2433 =( GEOMETRIC_REPRESENTATION_CONTEXT ( 3 ) GLOBAL_UNCERTAINTY_ASSIGNED_CONTEXT ( ( #4949 ) ) GLOBAL_UNIT_ASSIGNED_CONTEXT ( ( #2940, #3034, #3606 ) ) REPRESENTATION_CONTEXT ( 'NONE', 'WORKASPACE' ) );
#2434 = LINE ( 'NONE', #1364, #5958 ) ;
#2435 = LINE ( 'NONE', #2698, #7505 ) ;
#2436 = ADVANCED_FACE ( 'NONE', ( #8362 ), #8237, .F. ) ;
#2437 = CARTESIAN_POINT ( 'NONE',  ( -0.9249999999999998200, 1.500000000000000400, 0.4365000000000020500 ) ) ;
#2438 = EDGE_CURVE ( 'NONE', #2675, #4245, #5983, .T. ) ;
#2439 = CARTESIAN_POINT ( 'NONE',  ( 0.3750000000000001100, -1.710000000000000200, 0.1270000000000002500 ) ) ;
#2440 = CARTESIAN_POINT ( 'NONE',  ( 1.375000000000000200, -1.710000000000000200, 0.1270000000000002500 ) ) ;
#2441 = LINE ( 'NONE', #6452, #7713 ) ;
#2442 =( NAMED_UNIT ( * ) PLANE_ANGLE_UNIT ( ) SI_UNIT ( $, .RADIAN. ) );
#2443 = VECTOR ( 'NONE', #6833, 1000.000000000000000 ) ;
#2444 = CARTESIAN_POINT ( 'NONE',  ( -1.800000000000000000, -1.299999999999999800, 0.3000000000000000400 ) ) ;
#2445 = PRESENTATION_STYLE_ASSIGNMENT (( #4016 ) ) ;
#2446 = EDGE_CURVE ( 'NONE', #5127, #2417, #953, .T. ) ;
#2447 = CARTESIAN_POINT ( 'NONE',  ( 2.000000000000000000, 1.500000000000000000, 0.2999999999999999900 ) ) ;
#2448 =( GEOMETRIC_REPRESENTATION_CONTEXT ( 3 ) GLOBAL_UNCERTAINTY_ASSIGNED_CONTEXT ( ( #2017 ) ) GLOBAL_UNIT_ASSIGNED_CONTEXT ( ( #3099, #2442, #494 ) ) REPRESENTATION_CONTEXT ( 'NONE', 'WORKASPACE' ) );
#2449 = AXIS2_PLACEMENT_3D ( 'NONE', #7946, #3980, #66 ) ;
#2450 = VECTOR ( 'NONE', #1326, 1000.000000000000000 ) ;
#2451 = ORIENTED_EDGE ( 'NONE', *, *, #6108, .F. ) ;
#2452 = FILL_AREA_STYLE ('',( #5751 ) ) ;
#2453 = SURFACE_SIDE_STYLE ('',( #435 ) ) ;
#2454 = VECTOR ( 'NONE', #8332, 1000.000000000000000 ) ;
#2455 = COLOUR_RGB ( '',1.000000000000000000, 1.000000000000000000, 1.000000000000000000 ) ;
#2456 = SURFACE_SIDE_STYLE ('',( #893 ) ) ;
#2457 = EDGE_CURVE ( 'NONE', #4626, #2285, #4225, .T. ) ;
#2458 = SURFACE_SIDE_STYLE ('',( #3083 ) ) ;
#2459 = AXIS2_PLACEMENT_3D ( 'NONE', #7486, #3516, #8147 ) ;
#2460 = VECTOR ( 'NONE', #4120, 1000.000000000000000 ) ;
#2461 = VECTOR ( 'NONE', #7546, 1000.000000000000000 ) ;
#2462 = FILL_AREA_STYLE_COLOUR ( '', #3135 ) ;
#2463 = ORIENTED_EDGE ( 'NONE', *, *, #4992, .T. ) ;
#2464 = ORIENTED_EDGE ( 'NONE', *, *, #7235, .T. ) ;
#2465 = DIRECTION ( 'NONE',  ( 0.0000000000000000000, 1.168321306557656000E-016, 1.000000000000000000 ) ) ;
#2466 = FACE_OUTER_BOUND ( 'NONE', #2968, .T. ) ;
#2467 =( NAMED_UNIT ( * ) SI_UNIT ( $, .STERADIAN. ) SOLID_ANGLE_UNIT ( ) );
#2468 = SURFACE_STYLE_USAGE ( .BOTH. , #6418 ) ;
#2469 = VECTOR ( 'NONE', #4470, 1000.000000000000000 ) ;
#2470 = ORIENTED_EDGE ( 'NONE', *, *, #867, .T. ) ;
#2471 = UNCERTAINTY_MEASURE_WITH_UNIT (LENGTH_MEASURE( 1.000000000000000100E-005 ), #2398, 'distance_accuracy_value', 'NONE');
#2472 = LINE ( 'NONE', #3798, #7314 ) ;
#2473 =( NAMED_UNIT ( * ) PLANE_ANGLE_UNIT ( ) SI_UNIT ( $, .RADIAN. ) );
#2474 = ORIENTED_EDGE ( 'NONE', *, *, #3787, .F. ) ;
#2475 = PRESENTATION_LAYER_ASSIGNMENT (  '', '', ( #3349 ) ) ;
#2476 = EDGE_CURVE ( 'NONE', #484, #4131, #754, .T. ) ;
#2477 = CARTESIAN_POINT ( 'NONE',  ( -0.9249999999999998200, 1.550000000000000000, 0.5635000000000010000 ) ) ;
#2478 = CARTESIAN_POINT ( 'NONE',  ( 2.000000000000000000, -1.299999999999999800, 0.1000000000000000500 ) ) ;
#2479 = ADVANCED_FACE ( 'NONE', ( #5779 ), #7575, .F. ) ;
#2480 = LINE ( 'NONE', #1001, #7325 ) ;
#2481 = ORIENTED_EDGE ( 'NONE', *, *, #4543, .F. ) ;
#2482 = CARTESIAN_POINT ( 'NONE',  ( -1.800000000000000000, -1.499999999999999800, 0.4365000000000000000 ) ) ;
#2483 = ORIENTED_EDGE ( 'NONE', *, *, #258, .F. ) ;
#2484 = AXIS2_PLACEMENT_3D ( 'NONE', #6376, #2418, #7036 ) ;
#2485 = EDGE_LOOP ( 'NONE', ( #720, #3816, #2173, #78 ) ) ;
#2486 = CIRCLE ( 'NONE', #2484, 0.1999999999999999800 ) ;
#2487 = SURFACE_SIDE_STYLE ('',( #2179 ) ) ;
#2488 = LINE ( 'NONE', #1335, #778 ) ;
#2489 = ORIENTED_EDGE ( 'NONE', *, *, #4692, .T. ) ;
#2490 = EDGE_CURVE ( 'NONE', #2248, #5394, #5156, .T. ) ;
#2491 = ORIENTED_EDGE ( 'NONE', *, *, #8217, .T. ) ;
#2492 = CARTESIAN_POINT ( 'NONE',  ( 1.075000000000000200, -1.500000000000000000, 0.5635000000000020000 ) ) ;
#2493 = DIRECTION ( 'NONE',  ( -0.0000000000000000000, -0.0000000000000000000, 1.000000000000000000 ) ) ;
#2494 = UNCERTAINTY_MEASURE_WITH_UNIT (LENGTH_MEASURE( 1.000000000000000100E-005 ), #5703, 'distance_accuracy_value', 'NONE');
#2495 = DIRECTION ( 'NONE',  ( 1.000000000000000000, 0.0000000000000000000, -0.0000000000000000000 ) ) ;
#2496 = FACE_OUTER_BOUND ( 'NONE', #6375, .T. ) ;
#2497 = FILL_AREA_STYLE ('',( #1199 ) ) ;
#2498 = PRESENTATION_LAYER_ASSIGNMENT (  '', '', ( #2042 ) ) ;
#2499 = MECHANICAL_DESIGN_GEOMETRIC_PRESENTATION_REPRESENTATION (  '', ( #1203 ), #2931 ) ;
#2500 = VERTEX_POINT ( 'NONE', #7712 ) ;
#2501 = COLOUR_RGB ( '',1.000000000000000000, 1.000000000000000000, 1.000000000000000000 ) ;
#2502 = DIRECTION ( 'NONE',  ( -0.0000000000000000000, -0.0000000000000000000, 1.000000000000000000 ) ) ;
#2503 = LINE ( 'NONE', #1677, #6028 ) ;
#2504 = UNCERTAINTY_MEASURE_WITH_UNIT (LENGTH_MEASURE( 1.000000000000000100E-005 ), #6856, 'distance_accuracy_value', 'NONE');
#2505 = ORIENTED_EDGE ( 'NONE', *, *, #3630, .F. ) ;
#2506 = CARTESIAN_POINT ( 'NONE',  ( -1.424999999999999800, -1.500000000000000000, 0.5635000000000020000 ) ) ;
#2507 = LINE ( 'NONE', #6910, #7580 ) ;
#2508 = EDGE_CURVE ( 'NONE', #2415, #3623, #8467, .T. ) ;
#2509 = AXIS2_PLACEMENT_3D ( 'NONE', #421, #5018, #1079 ) ;
#2510 = ADVANCED_FACE ( 'NONE', ( #1664 ), #2567, .F. ) ;
#2511 = CARTESIAN_POINT ( 'NONE',  ( 1.075000000000000200, 1.676313579610975200, 0.4496863416405709200 ) ) ;
#2512 = ADVANCED_FACE ( 'NONE', ( #1047 ), #2020, .F. ) ;
#2513 = SURFACE_STYLE_FILL_AREA ( #1528 ) ;
#2514 = CARTESIAN_POINT ( 'NONE',  ( 0.07500000000000019200, -1.500000000000000400, 0.4365000000000020500 ) ) ;
#2515 = LINE ( 'NONE', #1419, #6044 ) ;
#2516 = ORIENTED_EDGE ( 'NONE', *, *, #2183, .T. ) ;
#2517 = COLOUR_RGB ( '',1.000000000000000000, 1.000000000000000000, 1.000000000000000000 ) ;
#2518 = CARTESIAN_POINT ( 'NONE',  ( -0.9249999999999998200, 1.710000000000000200, 2.710505431213761100E-016 ) ) ;
#2519 =( GEOMETRIC_REPRESENTATION_CONTEXT ( 3 ) GLOBAL_UNCERTAINTY_ASSIGNED_CONTEXT ( ( #6573 ) ) GLOBAL_UNIT_ASSIGNED_CONTEXT ( ( #6981, #3011, #7645 ) ) REPRESENTATION_CONTEXT ( 'NONE', 'WORKASPACE' ) );
#2520 = ADVANCED_FACE ( 'NONE', ( #429 ), #5095, .F. ) ;
#2521 = CARTESIAN_POINT ( 'NONE',  ( -1.424999999999999800, -1.500000000000000400, 0.4365000000000020500 ) ) ;
#2522 = DIRECTION ( 'NONE',  ( 0.0000000000000000000, 0.0000000000000000000, -1.000000000000000000 ) ) ;
#2523 = SURFACE_STYLE_FILL_AREA ( #600 ) ;
#2524 = ORIENTED_EDGE ( 'NONE', *, *, #5319, .T. ) ;
#2525 = DIRECTION ( 'NONE',  ( 0.0000000000000000000, 0.1038294617367629000, 0.9945951150470496700 ) ) ;
#2526 = EDGE_LOOP ( 'NONE', ( #400, #8508, #5731, #7808 ) ) ;
#2527 = SURFACE_SIDE_STYLE ('',( #3982 ) ) ;
#2528 = ORIENTED_EDGE ( 'NONE', *, *, #1529, .F. ) ;
#2529 = ORIENTED_EDGE ( 'NONE', *, *, #2665, .T. ) ;
#2530 = DIRECTION ( 'NONE',  ( 0.0000000000000000000, 3.414809992080329100E-015, -1.000000000000000000 ) ) ;
#2531 = AXIS2_PLACEMENT_3D ( 'NONE', #4490, #568, #5153 ) ;
#2532 =( NAMED_UNIT ( * ) SI_UNIT ( $, .STERADIAN. ) SOLID_ANGLE_UNIT ( ) );
#2533 = STYLED_ITEM ( 'NONE', ( #7453 ), #1589 ) ;
#2534 = PRESENTATION_STYLE_ASSIGNMENT (( #8132 ) ) ;
#2535 = DIRECTION ( 'NONE',  ( -1.000000000000000000, 0.0000000000000000000, -0.0000000000000000000 ) ) ;
#2536 = EDGE_CURVE ( 'NONE', #6991, #2715, #6595, .T. ) ;
#2537 = ORIENTED_EDGE ( 'NONE', *, *, #7818, .T. ) ;
#2538 = SURFACE_STYLE_FILL_AREA ( #4610 ) ;
#2539 = ORIENTED_EDGE ( 'NONE', *, *, #8386, .T. ) ;
#2540 = MECHANICAL_DESIGN_GEOMETRIC_PRESENTATION_REPRESENTATION (  '', ( #1691 ), #2976 ) ;
#2541 = DIRECTION ( 'NONE',  ( 0.0000000000000000000, 0.0000000000000000000, 1.000000000000000000 ) ) ;
#2542 = VERTEX_POINT ( 'NONE', #6232 ) ;
#2543 = EDGE_CURVE ( 'NONE', #6015, #4014, #8140, .T. ) ;
#2544 = DIRECTION ( 'NONE',  ( 0.0000000000000000000, -1.084202172485504400E-015, -1.000000000000000000 ) ) ;
#2545 =( LENGTH_UNIT ( ) NAMED_UNIT ( * ) SI_UNIT ( .MILLI., .METRE. ) );
#2546 = CIRCLE ( 'NONE', #2707, 0.1270000000000008600 ) ;
#2547 = CARTESIAN_POINT ( 'NONE',  ( -1.625000000000000000, 1.500000000000000000, 0.5635000000000020000 ) ) ;
#2548 = EDGE_CURVE ( 'NONE', #7422, #8106, #4837, .T. ) ;
#2549 = DIRECTION ( 'NONE',  ( 0.0000000000000000000, 0.0000000000000000000, -1.000000000000000000 ) ) ;
#2550 = AXIS2_PLACEMENT_3D ( 'NONE', #714, #602, #7833 ) ;
#2551 = PLANE ( 'NONE',  #1283 ) ;
#2552 = ADVANCED_FACE ( 'NONE', ( #3067 ), #1764, .F. ) ;
#2553 = ORIENTED_EDGE ( 'NONE', *, *, #5285, .F. ) ;
#2554 = ADVANCED_FACE ( 'NONE', ( #5773 ), #859, .F. ) ;
#2555 = VECTOR ( 'NONE', #1351, 1000.000000000000100 ) ;
#2556 = AXIS2_PLACEMENT_3D ( 'NONE', #5709, #1744, #5680 ) ;
#2557 = ORIENTED_EDGE ( 'NONE', *, *, #598, .F. ) ;
#2558 = CARTESIAN_POINT ( 'NONE',  ( 0.5750000000000001800, -2.000000000000000000, 2.439454888092385000E-016 ) ) ;
#2559 = CARTESIAN_POINT ( 'NONE',  ( 1.575000000000000200, 1.500000000000000000, 0.5635000000000020000 ) ) ;
#2560 = AXIS2_PLACEMENT_3D ( 'NONE', #4460, #530, #5122 ) ;
#2561 = SURFACE_SIDE_STYLE ('',( #4695 ) ) ;
#2562 = ORIENTED_EDGE ( 'NONE', *, *, #5591, .F. ) ;
#2563 = CARTESIAN_POINT ( 'NONE',  ( 1.800000000000000000, -1.499999999999999800, 0.6999999999999997300 ) ) ;
#2564 = LINE ( 'NONE', #2008, #7640 ) ;
#2565 = PRESENTATION_STYLE_ASSIGNMENT (( #3479 ) ) ;
#2566 = DIRECTION ( 'NONE',  ( 0.0000000000000000000, 1.000000000000000000, 0.0000000000000000000 ) ) ;
#2567 = PLANE ( 'NONE',  #7021 ) ;
#2568 = MANIFOLD_SOLID_BREP ( 'Mold', #7318 ) ;
#2569 = CARTESIAN_POINT ( 'NONE',  ( 2.000000000000000000, -1.299999999999999800, 0.1000000000000000500 ) ) ;
#2570 = ORIENTED_EDGE ( 'NONE', *, *, #2250, .F. ) ;
#2571 =( NAMED_UNIT ( * ) PLANE_ANGLE_UNIT ( ) SI_UNIT ( $, .RADIAN. ) );
#2572 = ORIENTED_EDGE ( 'NONE', *, *, #4440, .F. ) ;
#2573 = DIRECTION ( 'NONE',  ( 0.0000000000000000000, 0.0000000000000000000, -1.000000000000000000 ) ) ;
#2574 = ORIENTED_EDGE ( 'NONE', *, *, #1785, .T. ) ;
#2575 = CARTESIAN_POINT ( 'NONE',  ( -1.125000000000000000, 1.550000000000000000, 0.5635000000000010000 ) ) ;
#2576 = PRESENTATION_LAYER_ASSIGNMENT (  '', '', ( #1728 ) ) ;
#2577 = SURFACE_STYLE_USAGE ( .BOTH. , #6539 ) ;
#2578 = PRESENTATION_LAYER_ASSIGNMENT (  '', '', ( #3907 ) ) ;
#2579 = CARTESIAN_POINT ( 'NONE',  ( -2.125000000000000000, -1.500000000000000000, 0.4365000000000000000 ) ) ;
#2580 = EDGE_LOOP ( 'NONE', ( #298, #2810, #2516, #1216 ) ) ;
#2581 = EDGE_CURVE ( 'NONE', #2366, #7322, #2756, .T. ) ;
#2582 = ORIENTED_EDGE ( 'NONE', *, *, #5154, .F. ) ;
#2583 = DIRECTION ( 'NONE',  ( -0.0000000000000000000, -1.000000000000000000, -0.0000000000000000000 ) ) ;
#2584 = VECTOR ( 'NONE', #6225, 1000.000000000000000 ) ;
#2585 = SURFACE_STYLE_USAGE ( .BOTH. , #6546 ) ;
#2586 = COLOUR_RGB ( '',1.000000000000000000, 1.000000000000000000, 1.000000000000000000 ) ;
#2587 = LINE ( 'NONE', #7055, #7662 ) ;
#2588 = DIRECTION ( 'NONE',  ( -0.0000000000000000000, 1.000000000000000000, -0.0000000000000000000 ) ) ;
#2589 = FILL_AREA_STYLE ('',( #1321 ) ) ;
#2590 =( GEOMETRIC_REPRESENTATION_CONTEXT ( 3 ) GLOBAL_UNCERTAINTY_ASSIGNED_CONTEXT ( ( #6470 ) ) GLOBAL_UNIT_ASSIGNED_CONTEXT ( ( #5370, #1426, #6037 ) ) REPRESENTATION_CONTEXT ( 'NONE', 'WORKASPACE' ) );
#2591 = CLOSED_SHELL ( 'NONE', ( #7371, #1418, #4561, #2023, #7548, #174, #7894, #5131, #1558, #1547, #7845, #2941 ) ) ;
#2592 = ORIENTED_EDGE ( 'NONE', *, *, #4693, .F. ) ;
#2593 =( GEOMETRIC_REPRESENTATION_CONTEXT ( 3 ) GLOBAL_UNCERTAINTY_ASSIGNED_CONTEXT ( ( #1263 ) ) GLOBAL_UNIT_ASSIGNED_CONTEXT ( ( #776, #4779, #4920 ) ) REPRESENTATION_CONTEXT ( 'NONE', 'WORKASPACE' ) );
#2594 = VERTEX_POINT ( 'NONE', #2072 ) ;
#2595 = LINE ( 'NONE', #3978, #5921 ) ;
#2596 = PLANE ( 'NONE',  #7842 ) ;
#2597 = EDGE_CURVE ( 'NONE', #3481, #23, #7822, .T. ) ;
#2598 = UNCERTAINTY_MEASURE_WITH_UNIT (LENGTH_MEASURE( 1.000000000000000100E-005 ), #5505, 'distance_accuracy_value', 'NONE');
#2599 = VECTOR ( 'NONE', #8352, 1000.000000000000000 ) ;
#2600 =( NAMED_UNIT ( * ) SI_UNIT ( $, .STERADIAN. ) SOLID_ANGLE_UNIT ( ) );
#2601 = ORIENTED_EDGE ( 'NONE', *, *, #1584, .F. ) ;
#2602 = ADVANCED_FACE ( 'NONE', ( #8459 ), #4324, .T. ) ;
#2603 = LINE ( 'NONE', #1708, #7674 ) ;
#2604 = ORIENTED_EDGE ( 'NONE', *, *, #585, .T. ) ;
#2605 = DIRECTION ( 'NONE',  ( 0.0000000000000000000, 0.0000000000000000000, 1.000000000000000000 ) ) ;
#2606 = EDGE_CURVE ( 'NONE', #74, #365, #4526, .T. ) ;
#2607 =( NAMED_UNIT ( * ) SI_UNIT ( $, .STERADIAN. ) SOLID_ANGLE_UNIT ( ) );
#2608 = MECHANICAL_DESIGN_GEOMETRIC_PRESENTATION_REPRESENTATION (  '', ( #1749 ), #3046 ) ;
#2609 = VECTOR ( 'NONE', #7427, 1000.000000000000100 ) ;
#2610 = COLOUR_RGB ( '',1.000000000000000000, 1.000000000000000000, 1.000000000000000000 ) ;
#2611 = ORIENTED_EDGE ( 'NONE', *, *, #7601, .F. ) ;
#2612 = FILL_AREA_STYLE_COLOUR ( '', #619 ) ;
#2613 = COLOUR_RGB ( '',1.000000000000000000, 1.000000000000000000, 1.000000000000000000 ) ;
#2614 = PLANE ( 'NONE',  #8323 ) ;
#2615 = VECTOR ( 'NONE', #6596, 1000.000000000000000 ) ;
#2616 = CARTESIAN_POINT ( 'NONE',  ( -1.424999999999999800, 1.710000000000000200, 0.1270000000000002200 ) ) ;
#2617 = LINE ( 'NONE', #770, #4178 ) ;
#2618 = EDGE_CURVE ( 'NONE', #4670, #1525, #1041, .T. ) ;
#2619 =( GEOMETRIC_REPRESENTATION_CONTEXT ( 3 ) GLOBAL_UNCERTAINTY_ASSIGNED_CONTEXT ( ( #2961 ) ) GLOBAL_UNIT_ASSIGNED_CONTEXT ( ( #46, #4624, #710 ) ) REPRESENTATION_CONTEXT ( 'NONE', 'WORKASPACE' ) );
#2620 = EDGE_LOOP ( 'NONE', ( #5008, #3412, #1387, #5159 ) ) ;
#2621 = CYLINDRICAL_SURFACE ( 'NONE', #4371, 0.1999999999999999800 ) ;
#2622 = DIRECTION ( 'NONE',  ( 0.0000000000000000000, 1.000000000000000000, 3.686287386450737200E-014 ) ) ;
#2623 = CARTESIAN_POINT ( 'NONE',  ( -0.9249999999999998200, -1.583686420389025100, 0.1138136583594313900 ) ) ;
#2624 = ORIENTED_EDGE ( 'NONE', *, *, #5013, .T. ) ;
#2625 = CARTESIAN_POINT ( 'NONE',  ( 0.3750000000000001100, -1.710000000000000200, 2.710505431213761100E-016 ) ) ;
#2626 =( NAMED_UNIT ( * ) PLANE_ANGLE_UNIT ( ) SI_UNIT ( $, .RADIAN. ) );
#2627 = DIRECTION ( 'NONE',  ( -1.000000000000000000, -0.0000000000000000000, -0.0000000000000000000 ) ) ;
#2628 = DIRECTION ( 'NONE',  ( 0.0000000000000000000, 0.0000000000000000000, 1.000000000000000000 ) ) ;
#2629 = PRESENTATION_STYLE_ASSIGNMENT (( #5677 ) ) ;
#2630 = FILL_AREA_STYLE_COLOUR ( '', #3536 ) ;
#2631 = STYLED_ITEM ( 'NONE', ( #5029 ), #5397 ) ;
#2632 = COLOUR_RGB ( '',1.000000000000000000, 1.000000000000000000, 1.000000000000000000 ) ;
#2633 = FILL_AREA_STYLE ('',( #5943 ) ) ;
#2634 =( NAMED_UNIT ( * ) PLANE_ANGLE_UNIT ( ) SI_UNIT ( $, .RADIAN. ) );
#2635 = AXIS2_PLACEMENT_3D ( 'NONE', #4285, #8233, #3600 ) ;
#2636 = VECTOR ( 'NONE', #755, 1000.000000000000000 ) ;
#2637 = EDGE_LOOP ( 'NONE', ( #8385, #5384, #3675, #6742, #8521, #3117, #41, #3524, #6178, #42 ) ) ;
#2638 = EDGE_CURVE ( 'NONE', #1498, #4626, #2546, .T. ) ;
#2639 = CARTESIAN_POINT ( 'NONE',  ( -0.4249999999999998200, 2.000000000000000000, 2.439454888092385000E-016 ) ) ;
#2640 = LINE ( 'NONE', #5338, #7708 ) ;
#2641 = CARTESIAN_POINT ( 'NONE',  ( -0.4249999999999998200, -1.676313579610975200, 0.4496863416405709200 ) ) ;
#2642 =( NAMED_UNIT ( * ) SI_UNIT ( $, .STERADIAN. ) SOLID_ANGLE_UNIT ( ) );
#2643 = AXIS2_PLACEMENT_3D ( 'NONE', #2824, #7449, #3480 ) ;
#2644 = VECTOR ( 'NONE', #2502, 1000.000000000000000 ) ;
#2645 = ORIENTED_EDGE ( 'NONE', *, *, #6307, .T. ) ;
#2646 = DIRECTION ( 'NONE',  ( -1.000000000000000000, -0.0000000000000000000, -0.0000000000000000000 ) ) ;
#2647 = AXIS2_PLACEMENT_3D ( 'NONE', #1652, #6265, #2282 ) ;
#2648 = ADVANCED_FACE ( 'NONE', ( #4110 ), #1329, .F. ) ;
#2649 = VECTOR ( 'NONE', #5227, 1000.000000000000000 ) ;
#2650 = CYLINDRICAL_SURFACE ( 'NONE', #5838, 0.1270000000000008600 ) ;
#2651 = SURFACE_STYLE_USAGE ( .BOTH. , #6615 ) ;
#2652 = EDGE_CURVE ( 'NONE', #4078, #7307, #1750, .T. ) ;
#2653 = COLOUR_RGB ( '',1.000000000000000000, 1.000000000000000000, 1.000000000000000000 ) ;
#2654 = ORIENTED_EDGE ( 'NONE', *, *, #7483, .F. ) ;
#2655 = ORIENTED_EDGE ( 'NONE', *, *, #4858, .T. ) ;
#2656 = DIRECTION ( 'NONE',  ( -1.000000000000000000, 0.0000000000000000000, -0.0000000000000000000 ) ) ;
#2657 = VECTOR ( 'NONE', #6818, 1000.000000000000000 ) ;
#2658 = PRESENTATION_LAYER_ASSIGNMENT (  '', '', ( #1792 ) ) ;
#2659 = DIRECTION ( 'NONE',  ( 0.0000000000000000000, -2.168404344971013200E-015, -1.000000000000000000 ) ) ;
#2660 = CIRCLE ( 'NONE', #6294, 0.1270000000000008600 ) ;
#2661 = EDGE_LOOP ( 'NONE', ( #7067, #4760, #7257, #4867 ) ) ;
#2662 = CARTESIAN_POINT ( 'NONE',  ( -2.000000000000000000, 0.0000000000000000000, 0.0000000000000000000 ) ) ;
#2663 = CARTESIAN_POINT ( 'NONE',  ( -2.000000000000000000, 1.300000000000000000, -3.523657060577889400E-016 ) ) ;
#2664 =( NAMED_UNIT ( * ) PLANE_ANGLE_UNIT ( ) SI_UNIT ( $, .RADIAN. ) );
#2665 = EDGE_CURVE ( 'NONE', #1424, #6614, #5247, .T. ) ;
#2666 = ORIENTED_EDGE ( 'NONE', *, *, #7411, .F. ) ;
#2667 = VECTOR ( 'NONE', #2115, 1000.000000000000000 ) ;
#2668 = SURFACE_STYLE_FILL_AREA ( #2821 ) ;
#2669 = DIRECTION ( 'NONE',  ( -1.000000000000000000, 0.0000000000000000000, -0.0000000000000000000 ) ) ;
#2670 = SURFACE_STYLE_USAGE ( .BOTH. , #6638 ) ;
#2671 = EDGE_LOOP ( 'NONE', ( #7693, #7351, #2268, #6421 ) ) ;
#2672 = CARTESIAN_POINT ( 'NONE',  ( -0.4249999999999998200, 2.000000000000000000, 0.1270000000000002500 ) ) ;
#2673 = ORIENTED_EDGE ( 'NONE', *, *, #6456, .F. ) ;
#2674 = CARTESIAN_POINT ( 'NONE',  ( -2.125000000000000000, 1.500000000000000000, 0.5635000000000000000 ) ) ;
#2675 = VERTEX_POINT ( 'NONE', #5734 ) ;
#2676 = ADVANCED_FACE ( 'NONE', ( #9 ), #986, .F. ) ;
#2677 = CARTESIAN_POINT ( 'NONE',  ( -0.4249999999999998200, 1.583686420389025100, 0.1138136583594313900 ) ) ;
#2678 = CARTESIAN_POINT ( 'NONE',  ( 1.575000000000000200, -1.710000000000000200, 0.1270000000000002500 ) ) ;
#2679 = FILL_AREA_STYLE_COLOUR ( '', #3905 ) ;
#2680 = DIRECTION ( 'NONE',  ( 1.000000000000000000, -0.0000000000000000000, -0.0000000000000000000 ) ) ;
#2681 =( GEOMETRIC_REPRESENTATION_CONTEXT ( 3 ) GLOBAL_UNCERTAINTY_ASSIGNED_CONTEXT ( ( #2598 ) ) GLOBAL_UNIT_ASSIGNED_CONTEXT ( ( #5505, #1574, #6187 ) ) REPRESENTATION_CONTEXT ( 'NONE', 'WORKASPACE' ) );
#2682 = FACE_OUTER_BOUND ( 'NONE', #4310, .T. ) ;
#2683 =( NAMED_UNIT ( * ) PLANE_ANGLE_UNIT ( ) SI_UNIT ( $, .RADIAN. ) );
#2684 = ORIENTED_EDGE ( 'NONE', *, *, #3044, .F. ) ;
#2685 = EDGE_LOOP ( 'NONE', ( #4355, #5077, #8199 ) ) ;
#2686 = ORIENTED_EDGE ( 'NONE', *, *, #6317, .F. ) ;
#2687 = LINE ( 'NONE', #7009, #775 ) ;
#2688 =( NAMED_UNIT ( * ) PLANE_ANGLE_UNIT ( ) SI_UNIT ( $, .RADIAN. ) );
#2689 = ADVANCED_FACE ( 'NONE', ( #5046 ), #6946, .F. ) ;
#2690 =( NAMED_UNIT ( * ) PLANE_ANGLE_UNIT ( ) SI_UNIT ( $, .RADIAN. ) );
#2691 = DIRECTION ( 'NONE',  ( -0.0000000000000000000, -1.000000000000000000, 2.168404344971012800E-015 ) ) ;
#2692 = SURFACE_STYLE_FILL_AREA ( #4736 ) ;
#2693 = ORIENTED_EDGE ( 'NONE', *, *, #4342, .T. ) ;
#2694 = ORIENTED_EDGE ( 'NONE', *, *, #1843, .F. ) ;
#2695 = AXIS2_PLACEMENT_3D ( 'NONE', #323, #6259, #2280 ) ;
#2696 = ORIENTED_EDGE ( 'NONE', *, *, #6049, .T. ) ;
#2697 = SURFACE_STYLE_USAGE ( .BOTH. , #6665 ) ;
#2698 = CARTESIAN_POINT ( 'NONE',  ( -2.000000000000000000, 1.500000000000000000, 0.5635000000000000000 ) ) ;
#2699 = PRESENTATION_STYLE_ASSIGNMENT (( #1269 ) ) ;
#2700 = EDGE_CURVE ( 'NONE', #7997, #6097, #5538, .T. ) ;
#2701 = DIRECTION ( 'NONE',  ( -1.000000000000000000, 0.0000000000000000000, -0.0000000000000000000 ) ) ;
#2702 = CARTESIAN_POINT ( 'NONE',  ( 1.800000000000000000, -7.589415207398529800E-017, 0.6999999999999998400 ) ) ;
#2703 = VECTOR ( 'NONE', #1877, 1000.000000000000000 ) ;
#2704 = SURFACE_STYLE_USAGE ( .BOTH. , #6674 ) ;
#2705 = AXIS2_PLACEMENT_3D ( 'NONE', #5652, #1690, #1719 ) ;
#2706 = EDGE_LOOP ( 'NONE', ( #8318, #2686, #2830, #8042 ) ) ;
#2707 = AXIS2_PLACEMENT_3D ( 'NONE', #290, #7330, #5717 ) ;
#2708 = DIRECTION ( 'NONE',  ( -0.0000000000000000000, 0.1038294617367628000, -0.9945951150470496700 ) ) ;
#2709 = SPHERICAL_SURFACE ( 'NONE', #1392, 0.2000000000000000100 ) ;
#2710 = EDGE_CURVE ( 'NONE', #5394, #5056, #2024, .T. ) ;
#2711 = SURFACE_SIDE_STYLE ('',( #520 ) ) ;
#2712 = SURFACE_SIDE_STYLE ('',( #1655 ) ) ;
#2713 = DIRECTION ( 'NONE',  ( 0.0000000000000000000, -0.1038294617367628000, -0.9945951150470496700 ) ) ;
#2714 = ORIENTED_EDGE ( 'NONE', *, *, #1742, .T. ) ;
#2715 = VERTEX_POINT ( 'NONE', #6164 ) ;
#2716 = EDGE_CURVE ( 'NONE', #6080, #8365, #3571, .T. ) ;
#2717 = ORIENTED_EDGE ( 'NONE', *, *, #664, .T. ) ;
#2718 =( NAMED_UNIT ( * ) PLANE_ANGLE_UNIT ( ) SI_UNIT ( $, .RADIAN. ) );
#2719 = STYLED_ITEM ( 'NONE', ( #3269 ), #3514 ) ;
#2720 = ORIENTED_EDGE ( 'NONE', *, *, #2287, .F. ) ;
#2721 = PRESENTATION_LAYER_ASSIGNMENT (  '', '', ( #1845 ) ) ;
#2722 = FACE_OUTER_BOUND ( 'NONE', #1406, .T. ) ;
#2723 = DIRECTION ( 'NONE',  ( -1.000000000000000000, -0.0000000000000000000, -0.0000000000000000000 ) ) ;
#2724 = PRESENTATION_STYLE_ASSIGNMENT (( #7182 ) ) ;
#2725 = DIRECTION ( 'NONE',  ( 0.0000000000000000000, 0.0000000000000000000, 1.000000000000000000 ) ) ;
#2726 =( LENGTH_UNIT ( ) NAMED_UNIT ( * ) SI_UNIT ( .MILLI., .METRE. ) );
#2727 = LINE ( 'NONE', #5865, #1014 ) ;
#2728 = DIRECTION ( 'NONE',  ( 0.0000000000000000000, -1.000000000000000000, 3.414809992080329100E-015 ) ) ;
#2729 = UNCERTAINTY_MEASURE_WITH_UNIT (LENGTH_MEASURE( 1.000000000000000100E-005 ), #5060, 'distance_accuracy_value', 'NONE');
#2730 = ORIENTED_EDGE ( 'NONE', *, *, #2324, .T. ) ;
#2731 = ADVANCED_FACE ( 'NONE', ( #107 ), #4967, .T. ) ;
#2732 = CARTESIAN_POINT ( 'NONE',  ( -1.125000000000000000, 1.710000000000000200, 0.1270000000000002200 ) ) ;
#2733 = ADVANCED_FACE ( 'NONE', ( #7888 ), #2388, .F. ) ;
#2734 = EDGE_CURVE ( 'NONE', #3623, #31, #4346, .T. ) ;
#2735 = AXIS2_PLACEMENT_3D ( 'NONE', #5669, #1732, #6333 ) ;
#2736 = FILL_AREA_STYLE_COLOUR ( '', #4727 ) ;
#2737 = CARTESIAN_POINT ( 'NONE',  ( 0.8750000000000001100, -2.000000000000000000, 2.439454888092385000E-016 ) ) ;
#2738 = ORIENTED_EDGE ( 'NONE', *, *, #6870, .F. ) ;
#2739 = FACE_OUTER_BOUND ( 'NONE', #6944, .T. ) ;
#2740 = FILL_AREA_STYLE ('',( #6678 ) ) ;
#2741 = ORIENTED_EDGE ( 'NONE', *, *, #3750, .T. ) ;
#2742 = CARTESIAN_POINT ( 'NONE',  ( 0.8750000000000001100, -1.710000000000000200, 0.1270000000000002200 ) ) ;
#2743 =( LENGTH_UNIT ( ) NAMED_UNIT ( * ) SI_UNIT ( .MILLI., .METRE. ) );
#2744 = CARTESIAN_POINT ( 'NONE',  ( 1.575000000000000200, 1.710000000000000200, 0.1270000000000002500 ) ) ;
#2745 = ORIENTED_EDGE ( 'NONE', *, *, #4651, .F. ) ;
#2746 = PRESENTATION_LAYER_ASSIGNMENT (  '', '', ( #2300 ) ) ;
#2747 = DIRECTION ( 'NONE',  ( -0.0000000000000000000, -0.1038294617367629000, 0.9945951150470496700 ) ) ;
#2748 =( GEOMETRIC_REPRESENTATION_CONTEXT ( 3 ) GLOBAL_UNCERTAINTY_ASSIGNED_CONTEXT ( ( #2035 ) ) GLOBAL_UNIT_ASSIGNED_CONTEXT ( ( #7733, #3765, #8411 ) ) REPRESENTATION_CONTEXT ( 'NONE', 'WORKASPACE' ) );
#2749 = PRESENTATION_STYLE_ASSIGNMENT (( #7838 ) ) ;
#2750 = EDGE_CURVE ( 'NONE', #8058, #8012, #1060, .T. ) ;
#2751 = CARTESIAN_POINT ( 'NONE',  ( 1.575000000000000200, 1.710000000000000200, 2.710505431213761100E-016 ) ) ;
#2752 = CARTESIAN_POINT ( 'NONE',  ( -1.625000000000000000, 1.710000000000000200, 0.1270000000000002500 ) ) ;
#2753 = VECTOR ( 'NONE', #4954, 1000.000000000000000 ) ;
#2754 = FILL_AREA_STYLE ('',( #2083 ) ) ;
#2755 = MECHANICAL_DESIGN_GEOMETRIC_PRESENTATION_REPRESENTATION (  '', ( #1460 ), #3194 ) ;
#2756 = CIRCLE ( 'NONE', #2262, 0.1270000000000008600 ) ;
#2757 = SURFACE_STYLE_USAGE ( .BOTH. , #6732 ) ;
#2758 = AXIS2_PLACEMENT_3D ( 'NONE', #7179, #3890, #8535 ) ;
#2759 = VERTEX_POINT ( 'NONE', #1524 ) ;
#2760 = ORIENTED_EDGE ( 'NONE', *, *, #585, .F. ) ;
#2761 = DIRECTION ( 'NONE',  ( -0.0000000000000000000, -1.000000000000000000, 2.168404344971012800E-015 ) ) ;
#2762 = DIRECTION ( 'NONE',  ( 0.0000000000000000000, 0.0000000000000000000, 1.000000000000000000 ) ) ;
#2763 = EDGE_CURVE ( 'NONE', #955, #1936, #7641, .T. ) ;
#2764 = UNCERTAINTY_MEASURE_WITH_UNIT (LENGTH_MEASURE( 1.000000000000000100E-005 ), #1207, 'distance_accuracy_value', 'NONE');
#2765 = CARTESIAN_POINT ( 'NONE',  ( -1.424999999999999800, -1.500000000000000000, 0.5635000000000020000 ) ) ;
#2766 = SURFACE_STYLE_USAGE ( .BOTH. , #6741 ) ;
#2767 = VERTEX_POINT ( 'NONE', #1984 ) ;
#2768 = ORIENTED_EDGE ( 'NONE', *, *, #4396, .T. ) ;
#2769 = CARTESIAN_POINT ( 'NONE',  ( -1.424999999999999800, 2.000000000000000000, 0.1270000000000002500 ) ) ;
#2770 = PRESENTATION_STYLE_ASSIGNMENT (( #407 ) ) ;
#2771 = MECHANICAL_DESIGN_GEOMETRIC_PRESENTATION_REPRESENTATION (  '', ( #1479 ), #3210 ) ;
#2772 = CARTESIAN_POINT ( 'NONE',  ( 1.075000000000000200, 1.500000000000000400, 0.4365000000000020500 ) ) ;
#2773 = MECHANICAL_DESIGN_GEOMETRIC_PRESENTATION_REPRESENTATION (  '', ( #1480 ), #3211 ) ;
#2774 = ADVANCED_FACE ( 'NONE', ( #4132 ), #1769, .T. ) ;
#2775 = FILL_AREA_STYLE_COLOUR ( '', #3226 ) ;
#2776 = CIRCLE ( 'NONE', #2321, 0.2000000000000000900 ) ;
#2777 = ORIENTED_EDGE ( 'NONE', *, *, #5218, .F. ) ;
#2778 = DIRECTION ( 'NONE',  ( -0.0000000000000000000, 0.0000000000000000000, -1.000000000000000000 ) ) ;
#2779 =( NAMED_UNIT ( * ) PLANE_ANGLE_UNIT ( ) SI_UNIT ( $, .RADIAN. ) );
#2780 = EDGE_CURVE ( 'NONE', #1202, #6775, #3493, .T. ) ;
#2781 =( NAMED_UNIT ( * ) PLANE_ANGLE_UNIT ( ) SI_UNIT ( $, .RADIAN. ) );
#2782 = ORIENTED_EDGE ( 'NONE', *, *, #1431, .T. ) ;
#2783 = PRESENTATION_LAYER_ASSIGNMENT (  '', '', ( #1900 ) ) ;
#2784 = VERTEX_POINT ( 'NONE', #7567 ) ;
#2785 = ORIENTED_EDGE ( 'NONE', *, *, #7862, .T. ) ;
#2786 = FILL_AREA_STYLE_COLOUR ( '', #5991 ) ;
#2787 = VERTEX_POINT ( 'NONE', #4232 ) ;
#2788 = PRESENTATION_STYLE_ASSIGNMENT (( #1265 ) ) ;
#2789 =( NAMED_UNIT ( * ) PLANE_ANGLE_UNIT ( ) SI_UNIT ( $, .RADIAN. ) );
#2790 = PRESENTATION_STYLE_ASSIGNMENT (( #934 ) ) ;
#2791 = COLOUR_RGB ( '',1.000000000000000000, 1.000000000000000000, 1.000000000000000000 ) ;
#2792 = CARTESIAN_POINT ( 'NONE',  ( 0.5750000000000001800, -1.676313579610975200, 0.4496863416405709200 ) ) ;
#2793 = DIRECTION ( 'NONE',  ( 0.0000000000000000000, 0.0000000000000000000, 1.000000000000000000 ) ) ;
#2794 = ORIENTED_EDGE ( 'NONE', *, *, #645, .T. ) ;
#2795 = ORIENTED_EDGE ( 'NONE', *, *, #4219, .F. ) ;
#2796 = LINE ( 'NONE', #4216, #2584 ) ;
#2797 = CARTESIAN_POINT ( 'NONE',  ( 1.075000000000000200, -1.500000000000000400, 0.4365000000000020500 ) ) ;
#2798 = STYLED_ITEM ( 'NONE', ( #726 ), #5298 ) ;
#2799 = DIRECTION ( 'NONE',  ( 0.0000000000000000000, 0.0000000000000000000, 1.000000000000000000 ) ) ;
#2800 = DIRECTION ( 'NONE',  ( -0.0000000000000000000, 1.000000000000000000, 1.168321306557656000E-016 ) ) ;
#2801 = VECTOR ( 'NONE', #34, 1000.000000000000000 ) ;
#2802 = AXIS2_PLACEMENT_3D ( 'NONE', #2098, #6083, #1476 ) ;
#2803 = VERTEX_POINT ( 'NONE', #8244 ) ;
#2804 = VERTEX_POINT ( 'NONE', #2200 ) ;
#2805 = LINE ( 'NONE', #1352, #6331 ) ;
#2806 = CARTESIAN_POINT ( 'NONE',  ( 1.800000000000000000, -1.499999999999999800, 0.1000000000000000500 ) ) ;
#2807 = DIRECTION ( 'NONE',  ( -0.0000000000000000000, 0.1038294617367628000, -0.9945951150470496700 ) ) ;
#2808 = AXIS2_PLACEMENT_3D ( 'NONE', #5292, #1325, #706 ) ;
#2809 = STYLED_ITEM ( 'NONE', ( #6316 ), #1835 ) ;
#2810 = ORIENTED_EDGE ( 'NONE', *, *, #6776, .F. ) ;
#2811 = FILL_AREA_STYLE_COLOUR ( '', #5229 ) ;
#2812 = EDGE_CURVE ( 'NONE', #5514, #3324, #5265, .T. ) ;
#2813 =( LENGTH_UNIT ( ) NAMED_UNIT ( * ) SI_UNIT ( .MILLI., .METRE. ) );
#2814 = VECTOR ( 'NONE', #8123, 1000.000000000000000 ) ;
#2815 = SURFACE_SIDE_STYLE ('',( #8205 ) ) ;
#2816 = ADVANCED_FACE ( 'NONE', ( #26 ), #1657, .F. ) ;
#2817 = VECTOR ( 'NONE', #4883, 1000.000000000000000 ) ;
#2818 = ORIENTED_EDGE ( 'NONE', *, *, #5726, .F. ) ;
#2819 = VECTOR ( 'NONE', #5559, 1000.000000000000200 ) ;
#2820 = DIRECTION ( 'NONE',  ( -0.0000000000000000000, 1.000000000000000000, 1.168321306557656000E-016 ) ) ;
#2821 = FILL_AREA_STYLE ('',( #346 ) ) ;
#2822 = AXIS2_PLACEMENT_3D ( 'NONE', #6784, #7703, #312 ) ;
#2823 = SURFACE_STYLE_FILL_AREA ( #3288 ) ;
#2824 = CARTESIAN_POINT ( 'NONE',  ( -1.125000000000000000, -1.710000000000000200, 0.1270000000000002200 ) ) ;
#2825 =( NAMED_UNIT ( * ) PLANE_ANGLE_UNIT ( ) SI_UNIT ( $, .RADIAN. ) );
#2826 = EDGE_CURVE ( 'NONE', #5123, #3567, #6203, .T. ) ;
#2827 =( NAMED_UNIT ( * ) PLANE_ANGLE_UNIT ( ) SI_UNIT ( $, .RADIAN. ) );
#2828 = VERTEX_POINT ( 'NONE', #908 ) ;
#2829 = CYLINDRICAL_SURFACE ( 'NONE', #3462, 0.1999999999999999800 ) ;
#2830 = ORIENTED_EDGE ( 'NONE', *, *, #3148, .T. ) ;
#2831 = CARTESIAN_POINT ( 'NONE',  ( 0.07500000000000019200, 1.500000000000000000, 0.5635000000000020000 ) ) ;
#2832 = SURFACE_STYLE_USAGE ( .BOTH. , #6794 ) ;
#2833 = CARTESIAN_POINT ( 'NONE',  ( -1.424999999999999800, 1.710000000000000200, 0.1270000000000002200 ) ) ;
#2834 = EDGE_CURVE ( 'NONE', #1562, #4670, #7948, .T. ) ;
#2835 = CARTESIAN_POINT ( 'NONE',  ( -1.625000000000000000, 1.583686420389025100, 0.1138136583594313900 ) ) ;
#2836 =( GEOMETRIC_REPRESENTATION_CONTEXT ( 3 ) GLOBAL_UNCERTAINTY_ASSIGNED_CONTEXT ( ( #801 ) ) GLOBAL_UNIT_ASSIGNED_CONTEXT ( ( #137, #4728, #817 ) ) REPRESENTATION_CONTEXT ( 'NONE', 'WORKASPACE' ) );
#2837 = SURFACE_STYLE_FILL_AREA ( #5019 ) ;
#2838 = VECTOR ( 'NONE', #1145, 1000.000000000000000 ) ;
#2839 = UNCERTAINTY_MEASURE_WITH_UNIT (LENGTH_MEASURE( 1.000000000000000100E-005 ), #7783, 'distance_accuracy_value', 'NONE');
#2840 = COLOUR_RGB ( '',1.000000000000000000, 1.000000000000000000, 1.000000000000000000 ) ;
#2841 = DIRECTION ( 'NONE',  ( 0.0000000000000000000, -1.000000000000000000, 1.168321306557656000E-016 ) ) ;
#2842 = CARTESIAN_POINT ( 'NONE',  ( 0.5750000000000001800, -1.676313579610975200, 0.4496863416405709200 ) ) ;
#2843 = ORIENTED_EDGE ( 'NONE', *, *, #5878, .F. ) ;
#2844 = DIRECTION ( 'NONE',  ( -0.0000000000000000000, -1.000000000000000000, 2.168404344971012800E-015 ) ) ;
#2845 = AXIS2_PLACEMENT_3D ( 'NONE', #2882, #7520, #3285 ) ;
#2846 = CIRCLE ( 'NONE', #667, 0.2000000000000000900 ) ;
#2847 = DIRECTION ( 'NONE',  ( 0.0000000000000000000, 3.414809992080329100E-015, -1.000000000000000000 ) ) ;
#2848 = LINE ( 'NONE', #2769, #1125 ) ;
#2849 = CARTESIAN_POINT ( 'NONE',  ( 1.575000000000000200, 2.000000000000000000, 2.439454888092385000E-016 ) ) ;
#2850 = DIRECTION ( 'NONE',  ( -0.0000000000000000000, -0.0000000000000000000, 1.000000000000000000 ) ) ;
#2851 = DIRECTION ( 'NONE',  ( 0.0000000000000000000, 3.414809992080329100E-015, -1.000000000000000000 ) ) ;
#2852 = MECHANICAL_DESIGN_GEOMETRIC_PRESENTATION_REPRESENTATION (  '', ( #1973 ), #3294 ) ;
#2853 = ADVANCED_FACE ( 'NONE', ( #4446 ), #2212, .F. ) ;
#2854 = FILL_AREA_STYLE_COLOUR ( '', #2136 ) ;
#2855 = PRESENTATION_LAYER_ASSIGNMENT (  '', '', ( #3296 ) ) ;
#2856 = UNCERTAINTY_MEASURE_WITH_UNIT (LENGTH_MEASURE( 1.000000000000000100E-005 ), #6789, 'distance_accuracy_value', 'NONE');
#2857 = CARTESIAN_POINT ( 'NONE',  ( 0.5750000000000001800, 1.583686420389025100, 0.1138136583594313900 ) ) ;
#2858 = EDGE_CURVE ( 'NONE', #2787, #8278, #5366, .T. ) ;
#2859 = COLOUR_RGB ( '',1.000000000000000000, 1.000000000000000000, 1.000000000000000000 ) ;
#2860 = PLANE ( 'NONE',  #5981 ) ;
#2861 = COLOUR_RGB ( '',1.000000000000000000, 1.000000000000000000, 1.000000000000000000 ) ;
#2862 = STYLED_ITEM ( 'NONE', ( #1159 ), #7371 ) ;
#2863 = UNCERTAINTY_MEASURE_WITH_UNIT (LENGTH_MEASURE( 1.000000000000000100E-005 ), #7396, 'distance_accuracy_value', 'NONE');
#2864 = ORIENTED_EDGE ( 'NONE', *, *, #4814, .F. ) ;
#2865 = CARTESIAN_POINT ( 'NONE',  ( 0.5750000000000001800, 1.500000000000000400, 0.4365000000000020500 ) ) ;
#2866 = EDGE_CURVE ( 'NONE', #6917, #2101, #2039, .T. ) ;
#2867 = EDGE_LOOP ( 'NONE', ( #3200, #2058, #4252, #5532, #1763, #3625, #4581, #3857, #8431, #7263 ) ) ;
#2868 = VECTOR ( 'NONE', #6731, 1000.000000000000000 ) ;
#2869 = DIRECTION ( 'NONE',  ( -1.000000000000000000, -0.0000000000000000000, 0.0000000000000000000 ) ) ;
#2870 = SURFACE_STYLE_USAGE ( .BOTH. , #1314 ) ;
#2871 = DIRECTION ( 'NONE',  ( 0.0000000000000000000, -1.168321306557656000E-016, 1.000000000000000000 ) ) ;
#2872 =( NAMED_UNIT ( * ) PLANE_ANGLE_UNIT ( ) SI_UNIT ( $, .RADIAN. ) );
#2873 = ORIENTED_EDGE ( 'NONE', *, *, #6179, .F. ) ;
#2874 = EDGE_CURVE ( 'NONE', #5327, #1424, #3594, .T. ) ;
#2875 = ORIENTED_EDGE ( 'NONE', *, *, #4025, .F. ) ;
#2876 = PRESENTATION_LAYER_ASSIGNMENT (  '', '', ( #3321 ) ) ;
#2877 = COLOUR_RGB ( '',1.000000000000000000, 1.000000000000000000, 1.000000000000000000 ) ;
#2878 = STYLED_ITEM ( 'NONE', ( #8310 ), #8344 ) ;
#2879 = FACE_OUTER_BOUND ( 'NONE', #1905, .T. ) ;
#2880 = SURFACE_STYLE_USAGE ( .BOTH. , #6846 ) ;
#2881 = VECTOR ( 'NONE', #1668, 1000.000000000000000 ) ;
#2882 = CARTESIAN_POINT ( 'NONE',  ( -0.9249999999999998200, -1.710000000000000200, 0.1270000000000002200 ) ) ;
#2883 = ORIENTED_EDGE ( 'NONE', *, *, #4659, .F. ) ;
#2884 = ORIENTED_EDGE ( 'NONE', *, *, #3478, .T. ) ;
#2885 = FACE_OUTER_BOUND ( 'NONE', #779, .T. ) ;
#2886 = DIRECTION ( 'NONE',  ( 0.0000000000000000000, -1.168321306557656000E-016, 1.000000000000000000 ) ) ;
#2887 = EDGE_CURVE ( 'NONE', #6614, #7760, #125, .T. ) ;
#2888 = SURFACE_STYLE_USAGE ( .BOTH. , #6852 ) ;
#2889 = AXIS2_PLACEMENT_3D ( 'NONE', #2831, #7455, #3484 ) ;
#2890 = DIRECTION ( 'NONE',  ( 0.0000000000000000000, 3.414809992080329100E-015, -1.000000000000000000 ) ) ;
#2891 =( NAMED_UNIT ( * ) PLANE_ANGLE_UNIT ( ) SI_UNIT ( $, .RADIAN. ) );
#2892 = CARTESIAN_POINT ( 'NONE',  ( -0.9249999999999998200, -1.710000000000000200, 0.1270000000000002500 ) ) ;
#2893 = ORIENTED_EDGE ( 'NONE', *, *, #2874, .T. ) ;
#2894 = SURFACE_STYLE_USAGE ( .BOTH. , #6859 ) ;
#2895 = ADVANCED_FACE ( 'NONE', ( #7107 ), #4138, .F. ) ;
#2896 = PRESENTATION_STYLE_ASSIGNMENT (( #2766 ) ) ;
#2897 = CARTESIAN_POINT ( 'NONE',  ( -0.9249999999999998200, -1.583686420389025100, 0.1138136583594313900 ) ) ;
#2898 = VECTOR ( 'NONE', #7040, 1000.000000000000000 ) ;
#2899 = DIRECTION ( 'NONE',  ( -1.000000000000000000, -0.0000000000000000000, -0.0000000000000000000 ) ) ;
#2900 = AXIS2_PLACEMENT_3D ( 'NONE', #336, #4932, #1007 ) ;
#2901 = LINE ( 'NONE', #5207, #4262 ) ;
#2902 = DIRECTION ( 'NONE',  ( -0.0000000000000000000, -0.1038294617367629000, 0.9945951150470496700 ) ) ;
#2903 = ADVANCED_FACE ( 'NONE', ( #4535 ), #8302, .T. ) ;
#2904 = AXIS2_PLACEMENT_3D ( 'NONE', #6140, #1530, #5461 ) ;
#2905 = CARTESIAN_POINT ( 'NONE',  ( -0.4249999999999998200, 2.000000000000000000, 0.1270000000000002500 ) ) ;
#2906 = EDGE_CURVE ( 'NONE', #4366, #276, #7207, .T. ) ;
#2907 = ADVANCED_FACE ( 'NONE', ( #3691 ), #783, .F. ) ;
#2908 = PLANE ( 'NONE',  #6313 ) ;
#2909 = DIRECTION ( 'NONE',  ( 0.0000000000000000000, 0.0000000000000000000, 1.000000000000000000 ) ) ;
#2910 = FILL_AREA_STYLE_COLOUR ( '', #2455 ) ;
#2911 = EDGE_LOOP ( 'NONE', ( #3915, #7688, #2935, #5697 ) ) ;
#2912 = VECTOR ( 'NONE', #219, 1000.000000000000000 ) ;
#2913 = UNCERTAINTY_MEASURE_WITH_UNIT (LENGTH_MEASURE( 1.000000000000000100E-005 ), #1478, 'distance_accuracy_value', 'NONE');
#2914 = AXIS2_PLACEMENT_3D ( 'NONE', #6329, #3014, #7649 ) ;
#2915 = VECTOR ( 'NONE', #4683, 1000.000000000000200 ) ;
#2916 = AXIS2_PLACEMENT_3D ( 'NONE', #3085, #7718, #3742 ) ;
#2917 =( NAMED_UNIT ( * ) SI_UNIT ( $, .STERADIAN. ) SOLID_ANGLE_UNIT ( ) );
#2918 = CARTESIAN_POINT ( 'NONE',  ( -1.625000000000000000, -1.583686420389025100, 0.1138136583594313900 ) ) ;
#2919 = ORIENTED_EDGE ( 'NONE', *, *, #4673, .F. ) ;
#2920 = COLOUR_RGB ( '',1.000000000000000000, 1.000000000000000000, 1.000000000000000000 ) ;
#2921 = ORIENTED_EDGE ( 'NONE', *, *, #1133, .T. ) ;
#2922 = EDGE_CURVE ( 'NONE', #7390, #2767, #6602, .T. ) ;
#2923 = CARTESIAN_POINT ( 'NONE',  ( 0.07500000000000019200, 1.500000000000000400, 0.4365000000000020500 ) ) ;
#2924 = CARTESIAN_POINT ( 'NONE',  ( 1.075000000000000200, 1.710000000000000200, 2.710505431213761100E-016 ) ) ;
#2925 = ORIENTED_EDGE ( 'NONE', *, *, #4501, .F. ) ;
#2926 = FACE_OUTER_BOUND ( 'NONE', #1153, .T. ) ;
#2927 =( NAMED_UNIT ( * ) SI_UNIT ( $, .STERADIAN. ) SOLID_ANGLE_UNIT ( ) );
#2928 = ORIENTED_EDGE ( 'NONE', *, *, #6601, .T. ) ;
#2929 = MECHANICAL_DESIGN_GEOMETRIC_PRESENTATION_REPRESENTATION (  '', ( #2042 ), #3370 ) ;
#2930 = ORIENTED_EDGE ( 'NONE', *, *, #3949, .F. ) ;
#2931 =( GEOMETRIC_REPRESENTATION_CONTEXT ( 3 ) GLOBAL_UNCERTAINTY_ASSIGNED_CONTEXT ( ( #1000 ) ) GLOBAL_UNIT_ASSIGNED_CONTEXT ( ( #4687, #777, #5357 ) ) REPRESENTATION_CONTEXT ( 'NONE', 'WORKASPACE' ) );
#2932 = VECTOR ( 'NONE', #4960, 1000.000000000000000 ) ;
#2933 = SURFACE_SIDE_STYLE ('',( #5503 ) ) ;
#2934 = SURFACE_SIDE_STYLE ('',( #408 ) ) ;
#2935 = ORIENTED_EDGE ( 'NONE', *, *, #1140, .T. ) ;
#2936 = LINE ( 'NONE', #2751, #6454 ) ;
#2937 = COLOUR_RGB ( '',1.000000000000000000, 1.000000000000000000, 1.000000000000000000 ) ;
#2938 = DIRECTION ( 'NONE',  ( -1.000000000000000000, -0.0000000000000000000, -0.0000000000000000000 ) ) ;
#2939 = ORIENTED_EDGE ( 'NONE', *, *, #271, .T. ) ;
#2940 =( LENGTH_UNIT ( ) NAMED_UNIT ( * ) SI_UNIT ( .MILLI., .METRE. ) );
#2941 = ADVANCED_FACE ( 'NONE', ( #1344 ), #5057, .T. ) ;
#2942 = CARTESIAN_POINT ( 'NONE',  ( -0.6249999999999998900, -1.710000000000000200, 2.710505431213761100E-016 ) ) ;
#2943 = SURFACE_SIDE_STYLE ('',( #1827 ) ) ;
#2944 = EDGE_CURVE ( 'NONE', #5993, #7447, #7529, .T. ) ;
#2945 = DIRECTION ( 'NONE',  ( 0.0000000000000000000, 1.000000000000000000, -3.686287386450737200E-014 ) ) ;
#2946 = AXIS2_PLACEMENT_3D ( 'NONE', #1056, #5649, #1717 ) ;
#2947 = SURFACE_STYLE_FILL_AREA ( #5635 ) ;
#2948 = DIRECTION ( 'NONE',  ( 1.000000000000000000, 0.0000000000000000000, 0.0000000000000000000 ) ) ;
#2949 = CARTESIAN_POINT ( 'NONE',  ( -1.625000000000000000, 1.550000000000000300, 0.4365000000000001100 ) ) ;
#2950 = DIRECTION ( 'NONE',  ( -1.000000000000000000, 0.0000000000000000000, 0.0000000000000000000 ) ) ;
#2951 =( LENGTH_UNIT ( ) NAMED_UNIT ( * ) SI_UNIT ( .MILLI., .METRE. ) );
#2952 = PLANE ( 'NONE',  #966 ) ;
#2953 = EDGE_LOOP ( 'NONE', ( #1880, #7680, #6344, #4795 ) ) ;
#2954 = COLOUR_RGB ( '',1.000000000000000000, 1.000000000000000000, 1.000000000000000000 ) ;
#2955 = FACE_OUTER_BOUND ( 'NONE', #6621, .T. ) ;
#2956 = LINE ( 'NONE', #4318, #2753 ) ;
#2957 =( NAMED_UNIT ( * ) SI_UNIT ( $, .STERADIAN. ) SOLID_ANGLE_UNIT ( ) );
#2958 = COLOUR_RGB ( '',1.000000000000000000, 1.000000000000000000, 1.000000000000000000 ) ;
#2959 = DIRECTION ( 'NONE',  ( -1.000000000000000000, 0.0000000000000000000, -0.0000000000000000000 ) ) ;
#2960 = COLOUR_RGB ( '',1.000000000000000000, 1.000000000000000000, 1.000000000000000000 ) ;
#2961 = UNCERTAINTY_MEASURE_WITH_UNIT (LENGTH_MEASURE( 1.000000000000000100E-005 ), #46, 'distance_accuracy_value', 'NONE');
#2962 = VECTOR ( 'NONE', #2133, 1000.000000000000000 ) ;
#2963 = CARTESIAN_POINT ( 'NONE',  ( -0.6249999999999998900, -2.000000000000000000, 0.1270000000000002500 ) ) ;
#2964 = SURFACE_STYLE_USAGE ( .BOTH. , #5129 ) ;
#2965 = AXIS2_PLACEMENT_3D ( 'NONE', #5797, #6448, #581 ) ;
#2966 = SURFACE_STYLE_USAGE ( .BOTH. , #3896 ) ;
#2967 = ORIENTED_EDGE ( 'NONE', *, *, #2308, .T. ) ;
#2968 = EDGE_LOOP ( 'NONE', ( #7581, #5673, #6964, #4715 ) ) ;
#2969 =( LENGTH_UNIT ( ) NAMED_UNIT ( * ) SI_UNIT ( .MILLI., .METRE. ) );
#2970 = EDGE_CURVE ( 'NONE', #672, #1369, #4220, .T. ) ;
#2971 = SURFACE_STYLE_FILL_AREA ( #1280 ) ;
#2972 = VECTOR ( 'NONE', #7885, 1000.000000000000000 ) ;
#2973 = FILL_AREA_STYLE ('',( #6295 ) ) ;
#2974 = ORIENTED_EDGE ( 'NONE', *, *, #4266, .T. ) ;
#2975 = CARTESIAN_POINT ( 'NONE',  ( 1.075000000000000200, -1.583686420389025100, 0.1138136583594313900 ) ) ;
#2976 =( GEOMETRIC_REPRESENTATION_CONTEXT ( 3 ) GLOBAL_UNCERTAINTY_ASSIGNED_CONTEXT ( ( #2123 ) ) GLOBAL_UNIT_ASSIGNED_CONTEXT ( ( #3872, #8515, #4546 ) ) REPRESENTATION_CONTEXT ( 'NONE', 'WORKASPACE' ) );
#2977 = CARTESIAN_POINT ( 'NONE',  ( 1.575000000000000200, -1.550000000000000300, 0.4365000000000001100 ) ) ;
#2978 = DIRECTION ( 'NONE',  ( 0.0000000000000000000, 1.000000000000000000, 3.686287386450737200E-014 ) ) ;
#2979 = FACE_OUTER_BOUND ( 'NONE', #6009, .T. ) ;
#2980 = STYLED_ITEM ( 'NONE', ( #3774 ), #2731 ) ;
#2981 = FACE_OUTER_BOUND ( 'NONE', #4873, .T. ) ;
#2982 = DIRECTION ( 'NONE',  ( 0.0000000000000000000, -1.000000000000000000, 0.0000000000000000000 ) ) ;
#2983 = ORIENTED_EDGE ( 'NONE', *, *, #3252, .F. ) ;
#2984 = EDGE_CURVE ( 'NONE', #1936, #7941, #750, .T. ) ;
#2985 = VERTEX_POINT ( 'NONE', #4041 ) ;
#2986 = VERTEX_POINT ( 'NONE', #6385 ) ;
#2987 = VERTEX_POINT ( 'NONE', #363 ) ;
#2988 = DIRECTION ( 'NONE',  ( 0.0000000000000000000, 1.000000000000000000, -3.686287386450737200E-014 ) ) ;
#2989 = ORIENTED_EDGE ( 'NONE', *, *, #2710, .T. ) ;
#2990 =( NAMED_UNIT ( * ) PLANE_ANGLE_UNIT ( ) SI_UNIT ( $, .RADIAN. ) );
#2991 = VECTOR ( 'NONE', #1552, 1000.000000000000000 ) ;
#2992 = VECTOR ( 'NONE', #6065, 1000.000000000000000 ) ;
#2993 = EDGE_CURVE ( 'NONE', #4299, #4890, #7302, .T. ) ;
#2994 = ORIENTED_EDGE ( 'NONE', *, *, #7692, .T. ) ;
#2995 = STYLED_ITEM ( 'NONE', ( #2749 ), #3589 ) ;
#2996 = DIRECTION ( 'NONE',  ( 0.0000000000000000000, 0.0000000000000000000, -1.000000000000000000 ) ) ;
#2997 = ORIENTED_EDGE ( 'NONE', *, *, #1318, .F. ) ;
#2998 = CARTESIAN_POINT ( 'NONE',  ( 0.07500000000000019200, -1.583686420389025100, 0.1138136583594313900 ) ) ;
#2999 = AXIS2_PLACEMENT_3D ( 'NONE', #1613, #4944, #1018 ) ;
#3000 = VECTOR ( 'NONE', #259, 1000.000000000000000 ) ;
#3001 = SURFACE_SIDE_STYLE ('',( #8269 ) ) ;
#3002 = ORIENTED_EDGE ( 'NONE', *, *, #6029, .T. ) ;
#3003 = ADVANCED_FACE ( 'NONE', ( #3785 ), #1230, .F. ) ;
#3004 = VERTEX_POINT ( 'NONE', #2207 ) ;
#3005 = ORIENTED_EDGE ( 'NONE', *, *, #3166, .F. ) ;
#3006 = STYLED_ITEM ( 'NONE', ( #1240 ), #174 ) ;
#3007 = AXIS2_PLACEMENT_3D ( 'NONE', #6490, #2535, #7141 ) ;
#3008 = PLANE ( 'NONE',  #1443 ) ;
#3009 = VECTOR ( 'NONE', #4269, 1000.000000000000000 ) ;
#3010 = ORIENTED_EDGE ( 'NONE', *, *, #7119, .T. ) ;
#3011 =( NAMED_UNIT ( * ) PLANE_ANGLE_UNIT ( ) SI_UNIT ( $, .RADIAN. ) );
#3012 = DIRECTION ( 'NONE',  ( -1.000000000000000000, -0.0000000000000000000, -0.0000000000000000000 ) ) ;
#3013 =( LENGTH_UNIT ( ) NAMED_UNIT ( * ) SI_UNIT ( .MILLI., .METRE. ) );
#3014 = DIRECTION ( 'NONE',  ( -0.0000000000000000000, 0.9945951150470497800, 0.1038294617367628200 ) ) ;
#3015 = MECHANICAL_DESIGN_GEOMETRIC_PRESENTATION_REPRESENTATION (  '', ( #1728 ), #3458 ) ;
#3016 = ORIENTED_EDGE ( 'NONE', *, *, #4174, .T. ) ;
#3017 = ORIENTED_EDGE ( 'NONE', *, *, #1599, .T. ) ;
#3018 = DIRECTION ( 'NONE',  ( 0.0000000000000000000, -1.000000000000000000, 3.414809992080329100E-015 ) ) ;
#3019 = AXIS2_PLACEMENT_3D ( 'NONE', #2732, #7354, #3387 ) ;
#3020 = LINE ( 'NONE', #1636, #2819 ) ;
#3021 = FILL_AREA_STYLE_COLOUR ( '', #4994 ) ;
#3022 = UNCERTAINTY_MEASURE_WITH_UNIT (LENGTH_MEASURE( 1.000000000000000100E-005 ), #4237, 'distance_accuracy_value', 'NONE');
#3023 = EDGE_CURVE ( 'NONE', #2828, #2784, #4946, .T. ) ;
#3024 = DIRECTION ( 'NONE',  ( -0.0000000000000000000, 1.000000000000000000, -0.0000000000000000000 ) ) ;
#3025 = PLANE ( 'NONE',  #631 ) ;
#3026 =( LENGTH_UNIT ( ) NAMED_UNIT ( * ) SI_UNIT ( .MILLI., .METRE. ) );
#3027 = SURFACE_STYLE_FILL_AREA ( #657 ) ;
#3028 = ORIENTED_EDGE ( 'NONE', *, *, #8408, .T. ) ;
#3029 = VECTOR ( 'NONE', #7994, 1000.000000000000200 ) ;
#3030 = ORIENTED_EDGE ( 'NONE', *, *, #8044, .T. ) ;
#3031 = COLOUR_RGB ( '',1.000000000000000000, 1.000000000000000000, 1.000000000000000000 ) ;
#3032 = SURFACE_STYLE_USAGE ( .BOTH. , #6999 ) ;
#3033 = ORIENTED_EDGE ( 'NONE', *, *, #1799, .T. ) ;
#3034 =( NAMED_UNIT ( * ) PLANE_ANGLE_UNIT ( ) SI_UNIT ( $, .RADIAN. ) );
#3035 = CARTESIAN_POINT ( 'NONE',  ( 0.5750000000000001800, 1.583686420389025100, 0.1138136583594313900 ) ) ;
#3036 = EDGE_CURVE ( 'NONE', #4502, #3338, #8462, .T. ) ;
#3037 = CARTESIAN_POINT ( 'NONE',  ( -1.125000000000000000, -1.710000000000000200, 0.1270000000000002200 ) ) ;
#3038 = CARTESIAN_POINT ( 'NONE',  ( 0.3750000000000001100, -1.500000000000000400, 0.4365000000000020500 ) ) ;
#3039 = VECTOR ( 'NONE', #5589, 1000.000000000000000 ) ;
#3040 = VECTOR ( 'NONE', #4430, 1000.000000000000000 ) ;
#3041 = ORIENTED_EDGE ( 'NONE', *, *, #2149, .T. ) ;
#3042 = CARTESIAN_POINT ( 'NONE',  ( 1.075000000000000200, 1.676313579610975200, 0.4496863416405709200 ) ) ;
#3043 = FILL_AREA_STYLE ('',( #5685 ) ) ;
#3044 = EDGE_CURVE ( 'NONE', #1064, #918, #1449, .T. ) ;
#3045 = CARTESIAN_POINT ( 'NONE',  ( 0.5750000000000001800, -1.710000000000000200, 0.1270000000000002500 ) ) ;
#3046 =( GEOMETRIC_REPRESENTATION_CONTEXT ( 3 ) GLOBAL_UNCERTAINTY_ASSIGNED_CONTEXT ( ( #8166 ) ) GLOBAL_UNIT_ASSIGNED_CONTEXT ( ( #6738, #1374, #1464 ) ) REPRESENTATION_CONTEXT ( 'NONE', 'WORKASPACE' ) );
#3047 = LINE ( 'NONE', #6837, #3976 ) ;
#3048 = AXIS2_PLACEMENT_3D ( 'NONE', #7605, #3633, #8267 ) ;
#3049 = CARTESIAN_POINT ( 'NONE',  ( 0.8750000000000001100, -1.500000000000000000, 0.5635000000000020000 ) ) ;
#3050 = PRESENTATION_STYLE_ASSIGNMENT (( #5847 ) ) ;
#3051 = ADVANCED_FACE ( 'NONE', ( #1243 ), #4177, .F. ) ;
#3052 = CARTESIAN_POINT ( 'NONE',  ( -1.800000000000000000, -1.299999999999999800, 0.3000000000000000400 ) ) ;
#3053 = LINE ( 'NONE', #7854, #8129 ) ;
#3054 = ORIENTED_EDGE ( 'NONE', *, *, #3581, .T. ) ;
#3055 = CARTESIAN_POINT ( 'NONE',  ( 0.5750000000000001800, -1.500000000000000000, 0.5635000000000020000 ) ) ;
#3056 = SURFACE_SIDE_STYLE ('',( #2026 ) ) ;
#3057 = EDGE_CURVE ( 'NONE', #2319, #3423, #2354, .T. ) ;
#3058 =( LENGTH_UNIT ( ) NAMED_UNIT ( * ) SI_UNIT ( .MILLI., .METRE. ) );
#3059 = COLOUR_RGB ( '',1.000000000000000000, 1.000000000000000000, 1.000000000000000000 ) ;
#3060 = FILL_AREA_STYLE ('',( #1762 ) ) ;
#3061 = DIRECTION ( 'NONE',  ( 0.0000000000000000000, 0.0000000000000000000, 1.000000000000000000 ) ) ;
#3062 = CARTESIAN_POINT ( 'NONE',  ( 1.575000000000000200, 1.500000000000000000, 0.5635000000000020000 ) ) ;
#3063 = SURFACE_STYLE_FILL_AREA ( #2244 ) ;
#3064 =( NAMED_UNIT ( * ) SI_UNIT ( $, .STERADIAN. ) SOLID_ANGLE_UNIT ( ) );
#3065 =( NAMED_UNIT ( * ) SI_UNIT ( $, .STERADIAN. ) SOLID_ANGLE_UNIT ( ) );
#3066 =( NAMED_UNIT ( * ) SI_UNIT ( $, .STERADIAN. ) SOLID_ANGLE_UNIT ( ) );
#3067 = FACE_OUTER_BOUND ( 'NONE', #1389, .T. ) ;
#3068 = AXIS2_PLACEMENT_3D ( 'NONE', #2639, #7249, #3295 ) ;
#3069 = DIRECTION ( 'NONE',  ( 0.0000000000000000000, 0.0000000000000000000, -1.000000000000000000 ) ) ;
#3070 = VERTEX_POINT ( 'NONE', #6529 ) ;
#3071 = AXIS2_PLACEMENT_3D ( 'NONE', #1623, #6879, #7600 ) ;
#3072 = SURFACE_STYLE_FILL_AREA ( #6547 ) ;
#3073 = SURFACE_STYLE_USAGE ( .BOTH. , #195 ) ;
#3074 = VECTOR ( 'NONE', #7272, 1000.000000000000000 ) ;
#3075 = EDGE_CURVE ( 'NONE', #317, #7760, #5666, .T. ) ;
#3076 = CARTESIAN_POINT ( 'NONE',  ( 1.575000000000000200, 1.710000000000000200, 0.1270000000000002500 ) ) ;
#3077 = ADVANCED_FACE ( 'NONE', ( #4117 ), #2135, .T. ) ;
#3078 = FILL_AREA_STYLE_COLOUR ( '', #2393 ) ;
#3079 = SURFACE_STYLE_FILL_AREA ( #8397 ) ;
#3080 = CARTESIAN_POINT ( 'NONE',  ( 1.575000000000000200, 1.500000000000000000, 0.5635000000000020000 ) ) ;
#3081 = AXIS2_PLACEMENT_3D ( 'NONE', #5548, #6201, #6880 ) ;
#3082 = DIRECTION ( 'NONE',  ( -1.000000000000000000, -0.0000000000000000000, 0.0000000000000000000 ) ) ;
#3083 = SURFACE_STYLE_FILL_AREA ( #6404 ) ;
#3084 = ORIENTED_EDGE ( 'NONE', *, *, #7957, .F. ) ;
#3085 = CARTESIAN_POINT ( 'NONE',  ( -1.424999999999999800, -1.710000000000000200, 0.1270000000000002200 ) ) ;
#3086 = EDGE_CURVE ( 'NONE', #6832, #4986, #7416, .T. ) ;
#3087 = LINE ( 'NONE', #4533, #8160 ) ;
#3088 = LINE ( 'NONE', #6828, #6393 ) ;
#3089 = ADVANCED_FACE ( 'NONE', ( #3681 ), #802, .F. ) ;
#3090 = DIRECTION ( 'NONE',  ( 0.0000000000000000000, 1.000000000000000000, -3.686287386450737200E-014 ) ) ;
#3091 = ORIENTED_EDGE ( 'NONE', *, *, #3036, .T. ) ;
#3092 = DIRECTION ( 'NONE',  ( -0.0000000000000000000, -1.000000000000000000, -0.0000000000000000000 ) ) ;
#3093 = CARTESIAN_POINT ( 'NONE',  ( -0.4249999999999998200, 1.710000000000000200, 0.1270000000000002200 ) ) ;
#3094 = DIRECTION ( 'NONE',  ( -1.000000000000000000, -0.0000000000000000000, -0.0000000000000000000 ) ) ;
#3095 = DIRECTION ( 'NONE',  ( 0.0000000000000000000, -3.414809992080329100E-015, -1.000000000000000000 ) ) ;
#3096 = MECHANICAL_DESIGN_GEOMETRIC_PRESENTATION_REPRESENTATION (  '', ( #1792 ), #3535 ) ;
#3097 = ORIENTED_EDGE ( 'NONE', *, *, #3933, .F. ) ;
#3098 = UNCERTAINTY_MEASURE_WITH_UNIT (LENGTH_MEASURE( 1.000000000000000100E-005 ), #3474, 'distance_accuracy_value', 'NONE');
#3099 =( LENGTH_UNIT ( ) NAMED_UNIT ( * ) SI_UNIT ( .MILLI., .METRE. ) );
#3100 = DIRECTION ( 'NONE',  ( 0.0000000000000000000, 0.0000000000000000000, -1.000000000000000000 ) ) ;
#3101 = FILL_AREA_STYLE_COLOUR ( '', #6104 ) ;
#3102 = CARTESIAN_POINT ( 'NONE',  ( 1.375000000000000200, 1.583686420389025100, 0.1138136583594313900 ) ) ;
#3103 = EDGE_LOOP ( 'NONE', ( #8371, #6113, #4572, #3736 ) ) ;
#3104 = LINE ( 'NONE', #4071, #4876 ) ;
#3105 = SURFACE_STYLE_USAGE ( .BOTH. , #7068 ) ;
#3106 = EDGE_CURVE ( 'NONE', #5062, #8432, #6590, .T. ) ;
#3107 = STYLED_ITEM ( 'NONE', ( #7701 ), #3887 ) ;
#3108 = COLOUR_RGB ( '',1.000000000000000000, 1.000000000000000000, 1.000000000000000000 ) ;
#3109 =( LENGTH_UNIT ( ) NAMED_UNIT ( * ) SI_UNIT ( .MILLI., .METRE. ) );
#3110 = CLOSED_SHELL ( 'NONE', ( #4391, #2425, #4209, #3375, #2816, #5298, #8470, #5213, #7503, #7313, #1798, #4170 ) ) ;
#3111 = ORIENTED_EDGE ( 'NONE', *, *, #3592, .F. ) ;
#3112 =( LENGTH_UNIT ( ) NAMED_UNIT ( * ) SI_UNIT ( .MILLI., .METRE. ) );
#3113 = CARTESIAN_POINT ( 'NONE',  ( 0.8750000000000001100, -1.710000000000000200, 0.1270000000000002500 ) ) ;
#3114 = COLOUR_RGB ( '',1.000000000000000000, 1.000000000000000000, 1.000000000000000000 ) ;
#3115 = ORIENTED_EDGE ( 'NONE', *, *, #4427, .F. ) ;
#3116 = DIRECTION ( 'NONE',  ( 0.0000000000000000000, -1.168321306557656000E-016, 1.000000000000000000 ) ) ;
#3117 = ORIENTED_EDGE ( 'NONE', *, *, #945, .F. ) ;
#3118 = SURFACE_SIDE_STYLE ('',( #7211 ) ) ;
#3119 = ADVANCED_FACE ( 'NONE', ( #1338 ), #6105, .F. ) ;
#3120 = CARTESIAN_POINT ( 'NONE',  ( 0.5750000000000001800, -1.676313579610975200, 0.4496863416405709200 ) ) ;
#3121 = UNCERTAINTY_MEASURE_WITH_UNIT (LENGTH_MEASURE( 1.000000000000000100E-005 ), #324, 'distance_accuracy_value', 'NONE');
#3122 = SURFACE_STYLE_USAGE ( .BOTH. , #579 ) ;
#3123 =( NAMED_UNIT ( * ) PLANE_ANGLE_UNIT ( ) SI_UNIT ( $, .RADIAN. ) );
#3124 = PRESENTATION_STYLE_ASSIGNMENT (( #4774 ) ) ;
#3125 = ORIENTED_EDGE ( 'NONE', *, *, #5716, .T. ) ;
#3126 = ORIENTED_EDGE ( 'NONE', *, *, #2834, .T. ) ;
#3127 = PRESENTATION_STYLE_ASSIGNMENT (( #2022 ) ) ;
#3128 = VERTEX_POINT ( 'NONE', #5516 ) ;
#3129 = UNCERTAINTY_MEASURE_WITH_UNIT (LENGTH_MEASURE( 1.000000000000000100E-005 ), #7929, 'distance_accuracy_value', 'NONE');
#3130 = PRESENTATION_LAYER_ASSIGNMENT (  '', '', ( #2240 ) ) ;
#3131 = ORIENTED_EDGE ( 'NONE', *, *, #6574, .F. ) ;
#3132 = DIRECTION ( 'NONE',  ( -1.000000000000000000, -0.0000000000000000000, -0.0000000000000000000 ) ) ;
#3133 = STYLED_ITEM ( 'NONE', ( #4668 ), #1504 ) ;
#3134 = FACE_OUTER_BOUND ( 'NONE', #5790, .T. ) ;
#3135 = COLOUR_RGB ( '',1.000000000000000000, 1.000000000000000000, 1.000000000000000000 ) ;
#3136 = PLANE ( 'NONE',  #3450 ) ;
#3137 = EDGE_CURVE ( 'NONE', #8163, #3506, #4212, .T. ) ;
#3138 = EDGE_LOOP ( 'NONE', ( #2528, #2919, #1300, #2883, #4210, #7663, #2570, #5233, #4293, #3533 ) ) ;
#3139 = FACE_OUTER_BOUND ( 'NONE', #8273, .T. ) ;
#3140 = CARTESIAN_POINT ( 'NONE',  ( -1.424999999999999800, 1.710000000000000200, 2.710505431213761100E-016 ) ) ;
#3141 =( LENGTH_UNIT ( ) NAMED_UNIT ( * ) SI_UNIT ( .MILLI., .METRE. ) );
#3142 = AXIS2_PLACEMENT_3D ( 'NONE', #459, #5049, #1108 ) ;
#3143 = FACE_OUTER_BOUND ( 'NONE', #2156, .T. ) ;
#3144 = ORIENTED_EDGE ( 'NONE', *, *, #1368, .T. ) ;
#3145 = AXIS2_PLACEMENT_3D ( 'NONE', #4497, #6778, #6622 ) ;
#3146 = VECTOR ( 'NONE', #4757, 1000.000000000000000 ) ;
#3147 = CARTESIAN_POINT ( 'NONE',  ( 0.5750000000000001800, 1.710000000000000200, 0.1270000000000002500 ) ) ;
#3148 = EDGE_CURVE ( 'NONE', #2767, #3555, #7521, .T. ) ;
#3149 = CARTESIAN_POINT ( 'NONE',  ( 0.5750000000000001800, 2.000000000000000000, 0.1270000000000002500 ) ) ;
#3150 = SURFACE_STYLE_USAGE ( .BOTH. , #7108 ) ;
#3151 = VECTOR ( 'NONE', #5223, 1000.000000000000000 ) ;
#3152 = LINE ( 'NONE', #4226, #6687 ) ;
#3153 = ORIENTED_EDGE ( 'NONE', *, *, #7119, .F. ) ;
#3154 = DIRECTION ( 'NONE',  ( 1.000000000000000000, -0.0000000000000000000, -0.0000000000000000000 ) ) ;
#3155 = FACE_OUTER_BOUND ( 'NONE', #3831, .T. ) ;
#3156 = DIRECTION ( 'NONE',  ( 0.0000000000000000000, 1.000000000000000000, -3.686287386450737200E-014 ) ) ;
#3157 = EDGE_CURVE ( 'NONE', #961, #2415, #738, .T. ) ;
#3158 = CARTESIAN_POINT ( 'NONE',  ( -0.1249999999999998900, -1.550000000000000300, 0.4365000000000001100 ) ) ;
#3159 = AXIS2_PLACEMENT_3D ( 'NONE', #5853, #2566, #540 ) ;
#3160 = MECHANICAL_DESIGN_GEOMETRIC_PRESENTATION_REPRESENTATION (  '', ( #1845 ), #3605 ) ;
#3161 = DIRECTION ( 'NONE',  ( 0.0000000000000000000, 3.414809992080329100E-015, 1.000000000000000000 ) ) ;
#3162 = ORIENTED_EDGE ( 'NONE', *, *, #1239, .T. ) ;
#3163 = DIRECTION ( 'NONE',  ( 0.0000000000000000000, 0.1038294617367629000, 0.9945951150470496700 ) ) ;
#3164 = ADVANCED_FACE ( 'NONE', ( #2230 ), #4602, .F. ) ;
#3165 = SURFACE_STYLE_FILL_AREA ( #5809 ) ;
#3166 = EDGE_CURVE ( 'NONE', #82, #6963, #4939, .T. ) ;
#3167 = CIRCLE ( 'NONE', #3449, 0.1270000000000008600 ) ;
#3168 = ORIENTED_EDGE ( 'NONE', *, *, #5061, .T. ) ;
#3169 = FILL_AREA_STYLE_COLOUR ( '', #5374 ) ;
#3170 = DIRECTION ( 'NONE',  ( 1.000000000000000000, 0.0000000000000000000, -0.0000000000000000000 ) ) ;
#3171 = AXIS2_PLACEMENT_3D ( 'NONE', #2998, #7625, #3659 ) ;
#3172 = SURFACE_STYLE_FILL_AREA ( #5908 ) ;
#3173 = FILL_AREA_STYLE_COLOUR ( '', #5044 ) ;
#3174 = ORIENTED_EDGE ( 'NONE', *, *, #8301, .F. ) ;
#3175 = ORIENTED_EDGE ( 'NONE', *, *, #8482, .T. ) ;
#3176 = ORIENTED_EDGE ( 'NONE', *, *, #3692, .F. ) ;
#3177 = UNCERTAINTY_MEASURE_WITH_UNIT (LENGTH_MEASURE( 1.000000000000000100E-005 ), #4179, 'distance_accuracy_value', 'NONE');
#3178 = CARTESIAN_POINT ( 'NONE',  ( -1.625000000000000000, -1.710000000000000200, 0.1270000000000002500 ) ) ;
#3179 = MECHANICAL_DESIGN_GEOMETRIC_PRESENTATION_REPRESENTATION (  '', ( #2300 ), #3626 ) ;
#3180 =( LENGTH_UNIT ( ) NAMED_UNIT ( * ) SI_UNIT ( .MILLI., .METRE. ) );
#3181 = EDGE_LOOP ( 'NONE', ( #2360, #4270, #8538, #2150 ) ) ;
#3182 = FILL_AREA_STYLE ('',( #76 ) ) ;
#3183 = STYLED_ITEM ( 'NONE', ( #5121 ), #952 ) ;
#3184 = COLOUR_RGB ( '',1.000000000000000000, 1.000000000000000000, 1.000000000000000000 ) ;
#3185 = EDGE_CURVE ( 'NONE', #6646, #4048, #1651, .T. ) ;
#3186 = DIRECTION ( 'NONE',  ( 0.0000000000000000000, -1.000000000000000000, -3.686287386450737200E-014 ) ) ;
#3187 = LINE ( 'NONE', #1035, #6727 ) ;
#3188 = CARTESIAN_POINT ( 'NONE',  ( -1.424999999999999800, -1.710000000000000200, 2.710505431213761100E-016 ) ) ;
#3189 = LINE ( 'NONE', #5025, #6499 ) ;
#3190 = PRESENTATION_STYLE_ASSIGNMENT (( #7631 ) ) ;
#3191 = ORIENTED_EDGE ( 'NONE', *, *, #7862, .F. ) ;
#3192 = FILL_AREA_STYLE_COLOUR ( '', #5813 ) ;
#3193 = VERTEX_POINT ( 'NONE', #6392 ) ;
#3194 =( GEOMETRIC_REPRESENTATION_CONTEXT ( 3 ) GLOBAL_UNCERTAINTY_ASSIGNED_CONTEXT ( ( #370 ) ) GLOBAL_UNIT_ASSIGNED_CONTEXT ( ( #4586, #669, #5253 ) ) REPRESENTATION_CONTEXT ( 'NONE', 'WORKASPACE' ) );
#3195 = ORIENTED_EDGE ( 'NONE', *, *, #3592, .T. ) ;
#3196 = AXIS2_PLACEMENT_3D ( 'NONE', #5322, #1379, #5984 ) ;
#3197 = SURFACE_SIDE_STYLE ('',( #5569 ) ) ;
#3198 = DIRECTION ( 'NONE',  ( -1.000000000000000000, -0.0000000000000000000, -0.0000000000000000000 ) ) ;
#3199 = LINE ( 'NONE', #3477, #6508 ) ;
#3200 = ORIENTED_EDGE ( 'NONE', *, *, #8236, .T. ) ;
#3201 = EDGE_CURVE ( 'NONE', #3346, #6341, #6697, .T. ) ;
#3202 = EDGE_LOOP ( 'NONE', ( #6078, #7116, #8096 ) ) ;
#3203 =( NAMED_UNIT ( * ) SI_UNIT ( $, .STERADIAN. ) SOLID_ANGLE_UNIT ( ) );
#3204 = LINE ( 'NONE', #4825, #6740 ) ;
#3205 = SURFACE_SIDE_STYLE ('',( #4290 ) ) ;
#3206 = ADVANCED_FACE ( 'NONE', ( #2955 ), #7356, .F. ) ;
#3207 = SURFACE_SIDE_STYLE ('',( #3595 ) ) ;
#3208 = COLOUR_RGB ( '',1.000000000000000000, 1.000000000000000000, 1.000000000000000000 ) ;
#3209 =( NAMED_UNIT ( * ) SI_UNIT ( $, .STERADIAN. ) SOLID_ANGLE_UNIT ( ) );
#3210 =( GEOMETRIC_REPRESENTATION_CONTEXT ( 3 ) GLOBAL_UNCERTAINTY_ASSIGNED_CONTEXT ( ( #5741 ) ) GLOBAL_UNIT_ASSIGNED_CONTEXT ( ( #7879, #8116, #3604 ) ) REPRESENTATION_CONTEXT ( 'NONE', 'WORKASPACE' ) );
#3211 =( GEOMETRIC_REPRESENTATION_CONTEXT ( 3 ) GLOBAL_UNCERTAINTY_ASSIGNED_CONTEXT ( ( #7093 ) ) GLOBAL_UNIT_ASSIGNED_CONTEXT ( ( #266, #4864, #944 ) ) REPRESENTATION_CONTEXT ( 'NONE', 'WORKASPACE' ) );
#3212 = ORIENTED_EDGE ( 'NONE', *, *, #5263, .F. ) ;
#3213 = DIRECTION ( 'NONE',  ( -1.000000000000000000, -0.0000000000000000000, -0.0000000000000000000 ) ) ;
#3214 = SURFACE_SIDE_STYLE ('',( #4518 ) ) ;
#3215 = LINE ( 'NONE', #6244, #1495 ) ;
#3216 = DIRECTION ( 'NONE',  ( 0.0000000000000000000, -3.686287386450737200E-014, 1.000000000000000000 ) ) ;
#3217 = ORIENTED_EDGE ( 'NONE', *, *, #83, .F. ) ;
#3218 = PRESENTATION_STYLE_ASSIGNMENT (( #6995 ) ) ;
#3219 = EDGE_CURVE ( 'NONE', #1890, #1131, #5867, .T. ) ;
#3220 = MECHANICAL_DESIGN_GEOMETRIC_PRESENTATION_REPRESENTATION (  '', ( #1900 ), #3664 ) ;
#3221 = DIRECTION ( 'NONE',  ( 0.0000000000000000000, 1.168321306557656000E-016, 1.000000000000000000 ) ) ;
#3222 = ORIENTED_EDGE ( 'NONE', *, *, #3044, .T. ) ;
#3223 = EDGE_LOOP ( 'NONE', ( #2601, #2187, #4437, #4741 ) ) ;
#3224 = SURFACE_SIDE_STYLE ('',( #987 ) ) ;
#3225 = EDGE_LOOP ( 'NONE', ( #2195, #3111, #3975, #5289 ) ) ;
#3226 = COLOUR_RGB ( '',1.000000000000000000, 1.000000000000000000, 1.000000000000000000 ) ;
#3227 =( LENGTH_UNIT ( ) NAMED_UNIT ( * ) SI_UNIT ( .MILLI., .METRE. ) );
#3228 = UNCERTAINTY_MEASURE_WITH_UNIT (LENGTH_MEASURE( 1.000000000000000100E-005 ), #5869, 'distance_accuracy_value', 'NONE');
#3229 = FILL_AREA_STYLE ('',( #1908 ) ) ;
#3230 = DIRECTION ( 'NONE',  ( 0.0000000000000000000, 0.0000000000000000000, -1.000000000000000000 ) ) ;
#3231 = ORIENTED_EDGE ( 'NONE', *, *, #4783, .F. ) ;
#3232 = DIRECTION ( 'NONE',  ( 0.0000000000000000000, 0.0000000000000000000, -1.000000000000000000 ) ) ;
#3233 = AXIS2_PLACEMENT_3D ( 'NONE', #7112, #584, #5164 ) ;
#3234 = VECTOR ( 'NONE', #3311, 1000.000000000000000 ) ;
#3235 = ORIENTED_EDGE ( 'NONE', *, *, #3550, .F. ) ;
#3236 = AXIS2_PLACEMENT_3D ( 'NONE', #4435, #3082, #4955 ) ;
#3237 = VECTOR ( 'NONE', #1279, 1000.000000000000000 ) ;
#3238 = ORIENTED_EDGE ( 'NONE', *, *, #2457, .T. ) ;
#3239 = VECTOR ( 'NONE', #2646, 1000.000000000000000 ) ;
#3240 = ORIENTED_EDGE ( 'NONE', *, *, #3267, .F. ) ;
#3241 = DIRECTION ( 'NONE',  ( -0.0000000000000000000, 1.000000000000000000, 1.168321306557656000E-016 ) ) ;
#3242 = ORIENTED_EDGE ( 'NONE', *, *, #8446, .F. ) ;
#3243 = SURFACE_STYLE_FILL_AREA ( #3060 ) ;
#3244 =( NAMED_UNIT ( * ) PLANE_ANGLE_UNIT ( ) SI_UNIT ( $, .RADIAN. ) );
#3245 = CARTESIAN_POINT ( 'NONE',  ( 1.575000000000000200, -1.583686420389025100, 0.1138136583594313900 ) ) ;
#3246 = DIRECTION ( 'NONE',  ( -1.000000000000000000, 0.0000000000000000000, 0.0000000000000000000 ) ) ;
#3247 = CARTESIAN_POINT ( 'NONE',  ( 1.375000000000000200, -1.676313579610975200, 0.4496863416405709200 ) ) ;
#3248 = AXIS2_PLACEMENT_3D ( 'NONE', #1380, #5985, #2015 ) ;
#3249 =( NAMED_UNIT ( * ) PLANE_ANGLE_UNIT ( ) SI_UNIT ( $, .RADIAN. ) );
#3250 = AXIS2_PLACEMENT_3D ( 'NONE', #8018, #4052, #134 ) ;
#3251 = ADVANCED_FACE ( 'NONE', ( #7618 ), #1494, .F. ) ;
#3252 = EDGE_CURVE ( 'NONE', #870, #2073, #5, .T. ) ;
#3253 =( NAMED_UNIT ( * ) PLANE_ANGLE_UNIT ( ) SI_UNIT ( $, .RADIAN. ) );
#3254 = LINE ( 'NONE', #3569, #8328 ) ;
#3255 = ORIENTED_EDGE ( 'NONE', *, *, #6277, .F. ) ;
#3256 = VECTOR ( 'NONE', #7209, 1000.000000000000000 ) ;
#3257 = DIRECTION ( 'NONE',  ( -1.000000000000000000, 0.0000000000000000000, -0.0000000000000000000 ) ) ;
#3258 = DIRECTION ( 'NONE',  ( -1.000000000000000000, -0.0000000000000000000, -0.0000000000000000000 ) ) ;
#3259 = DIRECTION ( 'NONE',  ( -1.000000000000000000, -0.0000000000000000000, -0.0000000000000000000 ) ) ;
#3260 = DIRECTION ( 'NONE',  ( -0.0000000000000000000, -1.000000000000000000, -0.0000000000000000000 ) ) ;
#3261 = PRESENTATION_LAYER_ASSIGNMENT (  '', '', ( #1931 ) ) ;
#3262 = CIRCLE ( 'NONE', #7828, 0.1269999999999999500 ) ;
#3263 = CARTESIAN_POINT ( 'NONE',  ( -0.1249999999999998900, 1.710000000000000200, 0.1270000000000002200 ) ) ;
#3264 = SURFACE_STYLE_USAGE ( .BOTH. , #4223 ) ;
#3265 = DIRECTION ( 'NONE',  ( 0.0000000000000000000, 2.168404344971013200E-015, -1.000000000000000000 ) ) ;
#3266 = FACE_OUTER_BOUND ( 'NONE', #6522, .T. ) ;
#3267 = EDGE_CURVE ( 'NONE', #7215, #919, #5245, .T. ) ;
#3268 = DIRECTION ( 'NONE',  ( 1.000000000000000000, 0.0000000000000000000, 0.0000000000000000000 ) ) ;
#3269 = PRESENTATION_STYLE_ASSIGNMENT (( #5663 ) ) ;
#3270 = CARTESIAN_POINT ( 'NONE',  ( 1.075000000000000200, 1.676313579610975200, 0.4496863416405709200 ) ) ;
#3271 = SURFACE_STYLE_FILL_AREA ( #2740 ) ;
#3272 = VECTOR ( 'NONE', #5525, 1000.000000000000200 ) ;
#3273 = EDGE_CURVE ( 'NONE', #7790, #3128, #1747, .T. ) ;
#3274 = CARTESIAN_POINT ( 'NONE',  ( 2.000000000000000000, -1.499999999999999800, 0.6999999999999997300 ) ) ;
#3275 = DIRECTION ( 'NONE',  ( 0.0000000000000000000, 0.0000000000000000000, 1.000000000000000000 ) ) ;
#3276 = SURFACE_STYLE_FILL_AREA ( #4473 ) ;
#3277 = CARTESIAN_POINT ( 'NONE',  ( 0.5750000000000001800, -1.583686420389025100, 0.1138136583594313900 ) ) ;
#3278 = VECTOR ( 'NONE', #1333, 1000.000000000000000 ) ;
#3279 = SURFACE_STYLE_USAGE ( .BOTH. , #1176 ) ;
#3280 = AXIS2_PLACEMENT_3D ( 'NONE', #7925, #7044, #3343 ) ;
#3281 = CARTESIAN_POINT ( 'NONE',  ( 1.575000000000000200, -1.500000000000000000, 0.5635000000000020000 ) ) ;
#3282 = STYLED_ITEM ( 'NONE', ( #3302 ), #4861 ) ;
#3283 = CARTESIAN_POINT ( 'NONE',  ( 1.575000000000000200, -1.676313579610975200, 0.4496863416405709200 ) ) ;
#3284 = ORIENTED_EDGE ( 'NONE', *, *, #7626, .T. ) ;
#3285 = DIRECTION ( 'NONE',  ( 0.0000000000000000000, 0.0000000000000000000, 1.000000000000000000 ) ) ;
#3286 = UNCERTAINTY_MEASURE_WITH_UNIT (LENGTH_MEASURE( 1.000000000000000100E-005 ), #1654, 'distance_accuracy_value', 'NONE');
#3287 = COLOUR_RGB ( '',1.000000000000000000, 1.000000000000000000, 1.000000000000000000 ) ;
#3288 = FILL_AREA_STYLE ('',( #1967 ) ) ;
#3289 = DIRECTION ( 'NONE',  ( -1.000000000000000000, 0.0000000000000000000, 0.0000000000000000000 ) ) ;
#3290 = ADVANCED_FACE ( 'NONE', ( #3266 ), #3340, .F. ) ;
#3291 = SURFACE_STYLE_USAGE ( .BOTH. , #7244 ) ;
#3292 = VECTOR ( 'NONE', #1154, 1000.000000000000000 ) ;
#3293 = ORIENTED_EDGE ( 'NONE', *, *, #4166, .T. ) ;
#3294 =( GEOMETRIC_REPRESENTATION_CONTEXT ( 3 ) GLOBAL_UNCERTAINTY_ASSIGNED_CONTEXT ( ( #1635 ) ) GLOBAL_UNIT_ASSIGNED_CONTEXT ( ( #4113, #194, #4782 ) ) REPRESENTATION_CONTEXT ( 'NONE', 'WORKASPACE' ) );
#3295 = DIRECTION ( 'NONE',  ( 0.0000000000000000000, -1.000000000000000000, -1.168321306557656000E-016 ) ) ;
#3296 = STYLED_ITEM ( 'NONE', ( #6965 ), #1331 ) ;
#3297 = FACE_OUTER_BOUND ( 'NONE', #5936, .T. ) ;
#3298 = DIRECTION ( 'NONE',  ( 0.0000000000000000000, -0.1038294617367628800, -0.9945951150470496700 ) ) ;
#3299 = ORIENTED_EDGE ( 'NONE', *, *, #545, .F. ) ;
#3300 = EDGE_CURVE ( 'NONE', #3885, #1562, #939, .T. ) ;
#3301 = CARTESIAN_POINT ( 'NONE',  ( -1.424999999999999800, -1.710000000000000200, 0.1270000000000002200 ) ) ;
#3302 = PRESENTATION_STYLE_ASSIGNMENT (( #2704 ) ) ;
#3303 = LINE ( 'NONE', #5186, #1583 ) ;
#3304 = DIRECTION ( 'NONE',  ( -1.000000000000000000, -0.0000000000000000000, -0.0000000000000000000 ) ) ;
#3305 =( NAMED_UNIT ( * ) PLANE_ANGLE_UNIT ( ) SI_UNIT ( $, .RADIAN. ) );
#3306 = AXIS2_PLACEMENT_3D ( 'NONE', #1569, #6183, #2194 ) ;
#3307 =( NAMED_UNIT ( * ) SI_UNIT ( $, .STERADIAN. ) SOLID_ANGLE_UNIT ( ) );
#3308 = EDGE_LOOP ( 'NONE', ( #5920, #2745, #855, #1718 ) ) ;
#3309 = STYLED_ITEM ( 'NONE', ( #1135 ), #2552 ) ;
#3310 = CARTESIAN_POINT ( 'NONE',  ( -1.424999999999999800, 1.550000000000000300, 0.4365000000000002200 ) ) ;
#3311 = DIRECTION ( 'NONE',  ( -0.0000000000000000000, -0.0000000000000000000, 1.000000000000000000 ) ) ;
#3312 = EDGE_CURVE ( 'NONE', #7307, #1281, #5967, .T. ) ;
#3313 = CARTESIAN_POINT ( 'NONE',  ( -1.625000000000000000, -1.550000000000000300, 0.4365000000000002200 ) ) ;
#3314 = CLOSED_SHELL ( 'NONE', ( #8109, #4781, #3946, #1835, #3089, #3503, #2689, #3206, #3514, #2895, #1331, #2903 ) ) ;
#3315 = VERTEX_POINT ( 'NONE', #7253 ) ;
#3316 =( NAMED_UNIT ( * ) SI_UNIT ( $, .STERADIAN. ) SOLID_ANGLE_UNIT ( ) );
#3317 = CARTESIAN_POINT ( 'NONE',  ( 0.3750000000000001100, 1.500000000000000400, 0.4365000000000020500 ) ) ;
#3318 = FILL_AREA_STYLE ('',( #4471 ) ) ;
#3319 = EDGE_CURVE ( 'NONE', #1015, #4696, #4203, .T. ) ;
#3320 = DIRECTION ( 'NONE',  ( 0.0000000000000000000, 1.000000000000000000, 2.168404344971012800E-015 ) ) ;
#3321 = STYLED_ITEM ( 'NONE', ( #2336 ), #3415 ) ;
#3322 = PRESENTATION_STYLE_ASSIGNMENT (( #8235 ) ) ;
#3323 = PRESENTATION_LAYER_ASSIGNMENT (  '', '', ( #2878 ) ) ;
#3324 = VERTEX_POINT ( 'NONE', #3435 ) ;
#3325 = VERTEX_POINT ( 'NONE', #57 ) ;
#3326 = CARTESIAN_POINT ( 'NONE',  ( -1.800000000000000000, -1.299999999999999800, 0.3000000000000000400 ) ) ;
#3327 =( NAMED_UNIT ( * ) PLANE_ANGLE_UNIT ( ) SI_UNIT ( $, .RADIAN. ) );
#3328 = ORIENTED_EDGE ( 'NONE', *, *, #2597, .F. ) ;
#3329 = CARTESIAN_POINT ( 'NONE',  ( 1.375000000000000200, -1.676313579610975200, 0.4496863416405709200 ) ) ;
#3330 = ADVANCED_FACE ( 'NONE', ( #730 ), #6968, .F. ) ;
#3331 = FACE_OUTER_BOUND ( 'NONE', #4465, .T. ) ;
#3332 = ORIENTED_EDGE ( 'NONE', *, *, #7015, .T. ) ;
#3333 = EDGE_CURVE ( 'NONE', #4304, #1731, #5139, .T. ) ;
#3334 = ORIENTED_EDGE ( 'NONE', *, *, #7064, .T. ) ;
#3335 = STYLED_ITEM ( 'NONE', ( #2402 ), #4442 ) ;
#3336 = LINE ( 'NONE', #5966, #6660 ) ;
#3337 = CARTESIAN_POINT ( 'NONE',  ( 2.125000000000000000, 1.500000000000000000, 0.5635000000000000000 ) ) ;
#3338 = VERTEX_POINT ( 'NONE', #7784 ) ;
#3339 = SURFACE_STYLE_FILL_AREA ( #7779 ) ;
#3340 = PLANE ( 'NONE',  #7034 ) ;
#3341 = CARTESIAN_POINT ( 'NONE',  ( 0.3750000000000001100, 1.710000000000000200, 0.1270000000000002500 ) ) ;
#3342 = ORIENTED_EDGE ( 'NONE', *, *, #971, .T. ) ;
#3343 = DIRECTION ( 'NONE',  ( 0.0000000000000000000, 0.0000000000000000000, 1.000000000000000000 ) ) ;
#3344 = LINE ( 'NONE', #3748, #6670 ) ;
#3345 = ORIENTED_EDGE ( 'NONE', *, *, #415, .T. ) ;
#3346 = VERTEX_POINT ( 'NONE', #2342 ) ;
#3347 = AXIS2_PLACEMENT_3D ( 'NONE', #5553, #1631, #6242 ) ;
#3348 = PLANE ( 'NONE',  #4279 ) ;
#3349 = STYLED_ITEM ( 'NONE', ( #6455 ), #746 ) ;
#3350 = EDGE_CURVE ( 'NONE', #3346, #1683, #8451, .T. ) ;
#3351 = VECTOR ( 'NONE', #1500, 1000.000000000000000 ) ;
#3352 = EDGE_CURVE ( 'NONE', #160, #7466, #6885, .T. ) ;
#3353 =( NAMED_UNIT ( * ) PLANE_ANGLE_UNIT ( ) SI_UNIT ( $, .RADIAN. ) );
#3354 = VECTOR ( 'NONE', #8050, 1000.000000000000000 ) ;
#3355 = DIRECTION ( 'NONE',  ( -0.0000000000000000000, -1.000000000000000000, -0.0000000000000000000 ) ) ;
#3356 = DIRECTION ( 'NONE',  ( 0.0000000000000000000, -1.000000000000000000, 1.168321306557656000E-016 ) ) ;
#3357 = STYLED_ITEM ( 'NONE', ( #348 ), #7069 ) ;
#3359 = UNCERTAINTY_MEASURE_WITH_UNIT (LENGTH_MEASURE( 1.000000000000000100E-005 ), #2545, 'distance_accuracy_value', 'NONE');
#3358 = CIRCLE ( 'NONE', #5459, 0.1270000000000008600 ) ;
#3360 = ORIENTED_EDGE ( 'NONE', *, *, #5486, .T. ) ;
#3361 = AXIS2_PLACEMENT_3D ( 'NONE', #482, #5068, #1128 ) ;
#3362 = LINE ( 'NONE', #1818, #1432 ) ;
#3363 = PRESENTATION_STYLE_ASSIGNMENT (( #8434 ) ) ;
#3364 =( NAMED_UNIT ( * ) PLANE_ANGLE_UNIT ( ) SI_UNIT ( $, .RADIAN. ) );
#3365 = EDGE_CURVE ( 'NONE', #188, #4358, #3362, .T. ) ;
#3366 =( NAMED_UNIT ( * ) PLANE_ANGLE_UNIT ( ) SI_UNIT ( $, .RADIAN. ) );
#3367 = VERTEX_POINT ( 'NONE', #7085 ) ;
#3368 = SURFACE_SIDE_STYLE ('',( #4158 ) ) ;
#3369 = PLANE ( 'NONE',  #466 ) ;
#3370 =( GEOMETRIC_REPRESENTATION_CONTEXT ( 3 ) GLOBAL_UNCERTAINTY_ASSIGNED_CONTEXT ( ( #3286 ) ) GLOBAL_UNIT_ASSIGNED_CONTEXT ( ( #1654, #3656, #6494 ) ) REPRESENTATION_CONTEXT ( 'NONE', 'WORKASPACE' ) );
#3371 = DIRECTION ( 'NONE',  ( 0.0000000000000000000, 0.1038294617367629000, 0.9945951150470496700 ) ) ;
#3372 = COLOUR_RGB ( '',0.0000000000000000000, 0.0000000000000000000, 1.000000000000000000 ) ;
#3373 = SURFACE_SIDE_STYLE ('',( #5507 ) ) ;
#3374 = DIRECTION ( 'NONE',  ( -1.000000000000000000, 0.0000000000000000000, -0.0000000000000000000 ) ) ;
#3375 = ADVANCED_FACE ( 'NONE', ( #3155 ), #4100, .T. ) ;
#3376 = CIRCLE ( 'NONE', #2120, 0.1269999999999999500 ) ;
#3377 = CLOSED_SHELL ( 'NONE', ( #746, #698, #7998, #4907, #3415, #5254, #2479, #3644, #7458, #6641, #3782, #7413 ) ) ;
#3378 = CARTESIAN_POINT ( 'NONE',  ( -0.9249999999999998200, -1.550000000000000000, 0.5635000000000010000 ) ) ;
#3379 = SURFACE_STYLE_FILL_AREA ( #4046 ) ;
#3380 = DIRECTION ( 'NONE',  ( 1.000000000000000000, -0.0000000000000000000, -0.0000000000000000000 ) ) ;
#3381 = EDGE_CURVE ( 'NONE', #6978, #4503, #838, .T. ) ;
#3382 = ORIENTED_EDGE ( 'NONE', *, *, #3642, .T. ) ;
#3383 = FILL_AREA_STYLE ('',( #5364 ) ) ;
#3384 = STYLED_ITEM ( 'NONE', ( #7164 ), #3988 ) ;
#3385 = VECTOR ( 'NONE', #5343, 1000.000000000000200 ) ;
#3386 = CARTESIAN_POINT ( 'NONE',  ( -1.125000000000000000, -2.000000000000000000, 2.439454888092385000E-016 ) ) ;
#3387 = DIRECTION ( 'NONE',  ( 0.0000000000000000000, 0.0000000000000000000, 1.000000000000000000 ) ) ;
#3388 = ORIENTED_EDGE ( 'NONE', *, *, #7341, .T. ) ;
#3389 = DIRECTION ( 'NONE',  ( 0.0000000000000000000, 0.0000000000000000000, 1.000000000000000000 ) ) ;
#3390 = FILL_AREA_STYLE_COLOUR ( '', #4464 ) ;
#3391 = UNCERTAINTY_MEASURE_WITH_UNIT (LENGTH_MEASURE( 1.000000000000000100E-005 ), #7284, 'distance_accuracy_value', 'NONE');
#3392 = DIRECTION ( 'NONE',  ( -1.000000000000000000, -0.0000000000000000000, -0.0000000000000000000 ) ) ;
#3393 = STYLED_ITEM ( 'NONE', ( #7407 ), #5213 ) ;
#3394 = DIRECTION ( 'NONE',  ( 0.0000000000000000000, 0.0000000000000000000, 1.000000000000000000 ) ) ;
#3395 = VERTEX_POINT ( 'NONE', #3756 ) ;
#3396 = SURFACE_SIDE_STYLE ('',( #4824 ) ) ;
#3397 = ORIENTED_EDGE ( 'NONE', *, *, #2169, .T. ) ;
#3398 = LINE ( 'NONE', #1823, #1686 ) ;
#3399 = DIRECTION ( 'NONE',  ( -1.000000000000000000, 0.0000000000000000000, -0.0000000000000000000 ) ) ;
#3400 = FILL_AREA_STYLE ('',( #2775 ) ) ;
#3401 = LINE ( 'NONE', #4796, #6933 ) ;
#3402 = VERTEX_POINT ( 'NONE', #549 ) ;
#3403 = CARTESIAN_POINT ( 'NONE',  ( 0.5750000000000001800, -1.710000000000000200, 0.1270000000000002200 ) ) ;
#3404 = AXIS2_PLACEMENT_3D ( 'NONE', #7147, #3198, #7824 ) ;
#3405 = ORIENTED_EDGE ( 'NONE', *, *, #2057, .F. ) ;
#3406 = CARTESIAN_POINT ( 'NONE',  ( 0.8750000000000001100, -2.000000000000000000, 2.439454888092385000E-016 ) ) ;
#3407 = MECHANICAL_DESIGN_GEOMETRIC_PRESENTATION_REPRESENTATION (  '', ( #2533 ), #3849 ) ;
#3408 = CARTESIAN_POINT ( 'NONE',  ( 1.800000000000000000, -1.499999999999999800, 0.8999999999999998000 ) ) ;
#3409 = LINE ( 'NONE', #644, #1699 ) ;
#3410 = EDGE_CURVE ( 'NONE', #2343, #6955, #622, .T. ) ;
#3411 = SURFACE_STYLE_USAGE ( .BOTH. , #7389 ) ;
#3412 = ORIENTED_EDGE ( 'NONE', *, *, #4983, .F. ) ;
#3413 = ORIENTED_EDGE ( 'NONE', *, *, #2169, .F. ) ;
#3414 =( NAMED_UNIT ( * ) PLANE_ANGLE_UNIT ( ) SI_UNIT ( $, .RADIAN. ) );
#3415 = ADVANCED_FACE ( 'NONE', ( #5859 ), #5053, .F. ) ;
#3416 = ORIENTED_EDGE ( 'NONE', *, *, #7496, .T. ) ;
#3417 = COLOUR_RGB ( '',1.000000000000000000, 1.000000000000000000, 1.000000000000000000 ) ;
#3418 = PLANE ( 'NONE',  #1381 ) ;
#3419 = STYLED_ITEM ( 'NONE', ( #1256 ), #7723 ) ;
#3420 = CIRCLE ( 'NONE', #2735, 0.1269999999999999500 ) ;
#3421 = VERTEX_POINT ( 'NONE', #2412 ) ;
#3422 = AXIS2_PLACEMENT_3D ( 'NONE', #3045, #6585, #5564 ) ;
#3423 = VERTEX_POINT ( 'NONE', #5817 ) ;
#3424 =( NAMED_UNIT ( * ) PLANE_ANGLE_UNIT ( ) SI_UNIT ( $, .RADIAN. ) );
#3425 = LINE ( 'NONE', #7604, #1712 ) ;
#3426 = ORIENTED_EDGE ( 'NONE', *, *, #3856, .F. ) ;
#3427 = CARTESIAN_POINT ( 'NONE',  ( -1.125000000000000000, 1.500000000000000400, 0.4365000000000020500 ) ) ;
#3428 = EDGE_CURVE ( 'NONE', #1773, #3346, #1738, .T. ) ;
#3429 = SURFACE_STYLE_USAGE ( .BOTH. , #8061 ) ;
#3430 = ADVANCED_FACE ( 'NONE', ( #8547 ), #1536, .T. ) ;
#3431 = LINE ( 'NONE', #1503, #1714 ) ;
#3432 = DIRECTION ( 'NONE',  ( -1.000000000000000000, -0.0000000000000000000, -0.0000000000000000000 ) ) ;
#3433 = SURFACE_STYLE_FILL_AREA ( #1581 ) ;
#3434 = SURFACE_SIDE_STYLE ('',( #1510 ) ) ;
#3435 = CARTESIAN_POINT ( 'NONE',  ( 2.000000000000000000, 1.300000000000000300, 0.5635000000000000000 ) ) ;
#3436 = EDGE_LOOP ( 'NONE', ( #5407, #5902, #791 ) ) ;
#3437 = CARTESIAN_POINT ( 'NONE',  ( 0.8750000000000001100, 2.000000000000000000, 0.1270000000000002500 ) ) ;
#3438 = ORIENTED_EDGE ( 'NONE', *, *, #3758, .T. ) ;
#3439 = EDGE_CURVE ( 'NONE', #235, #1541, #5033, .T. ) ;
#3440 = CARTESIAN_POINT ( 'NONE',  ( 1.075000000000000200, 1.583686420389025100, 0.1138136583594313900 ) ) ;
#3441 = PRESENTATION_LAYER_ASSIGNMENT (  '', '', ( #2995 ) ) ;
#3442 = PRODUCT_DEFINITION_FORMATION_WITH_SPECIFIED_SOURCE ( '任何', '', #393, .NOT_KNOWN. ) ;
#3443 = PRESENTATION_STYLE_ASSIGNMENT (( #5910 ) ) ;
#3444 = VECTOR ( 'NONE', #5262, 1000.000000000000000 ) ;
#3445 = CIRCLE ( 'NONE', #1729, 0.1269999999999999500 ) ;
#3446 = UNCERTAINTY_MEASURE_WITH_UNIT (LENGTH_MEASURE( 1.000000000000000100E-005 ), #7665, 'distance_accuracy_value', 'NONE');
#3447 = ORIENTED_EDGE ( 'NONE', *, *, #867, .F. ) ;
#3448 = CARTESIAN_POINT ( 'NONE',  ( -0.1249999999999998900, -1.550000000000000000, 0.5635000000000010000 ) ) ;
#3449 = AXIS2_PLACEMENT_3D ( 'NONE', #2977, #6952, #2326 ) ;
#3450 = AXIS2_PLACEMENT_3D ( 'NONE', #1215, #1851, #6459 ) ;
#3451 = DIRECTION ( 'NONE',  ( 0.0000000000000000000, -0.0000000000000000000, -1.000000000000000000 ) ) ;
#3452 =( NAMED_UNIT ( * ) PLANE_ANGLE_UNIT ( ) SI_UNIT ( $, .RADIAN. ) );
#3453 = CLOSED_SHELL ( 'NONE', ( #5995, #3766, #6892, #5558, #6771, #4942, #5294, #8067, #291, #6469, #5828, #87 ) ) ;
#3454 = CARTESIAN_POINT ( 'NONE',  ( -0.9249999999999998200, 1.500000000000000400, 0.4365000000000020500 ) ) ;
#3455 = CARTESIAN_POINT ( 'NONE',  ( 0.3750000000000001100, -1.583686420389025100, 0.1138136583594313900 ) ) ;
#3456 =( NAMED_UNIT ( * ) PLANE_ANGLE_UNIT ( ) SI_UNIT ( $, .RADIAN. ) );
#3457 = SURFACE_STYLE_FILL_AREA ( #1366 ) ;
#3458 =( GEOMETRIC_REPRESENTATION_CONTEXT ( 3 ) GLOBAL_UNCERTAINTY_ASSIGNED_CONTEXT ( ( #3129 ) ) GLOBAL_UNIT_ASSIGNED_CONTEXT ( ( #7929, #3959, #49 ) ) REPRESENTATION_CONTEXT ( 'NONE', 'WORKASPACE' ) );
#3459 = ADVANCED_FACE ( 'NONE', ( #6782 ), #8532, .F. ) ;
#3460 =( NAMED_UNIT ( * ) SI_UNIT ( $, .STERADIAN. ) SOLID_ANGLE_UNIT ( ) );
#3461 = CARTESIAN_POINT ( 'NONE',  ( -1.424999999999999800, -2.000000000000000000, 0.1270000000000002500 ) ) ;
#3462 = AXIS2_PLACEMENT_3D ( 'NONE', #2702, #7312, #2028 ) ;
#3463 = VECTOR ( 'NONE', #7905, 1000.000000000000000 ) ;
#3464 = DIRECTION ( 'NONE',  ( -0.0000000000000000000, 0.0000000000000000000, 1.000000000000000000 ) ) ;
#3465 = EDGE_CURVE ( 'NONE', #5436, #4079, #2434, .T. ) ;
#3466 = ORIENTED_EDGE ( 'NONE', *, *, #302, .F. ) ;
#3468 = UNCERTAINTY_MEASURE_WITH_UNIT (LENGTH_MEASURE( 1.000000000000000100E-005 ), #7533, 'distance_accuracy_value', 'NONE');
#3467 = FACE_OUTER_BOUND ( 'NONE', #7554, .T. ) ;
#3469 = VECTOR ( 'NONE', #4675, 1000.000000000000000 ) ;
#3470 = SURFACE_STYLE_USAGE ( .BOTH. , #7437 ) ;
#3471 =( NAMED_UNIT ( * ) SI_UNIT ( $, .STERADIAN. ) SOLID_ANGLE_UNIT ( ) );
#3472 = STYLED_ITEM ( 'NONE', ( #6809 ), #7270 ) ;
#3473 = COLOUR_RGB ( '',1.000000000000000000, 1.000000000000000000, 1.000000000000000000 ) ;
#3474 =( LENGTH_UNIT ( ) NAMED_UNIT ( * ) SI_UNIT ( .MILLI., .METRE. ) );
#3475 = AXIS2_PLACEMENT_3D ( 'NONE', #5296, #542, #2309 ) ;
#3476 = EDGE_LOOP ( 'NONE', ( #4478, #2474, #4429, #6848 ) ) ;
#3477 = CARTESIAN_POINT ( 'NONE',  ( -1.424999999999999800, -1.710000000000000200, 2.710505431213761100E-016 ) ) ;
#3478 = EDGE_CURVE ( 'NONE', #1608, #4778, #7706, .T. ) ;
#3479 = SURFACE_STYLE_USAGE ( .BOTH. , #8002 ) ;
#3480 = DIRECTION ( 'NONE',  ( 0.0000000000000000000, 0.0000000000000000000, 1.000000000000000000 ) ) ;
#3481 = VERTEX_POINT ( 'NONE', #830 ) ;
#3482 = SURFACE_STYLE_USAGE ( .BOTH. , #8120 ) ;
#3483 = EDGE_CURVE ( 'NONE', #7884, #826, #721, .T. ) ;
#3484 = DIRECTION ( 'NONE',  ( 0.0000000000000000000, -3.414809992080329100E-015, 1.000000000000000000 ) ) ;
#3485 = AXIS2_PLACEMENT_3D ( 'NONE', #6993, #3024, #7656 ) ;
#3486 =( NAMED_UNIT ( * ) PLANE_ANGLE_UNIT ( ) SI_UNIT ( $, .RADIAN. ) );
#3487 = VERTEX_POINT ( 'NONE', #2575 ) ;
#3488 = DIRECTION ( 'NONE',  ( 0.0000000000000000000, 0.0000000000000000000, 1.000000000000000000 ) ) ;
#3489 =( LENGTH_UNIT ( ) NAMED_UNIT ( * ) SI_UNIT ( .MILLI., .METRE. ) );
#3490 = UNCERTAINTY_MEASURE_WITH_UNIT (LENGTH_MEASURE( 1.000000000000000100E-005 ), #6423, 'distance_accuracy_value', 'NONE');
#3491 = FILL_AREA_STYLE_COLOUR ( '', #1960 ) ;
#3492 = COLOUR_RGB ( '',1.000000000000000000, 1.000000000000000000, 1.000000000000000000 ) ;
#3493 = LINE ( 'NONE', #181, #7013 ) ;
#3494 = EDGE_CURVE ( 'NONE', #4336, #2007, #5750, .T. ) ;
#3495 = SURFACE_SIDE_STYLE ('',( #6980 ) ) ;
#3496 = ORIENTED_EDGE ( 'NONE', *, *, #7250, .F. ) ;
#3497 = AXIS2_PLACEMENT_3D ( 'NONE', #3984, #68, #4654 ) ;
#3498 = VERTEX_POINT ( 'NONE', #99 ) ;
#3499 = FILL_AREA_STYLE ('',( #1544 ) ) ;
#3500 = UNCERTAINTY_MEASURE_WITH_UNIT (LENGTH_MEASURE( 1.000000000000000100E-005 ), #2813, 'distance_accuracy_value', 'NONE');
#3501 = EDGE_LOOP ( 'NONE', ( #3728, #3413, #3828, #2604 ) ) ;
#3502 = CARTESIAN_POINT ( 'NONE',  ( -0.1249999999999998900, -1.550000000000000300, 0.4365000000000002200 ) ) ;
#3503 = ADVANCED_FACE ( 'NONE', ( #3977 ), #5180, .F. ) ;
#3504 = LINE ( 'NONE', #892, #457 ) ;
#3505 = ORIENTED_EDGE ( 'NONE', *, *, #483, .F. ) ;
#3506 = VERTEX_POINT ( 'NONE', #4466 ) ;
#3507 = SURFACE_STYLE_FILL_AREA ( #3568 ) ;
#3508 = CARTESIAN_POINT ( 'NONE',  ( -0.6249999999999998900, -1.500000000000000000, 0.5635000000000020000 ) ) ;
#3509 = DIRECTION ( 'NONE',  ( -0.0000000000000000000, 1.355252715606880500E-017, 1.000000000000000000 ) ) ;
#3510 = PRESENTATION_LAYER_ASSIGNMENT (  '', '', ( #2631 ) ) ;
#3511 = DIRECTION ( 'NONE',  ( 0.0000000000000000000, 0.0000000000000000000, -1.000000000000000000 ) ) ;
#3512 = FACE_OUTER_BOUND ( 'NONE', #1934, .T. ) ;
#3513 = PRESENTATION_LAYER_ASSIGNMENT (  '', '', ( #2181 ) ) ;
#3514 = ADVANCED_FACE ( 'NONE', ( #4195 ), #2650, .T. ) ;
#3515 = VECTOR ( 'NONE', #7192, 1000.000000000000000 ) ;
#3516 = DIRECTION ( 'NONE',  ( 1.000000000000000000, 0.0000000000000000000, 0.0000000000000000000 ) ) ;
#3517 = EDGE_CURVE ( 'NONE', #1731, #6348, #7930, .T. ) ;
#3518 = ORIENTED_EDGE ( 'NONE', *, *, #3381, .F. ) ;
#3519 = ORIENTED_EDGE ( 'NONE', *, *, #221, .F. ) ;
#3520 = DIRECTION ( 'NONE',  ( -1.000000000000000000, 0.0000000000000000000, 0.0000000000000000000 ) ) ;
#3521 = FILL_AREA_STYLE ('',( #2854 ) ) ;
#3522 = DIRECTION ( 'NONE',  ( -0.0000000000000000000, 1.000000000000000000, 3.414809992080329100E-015 ) ) ;
#3523 = AXIS2_PLACEMENT_3D ( 'NONE', #5484, #3509, #8141 ) ;
#3524 = ORIENTED_EDGE ( 'NONE', *, *, #8197, .F. ) ;
#3525 = STYLED_ITEM ( 'NONE', ( #2263 ), #2023 ) ;
#3526 = ORIENTED_EDGE ( 'NONE', *, *, #5494, .T. ) ;
#3527 = COLOUR_RGB ( '',1.000000000000000000, 1.000000000000000000, 1.000000000000000000 ) ;
#3528 = ADVANCED_FACE ( 'NONE', ( #942 ), #4848, .F. ) ;
#3529 = EDGE_CURVE ( 'NONE', #4619, #7228, #5969, .T. ) ;
#3530 = CIRCLE ( 'NONE', #5552, 0.1270000000000008600 ) ;
#3531 = ORIENTED_EDGE ( 'NONE', *, *, #5381, .T. ) ;
#3532 = CARTESIAN_POINT ( 'NONE',  ( 0.5750000000000001800, 1.676313579610975200, 0.4496863416405709200 ) ) ;
#3533 = ORIENTED_EDGE ( 'NONE', *, *, #2993, .F. ) ;
#3534 = DIRECTION ( 'NONE',  ( 0.0000000000000000000, -1.000000000000000000, 3.686287386450737200E-014 ) ) ;
#3535 =( GEOMETRIC_REPRESENTATION_CONTEXT ( 3 ) GLOBAL_UNCERTAINTY_ASSIGNED_CONTEXT ( ( #5470 ) ) GLOBAL_UNIT_ASSIGNED_CONTEXT ( ( #6340, #2113, #8391 ) ) REPRESENTATION_CONTEXT ( 'NONE', 'WORKASPACE' ) );
#3536 = COLOUR_RGB ( '',1.000000000000000000, 1.000000000000000000, 1.000000000000000000 ) ;
#3537 = CARTESIAN_POINT ( 'NONE',  ( -1.424999999999999800, -1.676313579610975200, 0.4496863416405709200 ) ) ;
#3538 = DIRECTION ( 'NONE',  ( 0.0000000000000000000, 0.0000000000000000000, -1.000000000000000000 ) ) ;
#3539 = ORIENTED_EDGE ( 'NONE', *, *, #3662, .T. ) ;
#3540 =( NAMED_UNIT ( * ) PLANE_ANGLE_UNIT ( ) SI_UNIT ( $, .RADIAN. ) );
#3541 = ORIENTED_EDGE ( 'NONE', *, *, #5529, .F. ) ;
#3542 = ORIENTED_EDGE ( 'NONE', *, *, #532, .F. ) ;
#3543 = ORIENTED_EDGE ( 'NONE', *, *, #215, .T. ) ;
#3544 = DIRECTION ( 'NONE',  ( -0.0000000000000000000, -0.0000000000000000000, 1.000000000000000000 ) ) ;
#3545 = FILL_AREA_STYLE ('',( #4951 ) ) ;
#3546 = LINE ( 'NONE', #2518, #6051 ) ;
#3547 = ADVANCED_FACE ( 'NONE', ( #4205 ), #103, .T. ) ;
#3548 = CARTESIAN_POINT ( 'NONE',  ( -1.800000000000000000, 1.300000000000000000, 0.2999999999999999900 ) ) ;
#3549 =( NAMED_UNIT ( * ) PLANE_ANGLE_UNIT ( ) SI_UNIT ( $, .RADIAN. ) );
#3550 = EDGE_CURVE ( 'NONE', #2987, #5490, #7087, .T. ) ;
#3551 = AXIS2_PLACEMENT_3D ( 'NONE', #5500, #1567, #6180 ) ;
#3552 = VECTOR ( 'NONE', #5074, 1000.000000000000000 ) ;
#3553 = VECTOR ( 'NONE', #3163, 1000.000000000000200 ) ;
#3554 = UNCERTAINTY_MEASURE_WITH_UNIT (LENGTH_MEASURE( 1.000000000000000100E-005 ), #7008, 'distance_accuracy_value', 'NONE');
#3555 = VERTEX_POINT ( 'NONE', #7191 ) ;
#3556 = SURFACE_SIDE_STYLE ('',( #2668 ) ) ;
#3557 =( NAMED_UNIT ( * ) PLANE_ANGLE_UNIT ( ) SI_UNIT ( $, .RADIAN. ) );
#3558 = SURFACE_SIDE_STYLE ('',( #4509 ) ) ;
#3559 = ADVANCED_FACE ( 'NONE', ( #5141 ), #1840, .F. ) ;
#3560 = ORIENTED_EDGE ( 'NONE', *, *, #8312, .F. ) ;
#3561 = COLOUR_RGB ( '',1.000000000000000000, 1.000000000000000000, 1.000000000000000000 ) ;
#3562 = EDGE_LOOP ( 'NONE', ( #7547, #213, #2795, #7673 ) ) ;
#3563 =( NAMED_UNIT ( * ) PLANE_ANGLE_UNIT ( ) SI_UNIT ( $, .RADIAN. ) );
#3564 = STYLED_ITEM ( 'NONE', ( #5277 ), #5131 ) ;
#3565 = CARTESIAN_POINT ( 'NONE',  ( 1.075000000000000200, 1.710000000000000200, 0.1270000000000002500 ) ) ;
#3566 = FILL_AREA_STYLE ('',( #6850 ) ) ;
#3567 = VERTEX_POINT ( 'NONE', #7106 ) ;
#3568 = FILL_AREA_STYLE ('',( #349 ) ) ;
#3569 = CARTESIAN_POINT ( 'NONE',  ( -1.125000000000000000, 1.500000000000000000, 0.5635000000000020000 ) ) ;
#3570 = VECTOR ( 'NONE', #3778, 1000.000000000000000 ) ;
#3571 = LINE ( 'NONE', #2677, #1829 ) ;
#3572 = DIRECTION ( 'NONE',  ( -0.0000000000000000000, 3.686287386450737200E-014, 1.000000000000000000 ) ) ;
#3573 = MECHANICAL_DESIGN_GEOMETRIC_PRESENTATION_REPRESENTATION (  '', ( #2240 ), #4019 ) ;
#3574 = EDGE_LOOP ( 'NONE', ( #2572, #3240, #4556, #2103, #1057, #5468, #5864, #3466, #3299, #4192 ) ) ;
#3575 = FILL_AREA_STYLE ('',( #2910 ) ) ;
#3576 = DIRECTION ( 'NONE',  ( -1.000000000000000000, -0.0000000000000000000, -0.0000000000000000000 ) ) ;
#3577 = AXIS2_PLACEMENT_3D ( 'NONE', #5681, #1745, #6347 ) ;
#3578 = SURFACE_SIDE_STYLE ('',( #4832 ) ) ;
#3579 = CARTESIAN_POINT ( 'NONE',  ( 0.3750000000000001100, 1.710000000000000200, 2.710505431213761100E-016 ) ) ;
#3580 = PRESENTATION_STYLE_ASSIGNMENT (( #1679 ) ) ;
#3581 = EDGE_CURVE ( 'NONE', #7196, #5378, #8030, .T. ) ;
#3582 = LINE ( 'NONE', #3699, #116 ) ;
#3583 = CARTESIAN_POINT ( 'NONE',  ( -1.424999999999999800, 1.676313579610975200, 0.4496863416405709200 ) ) ;
#3584 = DIRECTION ( 'NONE',  ( -0.0000000000000000000, -1.000000000000000000, -0.0000000000000000000 ) ) ;
#3585 = STYLED_ITEM ( 'NONE', ( #7217 ), #7503 ) ;
#3586 = DIRECTION ( 'NONE',  ( -0.0000000000000000000, -1.000000000000000000, -0.0000000000000000000 ) ) ;
#3587 = CARTESIAN_POINT ( 'NONE',  ( 2.125000000000000000, 1.500000000000000000, 0.5635000000000000000 ) ) ;
#3588 = STYLED_ITEM ( 'NONE', ( #633 ), #2648 ) ;
#3589 = ADVANCED_FACE ( 'NONE', ( #6282 ), #5225, .F. ) ;
#3590 = EDGE_LOOP ( 'NONE', ( #1492, #5231, #982, #1694, #2463, #3041, #249, #1709, #3054, #6608 ) ) ;
#3591 = CARTESIAN_POINT ( 'NONE',  ( 0.07500000000000019200, -1.676313579610975200, 0.4496863416405709200 ) ) ;
#3592 = EDGE_CURVE ( 'NONE', #1506, #3315, #2121, .T. ) ;
#3593 = LINE ( 'NONE', #2172, #4445 ) ;
#3594 = LINE ( 'NONE', #8528, #6915 ) ;
#3595 = SURFACE_STYLE_FILL_AREA ( #7157 ) ;
#3596 = CARTESIAN_POINT ( 'NONE',  ( -1.424999999999999800, 2.000000000000000000, 2.439454888092385000E-016 ) ) ;
#3597 = PRESENTATION_STYLE_ASSIGNMENT (( #7823 ) ) ;
#3598 =( LENGTH_UNIT ( ) NAMED_UNIT ( * ) SI_UNIT ( .MILLI., .METRE. ) );
#3599 = ORIENTED_EDGE ( 'NONE', *, *, #6234, .T. ) ;
#3600 = DIRECTION ( 'NONE',  ( 0.0000000000000000000, 1.000000000000000000, 2.710505431213759600E-016 ) ) ;
#3601 = EDGE_CURVE ( 'NONE', #4656, #5490, #7405, .T. ) ;
#3602 = PRESENTATION_LAYER_ASSIGNMENT (  '', '', ( #2719 ) ) ;
#3603 = SURFACE_SIDE_STYLE ('',( #5099 ) ) ;
#3604 =( NAMED_UNIT ( * ) SI_UNIT ( $, .STERADIAN. ) SOLID_ANGLE_UNIT ( ) );
#3605 =( GEOMETRIC_REPRESENTATION_CONTEXT ( 3 ) GLOBAL_UNCERTAINTY_ASSIGNED_CONTEXT ( ( #2856 ) ) GLOBAL_UNIT_ASSIGNED_CONTEXT ( ( #6789, #2825, #7451 ) ) REPRESENTATION_CONTEXT ( 'NONE', 'WORKASPACE' ) );
#3606 =( NAMED_UNIT ( * ) SI_UNIT ( $, .STERADIAN. ) SOLID_ANGLE_UNIT ( ) );
#3607 = FILL_AREA_STYLE_COLOUR ( '', #7781 ) ;
#3608 = CARTESIAN_POINT ( 'NONE',  ( -0.9249999999999998200, -1.500000000000000000, 0.5635000000000020000 ) ) ;
#3609 = ORIENTED_EDGE ( 'NONE', *, *, #3106, .T. ) ;
#3610 = CARTESIAN_POINT ( 'NONE',  ( 1.575000000000000200, -1.676313579610975200, 0.4496863416405709200 ) ) ;
#3611 = VECTOR ( 'NONE', #1144, 1000.000000000000000 ) ;
#3612 = EDGE_CURVE ( 'NONE', #7527, #4231, #413, .T. ) ;
#3613 = CARTESIAN_POINT ( 'NONE',  ( 0.5750000000000001800, 1.710000000000000200, 2.710505431213761100E-016 ) ) ;
#3614 = STYLED_ITEM ( 'NONE', ( #5190 ), #4604 ) ;
#3615 = CIRCLE ( 'NONE', #65, 0.1999999999999999800 ) ;
#3616 = DIRECTION ( 'NONE',  ( 0.0000000000000000000, 0.0000000000000000000, -1.000000000000000000 ) ) ;
#3617 = VECTOR ( 'NONE', #7303, 1000.000000000000000 ) ;
#3618 = ORIENTED_EDGE ( 'NONE', *, *, #56, .T. ) ;
#3619 = CARTESIAN_POINT ( 'NONE',  ( -1.125000000000000000, -1.500000000000000000, 0.5635000000000020000 ) ) ;
#3620 = SURFACE_SIDE_STYLE ('',( #6481 ) ) ;
#3621 = UNCERTAINTY_MEASURE_WITH_UNIT (LENGTH_MEASURE( 1.000000000000000100E-005 ), #1037, 'distance_accuracy_value', 'NONE');
#3622 = EDGE_LOOP ( 'NONE', ( #2592, #24, #6488, #7104 ) ) ;
#3623 = VERTEX_POINT ( 'NONE', #5923 ) ;
#3624 = CARTESIAN_POINT ( 'NONE',  ( -0.6249999999999998900, 1.500000000000000400, 0.4365000000000020500 ) ) ;
#3625 = ORIENTED_EDGE ( 'NONE', *, *, #2508, .T. ) ;
#3626 =( GEOMETRIC_REPRESENTATION_CONTEXT ( 3 ) GLOBAL_UNCERTAINTY_ASSIGNED_CONTEXT ( ( #7004 ) ) GLOBAL_UNIT_ASSIGNED_CONTEXT ( ( #543, #5132, #1195 ) ) REPRESENTATION_CONTEXT ( 'NONE', 'WORKASPACE' ) );
#3627 = ORIENTED_EDGE ( 'NONE', *, *, #2665, .F. ) ;
#3628 = VECTOR ( 'NONE', #3258, 1000.000000000000000 ) ;
#3629 = PRESENTATION_LAYER_ASSIGNMENT (  '', '', ( #3183 ) ) ;
#3630 = EDGE_CURVE ( 'NONE', #7041, #1013, #5446, .T. ) ;
#3631 = VERTEX_POINT ( 'NONE', #665 ) ;
#3632 = DIRECTION ( 'NONE',  ( -0.0000000000000000000, 1.000000000000000000, 1.168321306557656000E-016 ) ) ;
#3633 = DIRECTION ( 'NONE',  ( -1.000000000000000000, -0.0000000000000000000, 0.0000000000000000000 ) ) ;
#3634 =( NAMED_UNIT ( * ) SI_UNIT ( $, .STERADIAN. ) SOLID_ANGLE_UNIT ( ) );
#3635 = LINE ( 'NONE', #4744, #1886 ) ;
#3636 = STYLED_ITEM ( 'NONE', ( #5466 ), #2425 ) ;
#3637 = CIRCLE ( 'NONE', #4510, 0.2000000000000000900 ) ;
#3638 = SURFACE_STYLE_USAGE ( .BOTH. , #7614 ) ;
#3639 = DIRECTION ( 'NONE',  ( -1.000000000000000000, -0.0000000000000000000, -0.0000000000000000000 ) ) ;
#3640 = ORIENTED_EDGE ( 'NONE', *, *, #6988, .T. ) ;
#3641 = FACE_OUTER_BOUND ( 'NONE', #3138, .T. ) ;
#3642 = EDGE_CURVE ( 'NONE', #1369, #3865, #5237, .T. ) ;
#3643 = SURFACE_SIDE_STYLE ('',( #6495 ) ) ;
#3644 = ADVANCED_FACE ( 'NONE', ( #1920 ), #2614, .F. ) ;
#3645 = DIRECTION ( 'NONE',  ( 0.0000000000000000000, -1.000000000000000000, -3.686287386450737200E-014 ) ) ;
#3646 = CARTESIAN_POINT ( 'NONE',  ( -1.125000000000000000, 2.000000000000000000, 0.1270000000000002500 ) ) ;
#3647 = LINE ( 'NONE', #7186, #5424 ) ;
#3648 = LINE ( 'NONE', #5937, #1898 ) ;
#3649 = FILL_AREA_STYLE_COLOUR ( '', #2055 ) ;
#3650 = CARTESIAN_POINT ( 'NONE',  ( 0.5750000000000001800, -2.000000000000000000, 0.1270000000000002500 ) ) ;
#3651 = LINE ( 'NONE', #6578, #5221 ) ;
#3652 = STYLED_ITEM ( 'NONE', ( #6593 ), #7981 ) ;
#3653 = CARTESIAN_POINT ( 'NONE',  ( 2.000000000000000000, -1.299999999999999600, 0.4365000000000000000 ) ) ;
#3654 = ORIENTED_EDGE ( 'NONE', *, *, #7475, .T. ) ;
#3655 = CARTESIAN_POINT ( 'NONE',  ( -1.424999999999999800, 1.583686420389025100, 0.1138136583594313900 ) ) ;
#3656 =( NAMED_UNIT ( * ) PLANE_ANGLE_UNIT ( ) SI_UNIT ( $, .RADIAN. ) );
#3657 = SURFACE_STYLE_FILL_AREA ( #8248 ) ;
#3658 = FACE_OUTER_BOUND ( 'NONE', #159, .T. ) ;
#3659 = DIRECTION ( 'NONE',  ( 0.0000000000000000000, 0.1038294617367628000, 0.9945951150470496700 ) ) ;
#3660 = ORIENTED_EDGE ( 'NONE', *, *, #3381, .T. ) ;
#3661 = DIRECTION ( 'NONE',  ( 0.0000000000000000000, -0.9945951150470497800, -0.1038294617367629000 ) ) ;
#3662 = EDGE_CURVE ( 'NONE', #4238, #648, #4611, .T. ) ;
#3663 =( LENGTH_UNIT ( ) NAMED_UNIT ( * ) SI_UNIT ( .MILLI., .METRE. ) );
#3664 =( GEOMETRIC_REPRESENTATION_CONTEXT ( 3 ) GLOBAL_UNCERTAINTY_ASSIGNED_CONTEXT ( ( #5899 ) ) GLOBAL_UNIT_ASSIGNED_CONTEXT ( ( #4495, #575, #5157 ) ) REPRESENTATION_CONTEXT ( 'NONE', 'WORKASPACE' ) );
#3665 = SURFACE_SIDE_STYLE ('',( #536 ) ) ;
#3666 = EDGE_LOOP ( 'NONE', ( #2198, #8402, #7860, #8255 ) ) ;
#3667 = EDGE_LOOP ( 'NONE', ( #4486, #4009, #6067, #6076 ) ) ;
#3668 = DIRECTION ( 'NONE',  ( -1.000000000000000000, 0.0000000000000000000, -0.0000000000000000000 ) ) ;
#3669 = VECTOR ( 'NONE', #7198, 1000.000000000000000 ) ;
#3670 = FILL_AREA_STYLE_COLOUR ( '', #4405 ) ;
#3671 = DIRECTION ( 'NONE',  ( 0.0000000000000000000, -1.000000000000000000, 1.168321306557656000E-016 ) ) ;
#3672 = SURFACE_SIDE_STYLE ('',( #475 ) ) ;
#3673 = ORIENTED_EDGE ( 'NONE', *, *, #7638, .F. ) ;
#3674 = FACE_OUTER_BOUND ( 'NONE', #6521, .T. ) ;
#3675 = ORIENTED_EDGE ( 'NONE', *, *, #645, .F. ) ;
#3676 = PRESENTATION_LAYER_ASSIGNMENT (  '', '', ( #2798 ) ) ;
#3677 = STYLED_ITEM ( 'NONE', ( #4615 ), #487 ) ;
#3678 = DIRECTION ( 'NONE',  ( 0.0000000000000000000, -0.9945951150470497800, -0.1038294617367629000 ) ) ;
#3679 = CARTESIAN_POINT ( 'NONE',  ( -0.4249999999999998200, -1.500000000000000000, 0.5635000000000020000 ) ) ;
#3680 = ORIENTED_EDGE ( 'NONE', *, *, #7183, .T. ) ;
#3681 = FACE_OUTER_BOUND ( 'NONE', #5429, .T. ) ;
#3682 = PRESENTATION_STYLE_ASSIGNMENT (( #4196 ) ) ;
#3683 = FILL_AREA_STYLE ('',( #3021 ) ) ;
#3684 = PRESENTATION_LAYER_ASSIGNMENT (  '', '', ( #1512 ) ) ;
#3685 = COLOUR_RGB ( '',1.000000000000000000, 1.000000000000000000, 1.000000000000000000 ) ;
#3686 = CARTESIAN_POINT ( 'NONE',  ( -0.1249999999999998900, 1.500000000000000400, 0.4365000000000020500 ) ) ;
#3687 = PRESENTATION_LAYER_ASSIGNMENT (  '', '', ( #2809 ) ) ;
#3688 = ORIENTED_EDGE ( 'NONE', *, *, #4427, .T. ) ;
#3689 = DIRECTION ( 'NONE',  ( 0.0000000000000000000, -1.000000000000000000, 2.710505431213761100E-016 ) ) ;
#3690 =( NAMED_UNIT ( * ) SI_UNIT ( $, .STERADIAN. ) SOLID_ANGLE_UNIT ( ) );
#3691 = FACE_OUTER_BOUND ( 'NONE', #471, .T. ) ;
#3692 = EDGE_CURVE ( 'NONE', #2784, #5078, #1121, .T. ) ;
#3693 =( NAMED_UNIT ( * ) PLANE_ANGLE_UNIT ( ) SI_UNIT ( $, .RADIAN. ) );
#3694 = ORIENTED_EDGE ( 'NONE', *, *, #2597, .T. ) ;
#3695 = FILL_AREA_STYLE_COLOUR ( '', #7294 ) ;
#3696 = DIRECTION ( 'NONE',  ( 0.0000000000000000000, -0.1038294617367628000, 0.9945951150470496700 ) ) ;
#3697 = ORIENTED_EDGE ( 'NONE', *, *, #95, .F. ) ;
#3698 = DIRECTION ( 'NONE',  ( 0.0000000000000000000, 0.0000000000000000000, 1.000000000000000000 ) ) ;
#3699 = CARTESIAN_POINT ( 'NONE',  ( 1.075000000000000200, 1.710000000000000200, 2.710505431213761100E-016 ) ) ;
#3700 = DIRECTION ( 'NONE',  ( 0.0000000000000000000, -0.1038294617367628000, -0.9945951150470496700 ) ) ;
#3701 = MECHANICAL_DESIGN_GEOMETRIC_PRESENTATION_REPRESENTATION (  '', ( #1931 ), #4162 ) ;
#3702 = SURFACE_STYLE_USAGE ( .BOTH. , #7675 ) ;
#3703 = VERTEX_POINT ( 'NONE', #5974 ) ;
#3704 = EDGE_CURVE ( 'NONE', #3421, #3004, #4416, .T. ) ;
#3705 = FACE_OUTER_BOUND ( 'NONE', #3834, .T. ) ;
#3706 = DIRECTION ( 'NONE',  ( -1.000000000000000000, 0.0000000000000000000, -0.0000000000000000000 ) ) ;
#3707 = DIRECTION ( 'NONE',  ( -1.000000000000000000, 0.0000000000000000000, 0.0000000000000000000 ) ) ;
#3708 = FACE_OUTER_BOUND ( 'NONE', #6506, .T. ) ;
#3709 = LINE ( 'NONE', #3440, #244 ) ;
#3710 = EDGE_CURVE ( 'NONE', #7882, #6193, #7923, .T. ) ;
#3711 = ORIENTED_EDGE ( 'NONE', *, *, #6277, .T. ) ;
#3712 = STYLED_ITEM ( 'NONE', ( #5130 ), #3805 ) ;
#3713 = CARTESIAN_POINT ( 'NONE',  ( -0.9249999999999998200, 1.550000000000000000, 0.5635000000000010000 ) ) ;
#3714 = DIRECTION ( 'NONE',  ( 0.0000000000000000000, 3.414809992080329100E-015, 1.000000000000000000 ) ) ;
#3715 = FILL_AREA_STYLE ('',( #5067 ) ) ;
#3716 =( NAMED_UNIT ( * ) SI_UNIT ( $, .STERADIAN. ) SOLID_ANGLE_UNIT ( ) );
#3717 = VECTOR ( 'NONE', #6642, 1000.000000000000100 ) ;
#3718 = ORIENTED_EDGE ( 'NONE', *, *, #695, .F. ) ;
#3719 = PRESENTATION_LAYER_ASSIGNMENT (  '', '', ( #2403 ) ) ;
#3720 = SURFACE_STYLE_USAGE ( .BOTH. , #7695 ) ;
#3721 = AXIS2_PLACEMENT_3D ( 'NONE', #60, #4640, #733 ) ;
#3722 = DIRECTION ( 'NONE',  ( -0.0000000000000000000, -1.000000000000000000, 2.168404344971012800E-015 ) ) ;
#3723 = CARTESIAN_POINT ( 'NONE',  ( 0.07500000000000019200, 1.550000000000000300, 0.4365000000000001100 ) ) ;
#3724 =( LENGTH_UNIT ( ) NAMED_UNIT ( * ) SI_UNIT ( .MILLI., .METRE. ) );
#3725 = ORIENTED_EDGE ( 'NONE', *, *, #2490, .T. ) ;
#3726 = CARTESIAN_POINT ( 'NONE',  ( -0.4249999999999998200, 1.550000000000000300, 0.4365000000000001100 ) ) ;
#3727 = ORIENTED_EDGE ( 'NONE', *, *, #1878, .T. ) ;
#3728 = ORIENTED_EDGE ( 'NONE', *, *, #5124, .F. ) ;
#3729 = FACE_OUTER_BOUND ( 'NONE', #4813, .T. ) ;
#3730 = DIRECTION ( 'NONE',  ( -1.000000000000000000, 0.0000000000000000000, -0.0000000000000000000 ) ) ;
#3731 = SURFACE_SIDE_STYLE ('',( #513 ) ) ;
#3732 = CARTESIAN_POINT ( 'NONE',  ( 0.8750000000000001100, -2.000000000000000000, 0.1270000000000002500 ) ) ;
#3733 = PRESENTATION_STYLE_ASSIGNMENT (( #7571 ) ) ;
#3734 = AXIS2_PLACEMENT_3D ( 'NONE', #1546, #255, #932 ) ;
#3735 = VERTEX_POINT ( 'NONE', #724 ) ;
#3736 = ORIENTED_EDGE ( 'NONE', *, *, #7358, .T. ) ;
#3737 = SURFACE_SIDE_STYLE ('',( #4372 ) ) ;
#3738 = EDGE_CURVE ( 'NONE', #7196, #4773, #5962, .T. ) ;
#3739 = SURFACE_SIDE_STYLE ('',( #2232 ) ) ;
#3740 = LINE ( 'NONE', #7950, #7056 ) ;
#3741 = DIRECTION ( 'NONE',  ( 0.0000000000000000000, 3.414809992080329100E-015, -1.000000000000000000 ) ) ;
#3742 = DIRECTION ( 'NONE',  ( 0.0000000000000000000, 0.0000000000000000000, 1.000000000000000000 ) ) ;
#3743 = CARTESIAN_POINT ( 'NONE',  ( 0.5750000000000001800, -1.500000000000000000, 0.5635000000000020000 ) ) ;
#3744 = FACE_OUTER_BOUND ( 'NONE', #6320, .T. ) ;
#3745 = PRESENTATION_LAYER_ASSIGNMENT (  '', '', ( #2862 ) ) ;
#3746 = AXIS2_PLACEMENT_3D ( 'NONE', #4655, #6562, #4255 ) ;
#3747 = CARTESIAN_POINT ( 'NONE',  ( 1.800000000000000000, 1.300000000000000300, 0.7000000000000000700 ) ) ;
#3748 = CARTESIAN_POINT ( 'NONE',  ( 0.5750000000000001800, -1.583686420389025100, 0.1138136583594313900 ) ) ;
#3749 = ORIENTED_EDGE ( 'NONE', *, *, #4166, .F. ) ;
#3750 = EDGE_CURVE ( 'NONE', #3421, #6832, #2640, .T. ) ;
#3751 = UNCERTAINTY_MEASURE_WITH_UNIT (LENGTH_MEASURE( 1.000000000000000100E-005 ), #7694, 'distance_accuracy_value', 'NONE');
#3752 = CARTESIAN_POINT ( 'NONE',  ( 0.3750000000000001100, 1.550000000000000300, 0.4365000000000002200 ) ) ;
#3753 = CIRCLE ( 'NONE', #1017, 0.1270000000000008600 ) ;
#3754 = VECTOR ( 'NONE', #3132, 1000.000000000000000 ) ;
#3755 = CARTESIAN_POINT ( 'NONE',  ( 1.575000000000000200, -1.710000000000000200, 0.1270000000000002500 ) ) ;
#3756 = CARTESIAN_POINT ( 'NONE',  ( 0.8750000000000001100, 1.500000000000000400, 0.4365000000000020500 ) ) ;
#3757 = PRESENTATION_STYLE_ASSIGNMENT (( #6241 ) ) ;
#3758 = EDGE_CURVE ( 'NONE', #5372, #5271, #2435, .T. ) ;
#3759 = AXIS2_PLACEMENT_3D ( 'NONE', #1793, #6419, #8401 ) ;
#3760 = LINE ( 'NONE', #1394, #288 ) ;
#3761 = UNCERTAINTY_MEASURE_WITH_UNIT (LENGTH_MEASURE( 1.000000000000000100E-005 ), #6062, 'distance_accuracy_value', 'NONE');
#3762 = MECHANICAL_DESIGN_GEOMETRIC_PRESENTATION_REPRESENTATION (  '', ( #2878 ), #4222 ) ;
#3763 = CARTESIAN_POINT ( 'NONE',  ( 0.3750000000000001100, 1.500000000000000000, 0.5635000000000020000 ) ) ;
#3764 = PRESENTATION_STYLE_ASSIGNMENT (( #3917 ) ) ;
#3765 =( NAMED_UNIT ( * ) PLANE_ANGLE_UNIT ( ) SI_UNIT ( $, .RADIAN. ) );
#3766 = ADVANCED_FACE ( 'NONE', ( #3979 ), #7308, .F. ) ;
#3767 =( NAMED_UNIT ( * ) SI_UNIT ( $, .STERADIAN. ) SOLID_ANGLE_UNIT ( ) );
#3768 = CARTESIAN_POINT ( 'NONE',  ( -0.1249999999999998900, -2.000000000000000000, 2.439454888092385000E-016 ) ) ;
#3769 = PRESENTATION_STYLE_ASSIGNMENT (( #6684 ) ) ;
#3770 = EDGE_CURVE ( 'NONE', #3631, #1267, #2846, .T. ) ;
#3771 =( NAMED_UNIT ( * ) SI_UNIT ( $, .STERADIAN. ) SOLID_ANGLE_UNIT ( ) );
#3772 = DIRECTION ( 'NONE',  ( -0.0000000000000000000, 1.000000000000000000, -0.0000000000000000000 ) ) ;
#3773 = PRESENTATION_LAYER_ASSIGNMENT (  '', '', ( #3335 ) ) ;
#3774 = PRESENTATION_STYLE_ASSIGNMENT (( #7825 ) ) ;
#3775 = VECTOR ( 'NONE', #3955, 1000.000000000000000 ) ;
#3776 = DIRECTION ( 'NONE',  ( -0.0000000000000000000, -0.1038294617367629000, 0.9945951150470496700 ) ) ;
#3777 = FILL_AREA_STYLE ('',( #2462 ) ) ;
#3778 = DIRECTION ( 'NONE',  ( -0.0000000000000000000, -1.000000000000000000, -0.0000000000000000000 ) ) ;
#3779 =( LENGTH_UNIT ( ) NAMED_UNIT ( * ) SI_UNIT ( .MILLI., .METRE. ) );
#3780 = DIRECTION ( 'NONE',  ( -0.0000000000000000000, 1.000000000000000000, -0.0000000000000000000 ) ) ;
#3781 = AXIS2_PLACEMENT_3D ( 'NONE', #2949, #7588, #3616 ) ;
#3782 = ADVANCED_FACE ( 'NONE', ( #5752 ), #6035, .F. ) ;
#3783 = DIRECTION ( 'NONE',  ( 0.0000000000000000000, 1.000000000000000000, 0.0000000000000000000 ) ) ;
#3784 = AXIS2_PLACEMENT_3D ( 'NONE', #883, #216, #3511 ) ;
#3785 = FACE_OUTER_BOUND ( 'NONE', #1354, .T. ) ;
#3786 = LINE ( 'NONE', #4722, #2034 ) ;
#3787 = EDGE_CURVE ( 'NONE', #6963, #484, #8445, .T. ) ;
#3788 = FILL_AREA_STYLE_COLOUR ( '', #6312 ) ;
#3789 = CARTESIAN_POINT ( 'NONE',  ( -0.9249999999999998200, 2.000000000000000000, 0.1270000000000002500 ) ) ;
#3790 = ORIENTED_EDGE ( 'NONE', *, *, #6908, .T. ) ;
#3791 = VERTEX_POINT ( 'NONE', #7386 ) ;
#3792 = DIRECTION ( 'NONE',  ( 0.0000000000000000000, 0.1038294617367629000, 0.9945951150470496700 ) ) ;
#3793 = VECTOR ( 'NONE', #2493, 1000.000000000000000 ) ;
#3794 = PRESENTATION_LAYER_ASSIGNMENT (  '', '', ( #3357 ) ) ;
#3795 = STYLED_ITEM ( 'NONE', ( #4851 ), #2119 ) ;
#3796 = LINE ( 'NONE', #6466, #7111 ) ;
#3797 = ORIENTED_EDGE ( 'NONE', *, *, #6049, .F. ) ;
#3798 = CARTESIAN_POINT ( 'NONE',  ( 0.07500000000000019200, 2.000000000000000000, 0.1270000000000002500 ) ) ;
#3799 =( NAMED_UNIT ( * ) SI_UNIT ( $, .STERADIAN. ) SOLID_ANGLE_UNIT ( ) );
#3800 = EDGE_CURVE ( 'NONE', #6097, #479, #4925, .T. ) ;
#3801 = VECTOR ( 'NONE', #3584, 1000.000000000000000 ) ;
#3802 = SURFACE_SIDE_STYLE ('',( #3339 ) ) ;
#3803 = SURFACE_SIDE_STYLE ('',( #5457 ) ) ;
#3804 = LINE ( 'NONE', #406, #7324 ) ;
#3805 = ADVANCED_FACE ( 'NONE', ( #6682 ), #5428, .F. ) ;
#3806 = DIRECTION ( 'NONE',  ( 0.0000000000000000000, -1.000000000000000000, -3.686287386450737200E-014 ) ) ;
#3807 = LINE ( 'NONE', #3610, #2056 ) ;
#3808 = ORIENTED_EDGE ( 'NONE', *, *, #5931, .F. ) ;
#3809 = ORIENTED_EDGE ( 'NONE', *, *, #7911, .T. ) ;
#3810 =( NAMED_UNIT ( * ) PLANE_ANGLE_UNIT ( ) SI_UNIT ( $, .RADIAN. ) );
#3811 = LINE ( 'NONE', #4428, #7121 ) ;
#3812 = AXIS2_PLACEMENT_3D ( 'NONE', #1447, #6064, #2076 ) ;
#3813 = DIRECTION ( 'NONE',  ( 0.0000000000000000000, -3.686287386450737200E-014, 1.000000000000000000 ) ) ;
#3814 = VECTOR ( 'NONE', #73, 1000.000000000000000 ) ;
#3815 = ORIENTED_EDGE ( 'NONE', *, *, #1685, .F. ) ;
#3816 = ORIENTED_EDGE ( 'NONE', *, *, #5475, .F. ) ;
#3817 = FILL_AREA_STYLE_COLOUR ( '', #5455 ) ;
#3818 = CARTESIAN_POINT ( 'NONE',  ( 0.07500000000000019200, -1.550000000000000300, 0.4365000000000002200 ) ) ;
#3819 = PRESENTATION_STYLE_ASSIGNMENT (( #5458 ) ) ;
#3820 = FILL_AREA_STYLE ('',( #5810 ) ) ;
#3821 = EDGE_CURVE ( 'NONE', #6152, #4007, #4307, .T. ) ;
#3822 = PRESENTATION_LAYER_ASSIGNMENT (  '', '', ( #3384 ) ) ;
#3823 = FACE_OUTER_BOUND ( 'NONE', #5005, .T. ) ;
#3824 = DIRECTION ( 'NONE',  ( -0.0000000000000000000, -1.000000000000000000, -0.0000000000000000000 ) ) ;
#3825 = EDGE_LOOP ( 'NONE', ( #8499, #5775, #3126, #7671 ) ) ;
#3826 = ORIENTED_EDGE ( 'NONE', *, *, #7847, .T. ) ;
#3827 = EDGE_LOOP ( 'NONE', ( #1507, #6261, #931, #3660 ) ) ;
#3828 = ORIENTED_EDGE ( 'NONE', *, *, #5748, .T. ) ;
#3829 = CARTESIAN_POINT ( 'NONE',  ( -2.125000000000000000, 1.500000000000000000, 0.4365000000000000000 ) ) ;
#3830 = UNCERTAINTY_MEASURE_WITH_UNIT (LENGTH_MEASURE( 1.000000000000000100E-005 ), #2273, 'distance_accuracy_value', 'NONE');
#3831 = EDGE_LOOP ( 'NONE', ( #5883, #1408, #7743, #3332 ) ) ;
#3832 = DIRECTION ( 'NONE',  ( -1.000000000000000000, 0.0000000000000000000, -0.0000000000000000000 ) ) ;
#3833 = AXIS2_PLACEMENT_3D ( 'NONE', #8311, #4362, #433 ) ;
#3834 = EDGE_LOOP ( 'NONE', ( #8392, #6246, #790, #2884 ) ) ;
#3835 = CARTESIAN_POINT ( 'NONE',  ( 1.575000000000000200, 1.710000000000000200, 0.1270000000000002200 ) ) ;
#3836 = VERTEX_POINT ( 'NONE', #6123 ) ;
#3837 = DIRECTION ( 'NONE',  ( 1.000000000000000000, 0.0000000000000000000, 0.0000000000000000000 ) ) ;
#3838 = DIRECTION ( 'NONE',  ( -0.0000000000000000000, -1.000000000000000000, -0.0000000000000000000 ) ) ;
#3839 = LINE ( 'NONE', #2105, #7368 ) ;
#3840 = ORIENTED_EDGE ( 'NONE', *, *, #3483, .T. ) ;
#3841 =( NAMED_UNIT ( * ) SI_UNIT ( $, .STERADIAN. ) SOLID_ANGLE_UNIT ( ) );
#3842 = ORIENTED_EDGE ( 'NONE', *, *, #5862, .T. ) ;
#3843 = COLOUR_RGB ( '',1.000000000000000000, 1.000000000000000000, 1.000000000000000000 ) ;
#3844 = VECTOR ( 'NONE', #8161, 1000.000000000000200 ) ;
#3845 = VERTEX_POINT ( 'NONE', #844 ) ;
#3846 = PLANE ( 'NONE',  #1872 ) ;
#3847 = AXIS2_PLACEMENT_3D ( 'NONE', #4516, #595, #5177 ) ;
#3848 = DIRECTION ( 'NONE',  ( 0.0000000000000000000, 0.9945951150470497800, -0.1038294617367629000 ) ) ;
#3849 =( GEOMETRIC_REPRESENTATION_CONTEXT ( 3 ) GLOBAL_UNCERTAINTY_ASSIGNED_CONTEXT ( ( #3359 ) ) GLOBAL_UNIT_ASSIGNED_CONTEXT ( ( #2545, #7161, #3209 ) ) REPRESENTATION_CONTEXT ( 'NONE', 'WORKASPACE' ) );
#3850 = ADVANCED_FACE ( 'NONE', ( #829 ), #2140, .F. ) ;
#3851 = CIRCLE ( 'NONE', #1587, 0.1269999999999999500 ) ;
#3852 = ADVANCED_FACE ( 'NONE', ( #203 ), #898, .F. ) ;
#3853 = LINE ( 'NONE', #8513, #4800 ) ;
#3854 = DIRECTION ( 'NONE',  ( -0.0000000000000000000, -0.1038294617367629000, 0.9945951150470496700 ) ) ;
#3855 = ORIENTED_EDGE ( 'NONE', *, *, #6468, .T. ) ;
#3856 = EDGE_CURVE ( 'NONE', #8012, #1393, #6362, .T. ) ;
#3857 = ORIENTED_EDGE ( 'NONE', *, *, #1564, .T. ) ;
#3858 = FACE_OUTER_BOUND ( 'NONE', #572, .T. ) ;
#3859 =( LENGTH_UNIT ( ) NAMED_UNIT ( * ) SI_UNIT ( .MILLI., .METRE. ) );
#3860 = VERTEX_POINT ( 'NONE', #7497 ) ;
#3861 = UNCERTAINTY_MEASURE_WITH_UNIT (LENGTH_MEASURE( 1.000000000000000100E-005 ), #6197, 'distance_accuracy_value', 'NONE');
#3862 = PRESENTATION_LAYER_ASSIGNMENT (  '', '', ( #3419 ) ) ;
#3863 = FACE_OUTER_BOUND ( 'NONE', #773, .T. ) ;
#3864 = SURFACE_STYLE_FILL_AREA ( #8348 ) ;
#3865 = VERTEX_POINT ( 'NONE', #8158 ) ;
#3866 =( NAMED_UNIT ( * ) PLANE_ANGLE_UNIT ( ) SI_UNIT ( $, .RADIAN. ) );
#3867 = PRESENTATION_LAYER_ASSIGNMENT (  '', '', ( #2980 ) ) ;
#3868 =( LENGTH_UNIT ( ) NAMED_UNIT ( * ) SI_UNIT ( .MILLI., .METRE. ) );
#3869 = FILL_AREA_STYLE_COLOUR ( '', #4953 ) ;
#3870 = DIRECTION ( 'NONE',  ( 0.0000000000000000000, 0.0000000000000000000, 1.000000000000000000 ) ) ;
#3871 = EDGE_CURVE ( 'NONE', #3865, #2414, #7914, .T. ) ;
#3872 =( LENGTH_UNIT ( ) NAMED_UNIT ( * ) SI_UNIT ( .MILLI., .METRE. ) );
#3873 = DIRECTION ( 'NONE',  ( 0.0000000000000000000, 0.0000000000000000000, 1.000000000000000000 ) ) ;
#3874 = DIRECTION ( 'NONE',  ( 0.0000000000000000000, 0.0000000000000000000, 1.000000000000000000 ) ) ;
#3875 = CYLINDRICAL_SURFACE ( 'NONE', #3071, 0.1270000000000008600 ) ;
#3876 = EDGE_LOOP ( 'NONE', ( #364, #607, #229, #6631 ) ) ;
#3877 = FILL_AREA_STYLE_COLOUR ( '', #1427 ) ;
#3878 = SURFACE_STYLE_FILL_AREA ( #4613 ) ;
#3879 = EDGE_CURVE ( 'NONE', #3925, #1962, #4603, .T. ) ;
#3880 =( LENGTH_UNIT ( ) NAMED_UNIT ( * ) SI_UNIT ( .MILLI., .METRE. ) );
#3881 = MECHANICAL_DESIGN_GEOMETRIC_PRESENTATION_REPRESENTATION (  '', ( #2995 ), #4344 ) ;
#3882 = PRODUCT_RELATED_PRODUCT_CATEGORY ( 'part', '', ( #393 ) ) ;
#3883 = DIRECTION ( 'NONE',  ( 0.0000000000000000000, -3.414809992080329100E-015, -1.000000000000000000 ) ) ;
#3884 = VECTOR ( 'NONE', #7216, 1000.000000000000000 ) ;
#3885 = VERTEX_POINT ( 'NONE', #4204 ) ;
#3886 = CARTESIAN_POINT ( 'NONE',  ( -0.4249999999999998200, 1.500000000000000000, 0.5635000000000020000 ) ) ;
#3887 = MANIFOLD_SOLID_BREP ( 'Lead8', #3453 ) ;
#3888 = AXIS2_PLACEMENT_3D ( 'NONE', #4356, #6977, #2357 ) ;
#3889 = COLOUR_RGB ( '',1.000000000000000000, 1.000000000000000000, 1.000000000000000000 ) ;
#3890 = DIRECTION ( 'NONE',  ( 1.000000000000000000, 0.0000000000000000000, 0.0000000000000000000 ) ) ;
#3891 =( LENGTH_UNIT ( ) NAMED_UNIT ( * ) SI_UNIT ( .MILLI., .METRE. ) );
#3892 = STYLED_ITEM ( 'NONE', ( #2699 ), #4732 ) ;
#3893 = VECTOR ( 'NONE', #1595, 1000.000000000000000 ) ;
#3894 =( NAMED_UNIT ( * ) SI_UNIT ( $, .STERADIAN. ) SOLID_ANGLE_UNIT ( ) );
#3895 = COLOUR_RGB ( '',1.000000000000000000, 1.000000000000000000, 1.000000000000000000 ) ;
#3896 = SURFACE_SIDE_STYLE ('',( #625 ) ) ;
#3897 =( LENGTH_UNIT ( ) NAMED_UNIT ( * ) SI_UNIT ( .MILLI., .METRE. ) );
#3898 = ADVANCED_FACE ( 'NONE', ( #4408 ), #6208, .F. ) ;
#3899 = CARTESIAN_POINT ( 'NONE',  ( 1.800000000000000000, -1.299999999999999800, 0.6999999999999997300 ) ) ;
#3900 = VERTEX_POINT ( 'NONE', #300 ) ;
#3901 = ORIENTED_EDGE ( 'NONE', *, *, #3483, .F. ) ;
#3902 = DIRECTION ( 'NONE',  ( -0.0000000000000000000, 0.0000000000000000000, -1.000000000000000000 ) ) ;
#3903 = PRESENTATION_STYLE_ASSIGNMENT (( #4972 ) ) ;
#3904 = PRESENTATION_STYLE_ASSIGNMENT (( #1968 ) ) ;
#3905 = COLOUR_RGB ( '',1.000000000000000000, 1.000000000000000000, 1.000000000000000000 ) ;
#3906 = ORIENTED_EDGE ( 'NONE', *, *, #6974, .F. ) ;
#3907 = STYLED_ITEM ( 'NONE', ( #1103 ), #1226 ) ;
#3908 = CARTESIAN_POINT ( 'NONE',  ( 0.3750000000000001100, 2.000000000000000000, 0.1270000000000002500 ) ) ;
#3909 = VERTEX_POINT ( 'NONE', #5588 ) ;
#3910 = EDGE_CURVE ( 'NONE', #7502, #5199, #6673, .T. ) ;
#3911 = SURFACE_SIDE_STYLE ('',( #6391 ) ) ;
#3912 = COLOUR_RGB ( '',1.000000000000000000, 1.000000000000000000, 1.000000000000000000 ) ;
#3913 = ADVANCED_FACE ( 'NONE', ( #3139 ), #8216, .T. ) ;
#3914 = LINE ( 'NONE', #1101, #7436 ) ;
#3915 = ORIENTED_EDGE ( 'NONE', *, *, #5486, .F. ) ;
#3916 = FILL_AREA_STYLE ('',( #7208 ) ) ;
#3917 = SURFACE_STYLE_USAGE ( .BOTH. , #3731 ) ;
#3918 = AXIS2_PLACEMENT_3D ( 'NONE', #6701, #2728, #7349 ) ;
#3919 = LINE ( 'NONE', #3818, #2159 ) ;
#3920 = AXIS2_PLACEMENT_3D ( 'NONE', #5881, #6036, #7001 ) ;
#3921 = CARTESIAN_POINT ( 'NONE',  ( -0.4249999999999998200, 2.000000000000000000, 2.439454888092385000E-016 ) ) ;
#3922 = DIRECTION ( 'NONE',  ( 0.0000000000000000000, -2.168404344971013200E-015, -1.000000000000000000 ) ) ;
#3923 = LINE ( 'NONE', #4878, #8069 ) ;
#3924 = CIRCLE ( 'NONE', #5473, 0.1269999999999999500 ) ;
#3925 = VERTEX_POINT ( 'NONE', #3613 ) ;
#3926 = EDGE_CURVE ( 'NONE', #7756, #6122, #8439, .T. ) ;
#3927 = DIRECTION ( 'NONE',  ( 0.0000000000000000000, -3.414809992080329100E-015, -1.000000000000000000 ) ) ;
#3928 = SURFACE_STYLE_USAGE ( .BOTH. , #6398 ) ;
#3929 = UNCERTAINTY_MEASURE_WITH_UNIT (LENGTH_MEASURE( 1.000000000000000100E-005 ), #1040, 'distance_accuracy_value', 'NONE');
#3930 = ORIENTED_EDGE ( 'NONE', *, *, #2700, .T. ) ;
#3931 = DIRECTION ( 'NONE',  ( 0.0000000000000000000, 0.0000000000000000000, 1.000000000000000000 ) ) ;
#3932 = CARTESIAN_POINT ( 'NONE',  ( 0.5750000000000001800, 1.500000000000000000, 0.5635000000000020000 ) ) ;
#3933 = EDGE_CURVE ( 'NONE', #4336, #3395, #4914, .T. ) ;
#3934 = DIRECTION ( 'NONE',  ( 0.0000000000000000000, 0.1038294617367628800, -0.9945951150470496700 ) ) ;
#3935 = STYLED_ITEM ( 'NONE', ( #6579 ), #3290 ) ;
#3936 = AXIS2_PLACEMENT_3D ( 'NONE', #7628, #3661, #8296 ) ;
#3937 = ORIENTED_EDGE ( 'NONE', *, *, #2984, .T. ) ;
#3938 = ORIENTED_EDGE ( 'NONE', *, *, #1704, .T. ) ;
#3939 = FACE_OUTER_BOUND ( 'NONE', #2255, .T. ) ;
#3940 = CARTESIAN_POINT ( 'NONE',  ( 2.125000000000000000, 1.500000000000000000, 0.5635000000000000000 ) ) ;
#3941 = CARTESIAN_POINT ( 'NONE',  ( -0.4249999999999998200, 1.676313579610975200, 0.4496863416405709200 ) ) ;
#3942 = FILL_AREA_STYLE_COLOUR ( '', #1740 ) ;
#3943 = VECTOR ( 'NONE', #8280, 1000.000000000000000 ) ;
#3944 = PLANE ( 'NONE',  #7175 ) ;
#3945 = CARTESIAN_POINT ( 'NONE',  ( -1.424999999999999800, -1.583686420389025100, 0.1138136583594313900 ) ) ;
#3946 = ADVANCED_FACE ( 'NONE', ( #1217 ), #7585, .F. ) ;
#3947 = VECTOR ( 'NONE', #8387, 1000.000000000000200 ) ;
#3948 = ORIENTED_EDGE ( 'NONE', *, *, #2025, .T. ) ;
#3949 = EDGE_CURVE ( 'NONE', #4011, #4022, #609, .T. ) ;
#3950 = AXIS2_PLACEMENT_3D ( 'NONE', #1357, #5964, #1991 ) ;
#3951 = CARTESIAN_POINT ( 'NONE',  ( -0.9249999999999998200, -1.710000000000000200, 2.710505431213761100E-016 ) ) ;
#3952 = SURFACE_STYLE_USAGE ( .BOTH. , #5071 ) ;
#3953 = CARTESIAN_POINT ( 'NONE',  ( 0.5750000000000001800, -1.583686420389025100, 0.1138136583594313900 ) ) ;
#3954 = DIRECTION ( 'NONE',  ( 0.0000000000000000000, -0.9945951150470497800, 0.1038294617367628200 ) ) ;
#3955 = DIRECTION ( 'NONE',  ( 0.0000000000000000000, 1.000000000000000000, -3.686287386450737200E-014 ) ) ;
#3956 = SURFACE_STYLE_USAGE ( .BOTH. , #7927 ) ;
#3957 = EDGE_LOOP ( 'NONE', ( #4990, #4188, #6866, #4555 ) ) ;
#3958 = MECHANICAL_DESIGN_GEOMETRIC_PRESENTATION_REPRESENTATION (  '', ( #2631 ), #4421 ) ;
#3959 =( NAMED_UNIT ( * ) PLANE_ANGLE_UNIT ( ) SI_UNIT ( $, .RADIAN. ) );
#3960 = CARTESIAN_POINT ( 'NONE',  ( 0.5750000000000001800, 1.500000000000000000, 0.5635000000000020000 ) ) ;
#3961 = MECHANICAL_DESIGN_GEOMETRIC_PRESENTATION_REPRESENTATION (  '', ( #2181 ), #4423 ) ;
#3962 = VECTOR ( 'NONE', #17, 1000.000000000000000 ) ;
#3963 = CARTESIAN_POINT ( 'NONE',  ( -0.4249999999999998200, -1.500000000000000400, 0.4365000000000020500 ) ) ;
#3964 = ORIENTED_EDGE ( 'NONE', *, *, #1003, .F. ) ;
#3965 = EDGE_CURVE ( 'NONE', #7384, #4656, #2322, .T. ) ;
#3966 = CARTESIAN_POINT ( 'NONE',  ( 0.07500000000000019200, 1.710000000000000200, 2.710505431213761100E-016 ) ) ;
#3967 = CARTESIAN_POINT ( 'NONE',  ( -0.4249999999999998200, 2.000000000000000000, 2.439454888092385000E-016 ) ) ;
#3968 = ORIENTED_EDGE ( 'NONE', *, *, #6908, .F. ) ;
#3969 = CARTESIAN_POINT ( 'NONE',  ( -0.9249999999999998200, -2.000000000000000000, 2.439454888092385000E-016 ) ) ;
#3970 = DIRECTION ( 'NONE',  ( 0.0000000000000000000, 0.0000000000000000000, 1.000000000000000000 ) ) ;
#3971 = PRESENTATION_LAYER_ASSIGNMENT (  '', '', ( #4866 ) ) ;
#3972 = AXIS2_PLACEMENT_3D ( 'NONE', #4926, #5583, #6914 ) ;
#3973 =( NAMED_UNIT ( * ) SI_UNIT ( $, .STERADIAN. ) SOLID_ANGLE_UNIT ( ) );
#3974 = EDGE_CURVE ( 'NONE', #977, #5603, #5634, .T. ) ;
#3975 = ORIENTED_EDGE ( 'NONE', *, *, #5950, .T. ) ;
#3976 = VECTOR ( 'NONE', #941, 1000.000000000000000 ) ;
#3977 = FACE_OUTER_BOUND ( 'NONE', #30, .T. ) ;
#3978 = CARTESIAN_POINT ( 'NONE',  ( -1.800000000000000000, -1.499999999999999800, 0.8999999999999998000 ) ) ;
#3979 = FACE_OUTER_BOUND ( 'NONE', #6625, .T. ) ;
#3980 = DIRECTION ( 'NONE',  ( 1.000000000000000000, 0.0000000000000000000, 0.0000000000000000000 ) ) ;
#3981 = DIRECTION ( 'NONE',  ( -0.0000000000000000000, 0.1038294617367628000, -0.9945951150470496700 ) ) ;
#3982 = SURFACE_STYLE_FILL_AREA ( #7788 ) ;
#3983 = VECTOR ( 'NONE', #153, 1000.000000000000000 ) ;
#3984 = CARTESIAN_POINT ( 'NONE',  ( 0.3750000000000001100, 1.550000000000000300, 0.4365000000000001100 ) ) ;
#3985 =( NAMED_UNIT ( * ) SI_UNIT ( $, .STERADIAN. ) SOLID_ANGLE_UNIT ( ) );
#3986 = ORIENTED_EDGE ( 'NONE', *, *, #8537, .F. ) ;
#3987 = DIRECTION ( 'NONE',  ( 0.0000000000000000000, -1.000000000000000000, -3.686287386450737200E-014 ) ) ;
#3988 = ADVANCED_FACE ( 'NONE', ( #3858 ), #1739, .F. ) ;
#3989 = FILL_AREA_STYLE_COLOUR ( '', #5111 ) ;
#3990 = PRESENTATION_STYLE_ASSIGNMENT (( #5976 ) ) ;
#3991 = DIRECTION ( 'NONE',  ( 0.0000000000000000000, 1.000000000000000000, -3.686287386450737200E-014 ) ) ;
#3992 = CARTESIAN_POINT ( 'NONE',  ( 1.375000000000000200, -2.000000000000000000, 2.439454888092385000E-016 ) ) ;
#3993 = VECTOR ( 'NONE', #6858, 1000.000000000000000 ) ;
#3994 = EDGE_CURVE ( 'NONE', #2407, #7766, #6554, .T. ) ;
#3995 = SURFACE_STYLE_FILL_AREA ( #468 ) ;
#3996 = DIRECTION ( 'NONE',  ( 0.0000000000000000000, 0.0000000000000000000, 1.000000000000000000 ) ) ;
#3997 = PRESENTATION_LAYER_ASSIGNMENT (  '', '', ( #3107 ) ) ;
#3998 = MANIFOLD_SOLID_BREP ( 'Lead11', #3110 ) ;
#3999 = PRESENTATION_STYLE_ASSIGNMENT (( #2043 ) ) ;
#4000 = COLOUR_RGB ( '',1.000000000000000000, 1.000000000000000000, 1.000000000000000000 ) ;
#4001 = VECTOR ( 'NONE', #4050, 1000.000000000000000 ) ;
#4002 =( LENGTH_UNIT ( ) NAMED_UNIT ( * ) SI_UNIT ( .MILLI., .METRE. ) );
#4003 = COLOUR_RGB ( '',1.000000000000000000, 1.000000000000000000, 1.000000000000000000 ) ;
#4004 = SURFACE_SIDE_STYLE ('',( #7717 ) ) ;
#4005 = CARTESIAN_POINT ( 'NONE',  ( 1.800000000000000000, -1.299999999999999800, 0.3000000000000000400 ) ) ;
#4006 = AXIS2_PLACEMENT_3D ( 'NONE', #2865, #7506, #3534 ) ;
#4007 = VERTEX_POINT ( 'NONE', #6367 ) ;
#4008 = DIRECTION ( 'NONE',  ( -1.000000000000000000, -0.0000000000000000000, 0.0000000000000000000 ) ) ;
#4009 = ORIENTED_EDGE ( 'NONE', *, *, #897, .F. ) ;
#4010 = LINE ( 'NONE', #3120, #7311 ) ;
#4011 = VERTEX_POINT ( 'NONE', #8304 ) ;
#4012 = DIRECTION ( 'NONE',  ( 0.0000000000000000000, -0.9945951150470497800, -0.1038294617367629000 ) ) ;
#4013 = LINE ( 'NONE', #5789, #2253 ) ;
#4014 = VERTEX_POINT ( 'NONE', #5706 ) ;
#4015 = SURFACE_SIDE_STYLE ('',( #1142 ) ) ;
#4016 = SURFACE_STYLE_USAGE ( .BOTH. , #8126 ) ;
#4017 = PRESENTATION_STYLE_ASSIGNMENT (( #5954 ) ) ;
#4018 = LINE ( 'NONE', #5555, #7321 ) ;
#4019 =( GEOMETRIC_REPRESENTATION_CONTEXT ( 3 ) GLOBAL_UNCERTAINTY_ASSIGNED_CONTEXT ( ( #5320 ) ) GLOBAL_UNIT_ASSIGNED_CONTEXT ( ( #1026, #5608, #1678 ) ) REPRESENTATION_CONTEXT ( 'NONE', 'WORKASPACE' ) );
#4020 = PRESENTATION_LAYER_ASSIGNMENT (  '', '', ( #3133 ) ) ;
#4021 = SPHERICAL_SURFACE ( 'NONE', #3972, 0.2000000000000000100 ) ;
#4022 = VERTEX_POINT ( 'NONE', #1786 ) ;
#4023 = UNCERTAINTY_MEASURE_WITH_UNIT (LENGTH_MEASURE( 1.000000000000000100E-005 ), #839, 'distance_accuracy_value', 'NONE');
#4024 = CARTESIAN_POINT ( 'NONE',  ( -0.4249999999999998200, -1.710000000000000200, 0.1270000000000002500 ) ) ;
#4025 = EDGE_CURVE ( 'NONE', #6924, #6913, #4185, .T. ) ;
#4026 = PLANE ( 'NONE',  #3918 ) ;
#4027 = LINE ( 'NONE', #3732, #2269 ) ;
#4028 = CARTESIAN_POINT ( 'NONE',  ( 1.575000000000000200, -1.676313579610975200, 0.4496863416405709200 ) ) ;
#4029 = ADVANCED_FACE ( 'NONE', ( #2420 ), #5735, .F. ) ;
#4030 = VECTOR ( 'NONE', #3320, 1000.000000000000000 ) ;
#4031 = ORIENTED_EDGE ( 'NONE', *, *, #205, .T. ) ;
#4032 = PRESENTATION_LAYER_ASSIGNMENT (  '', '', ( #3585 ) ) ;
#4033 = UNCERTAINTY_MEASURE_WITH_UNIT (LENGTH_MEASURE( 1.000000000000000100E-005 ), #5592, 'distance_accuracy_value', 'NONE');
#4034 = ORIENTED_EDGE ( 'NONE', *, *, #7046, .F. ) ;
#4035 = PRESENTATION_LAYER_ASSIGNMENT (  '', '', ( #3588 ) ) ;
#4036 = VECTOR ( 'NONE', #1497, 1000.000000000000000 ) ;
#4037 =( LENGTH_UNIT ( ) NAMED_UNIT ( * ) SI_UNIT ( .MILLI., .METRE. ) );
#4038 = CARTESIAN_POINT ( 'NONE',  ( 0.8750000000000001100, -1.710000000000000200, 0.1270000000000002500 ) ) ;
#4039 = EDGE_CURVE ( 'NONE', #479, #6855, #5321, .T. ) ;
#4040 = FILL_AREA_STYLE_COLOUR ( '', #5531 ) ;
#4041 = CARTESIAN_POINT ( 'NONE',  ( -0.1249999999999998900, 1.710000000000000200, 2.710505431213761100E-016 ) ) ;
#4042 = CYLINDRICAL_SURFACE ( 'NONE', #6262, 0.1270000000000008600 ) ;
#4043 = ORIENTED_EDGE ( 'NONE', *, *, #6612, .F. ) ;
#4044 =( LENGTH_UNIT ( ) NAMED_UNIT ( * ) SI_UNIT ( .MILLI., .METRE. ) );
#4045 = EDGE_LOOP ( 'NONE', ( #4551, #8203, #114, #4141 ) ) ;
#4046 = FILL_AREA_STYLE ('',( #3869 ) ) ;
#4047 = ORIENTED_EDGE ( 'NONE', *, *, #1685, .T. ) ;
#4048 = VERTEX_POINT ( 'NONE', #5128 ) ;
#4049 = DIRECTION ( 'NONE',  ( -0.0000000000000000000, 1.000000000000000000, 3.414809992080329100E-015 ) ) ;
#4050 = DIRECTION ( 'NONE',  ( -1.000000000000000000, 0.0000000000000000000, -0.0000000000000000000 ) ) ;
#4051 = EDGE_CURVE ( 'NONE', #3791, #4877, #6861, .T. ) ;
#4052 = DIRECTION ( 'NONE',  ( -1.000000000000000000, -0.0000000000000000000, 0.0000000000000000000 ) ) ;
#4053 = MECHANICAL_DESIGN_GEOMETRIC_PRESENTATION_REPRESENTATION (  '', ( #2719 ), #4507 ) ;
#4054 = FACE_OUTER_BOUND ( 'NONE', #1758, .T. ) ;
#4055 = ORIENTED_EDGE ( 'NONE', *, *, #1250, .T. ) ;
#4056 = DIRECTION ( 'NONE',  ( 0.0000000000000000000, -3.414809992080329100E-015, -1.000000000000000000 ) ) ;
#4057 = ORIENTED_EDGE ( 'NONE', *, *, #5536, .F. ) ;
#4058 = ORIENTED_EDGE ( 'NONE', *, *, #4659, .T. ) ;
#4059 = CIRCLE ( 'NONE', #4480, 0.2000000000000000900 ) ;
#4060 = SURFACE_STYLE_USAGE ( .BOTH. , #8023 ) ;
#4061 = CARTESIAN_POINT ( 'NONE',  ( 0.07500000000000019200, -1.583686420389025100, 0.1138136583594313900 ) ) ;
#4062 = DIRECTION ( 'NONE',  ( -1.000000000000000000, -0.0000000000000000000, -0.0000000000000000000 ) ) ;
#4063 = STYLED_ITEM ( 'NONE', ( #1554 ), #3 ) ;
#4064 = ORIENTED_EDGE ( 'NONE', *, *, #4562, .T. ) ;
#4065 = ORIENTED_EDGE ( 'NONE', *, *, #5113, .F. ) ;
#4066 = PRESENTATION_LAYER_ASSIGNMENT (  '', '', ( #3614 ) ) ;
#4067 = ORIENTED_EDGE ( 'NONE', *, *, #3075, .T. ) ;
#4068 = LINE ( 'NONE', #805, #7376 ) ;
#4069 = LINE ( 'NONE', #2196, #5419 ) ;
#4070 = ORIENTED_EDGE ( 'NONE', *, *, #6487, .F. ) ;
#4071 = CARTESIAN_POINT ( 'NONE',  ( 1.575000000000000200, -1.500000000000000400, 0.4365000000000020500 ) ) ;
#4072 = DIRECTION ( 'NONE',  ( -1.000000000000000000, 0.0000000000000000000, -0.0000000000000000000 ) ) ;
#4073 = ORIENTED_EDGE ( 'NONE', *, *, #4214, .T. ) ;
#4074 = CARTESIAN_POINT ( 'NONE',  ( -1.424999999999999800, -2.000000000000000000, 0.1270000000000002500 ) ) ;
#4075 = ORIENTED_EDGE ( 'NONE', *, *, #7709, .T. ) ;
#4076 = SPHERICAL_SURFACE ( 'NONE', #4081, 0.2000000000000000100 ) ;
#4077 = VERTEX_POINT ( 'NONE', #6441 ) ;
#4078 = VERTEX_POINT ( 'NONE', #5794 ) ;
#4079 = VERTEX_POINT ( 'NONE', #7100 ) ;
#4080 = CARTESIAN_POINT ( 'NONE',  ( 0.5750000000000001800, -1.500000000000000400, 0.4365000000000020500 ) ) ;
#4081 = AXIS2_PLACEMENT_3D ( 'NONE', #578, #7782, #1222 ) ;
#4082 = VECTOR ( 'NONE', #1659, 1000.000000000000000 ) ;
#4083 = ADVANCED_FACE ( 'NONE', ( #75 ), #1012, .T. ) ;
#4084 = FILL_AREA_STYLE ('',( #7374 ) ) ;
#4085 = AXIS2_PLACEMENT_3D ( 'NONE', #526, #6396, #5118 ) ;
#4086 = FILL_AREA_STYLE ('',( #811 ) ) ;
#4087 = VECTOR ( 'NONE', #8321, 1000.000000000000000 ) ;
#4088 = EDGE_CURVE ( 'NONE', #2986, #2317, #4494, .T. ) ;
#4089 = FILL_AREA_STYLE_COLOUR ( '', #7807 ) ;
#4090 = SURFACE_SIDE_STYLE ('',( #3172 ) ) ;
#4091 = PRESENTATION_STYLE_ASSIGNMENT (( #3470 ) ) ;
#4092 = FILL_AREA_STYLE_COLOUR ( '', #1425 ) ;
#4093 = UNCERTAINTY_MEASURE_WITH_UNIT (LENGTH_MEASURE( 1.000000000000000100E-005 ), #2254, 'distance_accuracy_value', 'NONE');
#4094 =( NAMED_UNIT ( * ) PLANE_ANGLE_UNIT ( ) SI_UNIT ( $, .RADIAN. ) );
#4095 = STYLED_ITEM ( 'NONE', ( #4017 ), #7178 ) ;
#4096 = ORIENTED_EDGE ( 'NONE', *, *, #7423, .F. ) ;
#4097 = LINE ( 'NONE', #635, #2331 ) ;
#4098 = ORIENTED_EDGE ( 'NONE', *, *, #167, .F. ) ;
#4099 = PRESENTATION_LAYER_ASSIGNMENT (  '', '', ( #3636 ) ) ;
#4100 = CYLINDRICAL_SURFACE ( 'NONE', #3759, 0.1269999999999999500 ) ;
#4101 = FILL_AREA_STYLE ('',( #822 ) ) ;
#4102 = DIRECTION ( 'NONE',  ( -1.000000000000000000, -0.0000000000000000000, -0.0000000000000000000 ) ) ;
#4103 = EDGE_CURVE ( 'NONE', #5420, #1004, #3546, .T. ) ;
#4104 = ORIENTED_EDGE ( 'NONE', *, *, #2010, .F. ) ;
#4105 = COLOUR_RGB ( '',1.000000000000000000, 1.000000000000000000, 1.000000000000000000 ) ;
#4106 = FILL_AREA_STYLE ('',( #831 ) ) ;
#4107 = PRESENTATION_STYLE_ASSIGNMENT (( #1099 ) ) ;
#4108 = FILL_AREA_STYLE ('',( #4776 ) ) ;
#4109 = STYLED_ITEM ( 'NONE', ( #5547 ), #3164 ) ;
#4110 = FACE_OUTER_BOUND ( 'NONE', #47, .T. ) ;
#4111 = CARTESIAN_POINT ( 'NONE',  ( 1.375000000000000200, 2.000000000000000000, 0.1270000000000002500 ) ) ;
#4112 = PRESENTATION_LAYER_ASSIGNMENT (  '', '', ( #3652 ) ) ;
#4113 =( LENGTH_UNIT ( ) NAMED_UNIT ( * ) SI_UNIT ( .MILLI., .METRE. ) );
#4114 = VECTOR ( 'NONE', #3586, 1000.000000000000000 ) ;
#4115 = EDGE_LOOP ( 'NONE', ( #5834, #98, #5454, #8081 ) ) ;
#4116 = CARTESIAN_POINT ( 'NONE',  ( -0.9249999999999998200, -1.676313579610975200, 0.4496863416405709200 ) ) ;
#4117 = FACE_OUTER_BOUND ( 'NONE', #3202, .T. ) ;
#4118 = DIRECTION ( 'NONE',  ( -1.000000000000000000, 0.0000000000000000000, -0.0000000000000000000 ) ) ;
#4119 = VECTOR ( 'NONE', #6773, 1000.000000000000000 ) ;
#4120 = DIRECTION ( 'NONE',  ( -0.0000000000000000000, -0.0000000000000000000, 1.000000000000000000 ) ) ;
#4121 = UNCERTAINTY_MEASURE_WITH_UNIT (LENGTH_MEASURE( 1.000000000000000100E-005 ), #6693, 'distance_accuracy_value', 'NONE');
#4122 = EDGE_CURVE ( 'NONE', #4048, #6832, #7794, .T. ) ;
#4123 = EDGE_LOOP ( 'NONE', ( #5112, #7939, #5086, #4595 ) ) ;
#4124 = DIRECTION ( 'NONE',  ( -0.0000000000000000000, 1.000000000000000000, 3.414809992080329100E-015 ) ) ;
#4125 = STYLED_ITEM ( 'NONE', ( #813 ), #4129 ) ;
#4126 = CARTESIAN_POINT ( 'NONE',  ( -0.4249999999999998200, -1.500000000000000000, 0.5635000000000020000 ) ) ;
#4127 = CIRCLE ( 'NONE', #5653, 0.1269999999999999500 ) ;
#4128 = DIRECTION ( 'NONE',  ( -0.0000000000000000000, 1.000000000000000000, 3.414809992080329100E-015 ) ) ;
#4129 = ADVANCED_FACE ( 'NONE', ( #2722 ), #6967, .T. ) ;
#4130 = VECTOR ( 'NONE', #3257, 1000.000000000000000 ) ;
#4131 = VERTEX_POINT ( 'NONE', #5880 ) ;
#4132 = FACE_OUTER_BOUND ( 'NONE', #2526, .T. ) ;
#4133 = VECTOR ( 'NONE', #3671, 1000.000000000000000 ) ;
#4134 = MECHANICAL_DESIGN_GEOMETRIC_PRESENTATION_REPRESENTATION (  '', ( #2798 ), #4576 ) ;
#4135 = VECTOR ( 'NONE', #6994, 1000.000000000000000 ) ;
#4136 = ORIENTED_EDGE ( 'NONE', *, *, #7774, .T. ) ;
#4137 = CARTESIAN_POINT ( 'NONE',  ( 0.3750000000000001100, -1.710000000000000200, 0.1270000000000002500 ) ) ;
#4138 = PLANE ( 'NONE',  #2202 ) ;
#4139 = PRESENTATION_LAYER_ASSIGNMENT (  '', '', ( #3677 ) ) ;
#4140 = ORIENTED_EDGE ( 'NONE', *, *, #3057, .T. ) ;
#4141 = ORIENTED_EDGE ( 'NONE', *, *, #6722, .F. ) ;
#4142 = FILL_AREA_STYLE_COLOUR ( '', #6756 ) ;
#4143 = CARTESIAN_POINT ( 'NONE',  ( 1.375000000000000200, 1.500000000000000400, 0.4365000000000020500 ) ) ;
#4144 = DIRECTION ( 'NONE',  ( 0.0000000000000000000, 1.000000000000000000, -1.084202172485504200E-015 ) ) ;
#4145 = VERTEX_POINT ( 'NONE', #1277 ) ;
#4146 = UNCERTAINTY_MEASURE_WITH_UNIT (LENGTH_MEASURE( 1.000000000000000100E-005 ), #1465, 'distance_accuracy_value', 'NONE');
#4147 = DIRECTION ( 'NONE',  ( 0.0000000000000000000, 0.0000000000000000000, -1.000000000000000000 ) ) ;
#4148 = MECHANICAL_DESIGN_GEOMETRIC_PRESENTATION_REPRESENTATION (  '', ( #1512 ), #4587 ) ;
#4149 = ORIENTED_EDGE ( 'NONE', *, *, #4154, .F. ) ;
#4150 = FACE_OUTER_BOUND ( 'NONE', #2620, .T. ) ;
#4151 = MECHANICAL_DESIGN_GEOMETRIC_PRESENTATION_REPRESENTATION (  '', ( #2809 ), #4590 ) ;
#4152 =( NAMED_UNIT ( * ) PLANE_ANGLE_UNIT ( ) SI_UNIT ( $, .RADIAN. ) );
#4153 = VECTOR ( 'NONE', #3838, 1000.000000000000000 ) ;
#4154 = EDGE_CURVE ( 'NONE', #6883, #7756, #1896, .T. ) ;
#4155 = ORIENTED_EDGE ( 'NONE', *, *, #6379, .T. ) ;
#4156 = ORIENTED_EDGE ( 'NONE', *, *, #1943, .T. ) ;
#4157 =( NAMED_UNIT ( * ) SI_UNIT ( $, .STERADIAN. ) SOLID_ANGLE_UNIT ( ) );
#4158 = SURFACE_STYLE_FILL_AREA ( #7323 ) ;
#4159 = DIRECTION ( 'NONE',  ( -1.000000000000000000, 0.0000000000000000000, -0.0000000000000000000 ) ) ;
#4160 = VECTOR ( 'NONE', #5721, 1000.000000000000000 ) ;
#4161 = LINE ( 'NONE', #7616, #2176 ) ;
#4162 =( GEOMETRIC_REPRESENTATION_CONTEXT ( 3 ) GLOBAL_UNCERTAINTY_ASSIGNED_CONTEXT ( ( #3751 ) ) GLOBAL_UNIT_ASSIGNED_CONTEXT ( ( #7694, #3366, #3460 ) ) REPRESENTATION_CONTEXT ( 'NONE', 'WORKASPACE' ) );
#4163 = CARTESIAN_POINT ( 'NONE',  ( 0.5750000000000001800, 1.550000000000000000, 0.5635000000000010000 ) ) ;
#4164 = CIRCLE ( 'NONE', #8021, 0.1270000000000008600 ) ;
#4165 = DIRECTION ( 'NONE',  ( 0.0000000000000000000, 0.0000000000000000000, -1.000000000000000000 ) ) ;
#4166 = EDGE_CURVE ( 'NONE', #870, #3836, #3647, .T. ) ;
#4167 = FILL_AREA_STYLE ('',( #5487 ) ) ;
#4168 = COLOUR_RGB ( '',1.000000000000000000, 1.000000000000000000, 1.000000000000000000 ) ;
#4169 = CARTESIAN_POINT ( 'NONE',  ( -0.4249999999999998200, 1.550000000000000000, 0.5635000000000010000 ) ) ;
#4170 = ADVANCED_FACE ( 'NONE', ( #8526 ), #8540, .T. ) ;
#4171 = ORIENTED_EDGE ( 'NONE', *, *, #2906, .F. ) ;
#4172 = PRESENTATION_STYLE_ASSIGNMENT (( #2832 ) ) ;
#4173 = EDGE_LOOP ( 'NONE', ( #6623, #3084, #4481, #3342 ) ) ;
#4174 = EDGE_CURVE ( 'NONE', #677, #7043, #1097, .T. ) ;
#4175 = PLANE ( 'NONE',  #926 ) ;
#4176 = AXIS2_PLACEMENT_3D ( 'NONE', #1457, #6071, #2081 ) ;
#4177 = PLANE ( 'NONE',  #7367 ) ;
#4178 = VECTOR ( 'NONE', #6018, 1000.000000000000000 ) ;
#4179 =( LENGTH_UNIT ( ) NAMED_UNIT ( * ) SI_UNIT ( .MILLI., .METRE. ) );
#4180 = LINE ( 'NONE', #4605, #3962 ) ;
#4181 = ORIENTED_EDGE ( 'NONE', *, *, #1296, .F. ) ;
#4182 = SURFACE_STYLE_USAGE ( .BOTH. , #8134 ) ;
#4183 = ORIENTED_EDGE ( 'NONE', *, *, #6365, .T. ) ;
#4184 = DIRECTION ( 'NONE',  ( -0.0000000000000000000, 1.000000000000000000, -0.0000000000000000000 ) ) ;
#4185 = CIRCLE ( 'NONE', #7820, 0.1999999999999999800 ) ;
#4186 = MECHANICAL_DESIGN_GEOMETRIC_PRESENTATION_REPRESENTATION (  '', ( #2403 ), #4618 ) ;
#4187 = PRESENTATION_LAYER_ASSIGNMENT (  '', '', ( #3282 ) ) ;
#4188 = ORIENTED_EDGE ( 'NONE', *, *, #8489, .F. ) ;
#4189 = FILL_AREA_STYLE_COLOUR ( '', #4552 ) ;
#4190 = VERTEX_POINT ( 'NONE', #1328 ) ;
#4191 =( NAMED_UNIT ( * ) PLANE_ANGLE_UNIT ( ) SI_UNIT ( $, .RADIAN. ) );
#4192 = ORIENTED_EDGE ( 'NONE', *, *, #1996, .F. ) ;
#4193 = AXIS2_PLACEMENT_3D ( 'NONE', #5465, #1535, #6145 ) ;
#4194 = CARTESIAN_POINT ( 'NONE',  ( -1.424999999999999800, 2.000000000000000000, 0.1270000000000002500 ) ) ;
#4195 = FACE_OUTER_BOUND ( 'NONE', #2352, .T. ) ;
#4196 = SURFACE_STYLE_USAGE ( .BOTH. , #8150 ) ;
#4197 = MECHANICAL_DESIGN_GEOMETRIC_PRESENTATION_REPRESENTATION (  '', ( #3296 ), #4632 ) ;
#4198 = VECTOR ( 'NONE', #1399, 1000.000000000000000 ) ;
#4199 = CARTESIAN_POINT ( 'NONE',  ( -1.125000000000000000, 1.500000000000000000, 0.5635000000000020000 ) ) ;
#4200 = UNCERTAINTY_MEASURE_WITH_UNIT (LENGTH_MEASURE( 1.000000000000000100E-005 ), #6675, 'distance_accuracy_value', 'NONE');
#4201 = EDGE_CURVE ( 'NONE', #7309, #2803, #4389, .T. ) ;
#4202 = VECTOR ( 'NONE', #6390, 1000.000000000000000 ) ;
#4203 = LINE ( 'NONE', #4024, #5758 ) ;
#4204 = CARTESIAN_POINT ( 'NONE',  ( -1.424999999999999800, -1.550000000000000000, 0.5635000000000010000 ) ) ;
#4205 = FACE_OUTER_BOUND ( 'NONE', #7450, .T. ) ;
#4206 = CARTESIAN_POINT ( 'NONE',  ( 1.575000000000000200, 1.710000000000000200, 0.1270000000000002500 ) ) ;
#4207 = MECHANICAL_DESIGN_GEOMETRIC_PRESENTATION_REPRESENTATION (  '', ( #2862 ), #4641 ) ;
#4208 = PRESENTATION_LAYER_ASSIGNMENT (  '', '', ( #3309 ) ) ;
#4209 = ADVANCED_FACE ( 'NONE', ( #7891 ), #7241, .F. ) ;
#4210 = ORIENTED_EDGE ( 'NONE', *, *, #3148, .F. ) ;
#4211 = LINE ( 'NONE', #7239, #3993 ) ;
#4212 = LINE ( 'NONE', #4264, #5768 ) ;
#4213 = CARTESIAN_POINT ( 'NONE',  ( 0.5750000000000001800, 1.500000000000000400, 0.4365000000000020500 ) ) ;
#4214 = EDGE_CURVE ( 'NONE', #7228, #7171, #1990, .T. ) ;
#4215 = SURFACE_STYLE_FILL_AREA ( #3575 ) ;
#4216 = CARTESIAN_POINT ( 'NONE',  ( -0.4249999999999998200, -2.000000000000000000, 2.439454888092385000E-016 ) ) ;
#4217 = DIRECTION ( 'NONE',  ( 0.0000000000000000000, 1.000000000000000000, 0.0000000000000000000 ) ) ;
#4218 = SURFACE_STYLE_USAGE ( .BOTH. , #4884 ) ;
#4219 = EDGE_CURVE ( 'NONE', #5056, #2407, #3740, .T. ) ;
#4220 = CIRCLE ( 'NONE', #1200, 0.1269999999999999500 ) ;
#4221 = MECHANICAL_DESIGN_GEOMETRIC_PRESENTATION_REPRESENTATION (  '', ( #3321 ), #4660 ) ;
#4222 =( GEOMETRIC_REPRESENTATION_CONTEXT ( 3 ) GLOBAL_UNCERTAINTY_ASSIGNED_CONTEXT ( ( #2216 ) ) GLOBAL_UNIT_ASSIGNED_CONTEXT ( ( #6650, #2683, #7295 ) ) REPRESENTATION_CONTEXT ( 'NONE', 'WORKASPACE' ) );
#4223 = SURFACE_SIDE_STYLE ('',( #3379 ) ) ;
#4224 = MANIFOLD_SOLID_BREP ( 'Lead9', #8194 ) ;
#4225 = LINE ( 'NONE', #5965, #7534 ) ;
#4226 = CARTESIAN_POINT ( 'NONE',  ( -1.125000000000000000, 1.583686420389025100, 0.1138136583594313900 ) ) ;
#4227 = ORIENTED_EDGE ( 'NONE', *, *, #4410, .T. ) ;
#4228 = DIRECTION ( 'NONE',  ( -1.000000000000000000, -0.0000000000000000000, -0.0000000000000000000 ) ) ;
#4229 = COLOUR_RGB ( '',1.000000000000000000, 1.000000000000000000, 1.000000000000000000 ) ;
#4230 = CIRCLE ( 'NONE', #8032, 0.1270000000000008600 ) ;
#4231 = VERTEX_POINT ( 'NONE', #5329 ) ;
#4232 = CARTESIAN_POINT ( 'NONE',  ( 1.075000000000000200, -1.676313579610975200, 0.4496863416405709200 ) ) ;
#4233 = VECTOR ( 'NONE', #1807, 1000.000000000000000 ) ;
#4234 = EDGE_CURVE ( 'NONE', #7766, #2366, #4682, .T. ) ;
#4235 = ORIENTED_EDGE ( 'NONE', *, *, #135, .T. ) ;
#4236 = MECHANICAL_DESIGN_GEOMETRIC_PRESENTATION_REPRESENTATION (  '', ( #3335 ), #4674 ) ;
#4237 =( LENGTH_UNIT ( ) NAMED_UNIT ( * ) SI_UNIT ( .MILLI., .METRE. ) );
#4238 = VERTEX_POINT ( 'NONE', #97 ) ;
#4239 = DIRECTION ( 'NONE',  ( 0.0000000000000000000, -1.000000000000000000, 3.414809992080329100E-015 ) ) ;
#4240 =( NAMED_UNIT ( * ) PLANE_ANGLE_UNIT ( ) SI_UNIT ( $, .RADIAN. ) );
#4241 = LINE ( 'NONE', #2249, #769 ) ;
#4242 = DIRECTION ( 'NONE',  ( 0.0000000000000000000, -3.414809992080329100E-015, -1.000000000000000000 ) ) ;
#4243 = ORIENTED_EDGE ( 'NONE', *, *, #2548, .T. ) ;
#4244 = CARTESIAN_POINT ( 'NONE',  ( -0.4249999999999998200, -1.676313579610975200, 0.4496863416405709200 ) ) ;
#4245 = VERTEX_POINT ( 'NONE', #743 ) ;
#4246 = VECTOR ( 'NONE', #6985, 1000.000000000000000 ) ;
#4247 = FILL_AREA_STYLE_COLOUR ( '', #880 ) ;
#4248 = STYLED_ITEM ( 'NONE', ( #198 ), #5541 ) ;
#4249 = FACE_OUTER_BOUND ( 'NONE', #4173, .T. ) ;
#4250 = MECHANICAL_DESIGN_GEOMETRIC_PRESENTATION_REPRESENTATION (  '', ( #3349 ), #4688 ) ;
#4251 = CIRCLE ( 'NONE', #8297, 0.1269999999999999500 ) ;
#4252 = ORIENTED_EDGE ( 'NONE', *, *, #1466, .T. ) ;
#4253 = CARTESIAN_POINT ( 'NONE',  ( -1.424999999999999800, -1.710000000000000200, 0.1270000000000002500 ) ) ;
#4254 = EDGE_CURVE ( 'NONE', #6439, #4231, #5313, .T. ) ;
#4255 = DIRECTION ( 'NONE',  ( 0.0000000000000000000, -1.000000000000000000, 3.686287386450737200E-014 ) ) ;
#4256 = ADVANCED_FACE ( 'NONE', ( #1201 ), #6021, .F. ) ;
#4257 = CARTESIAN_POINT ( 'NONE',  ( 0.5750000000000001800, -1.500000000000000400, 0.4365000000000020500 ) ) ;
#4258 = SURFACE_STYLE_USAGE ( .BOTH. , #8211 ) ;
#4259 = LINE ( 'NONE', #2511, #7565 ) ;
#4260 = MECHANICAL_DESIGN_GEOMETRIC_PRESENTATION_REPRESENTATION (  '', ( #3357 ), #4700 ) ;
#4261 = PRESENTATION_LAYER_ASSIGNMENT (  '', '', ( #3795 ) ) ;
#4262 = VECTOR ( 'NONE', #5876, 1000.000000000000200 ) ;
#4263 = DIRECTION ( 'NONE',  ( 0.0000000000000000000, 0.1038294617367628800, -0.9945951150470496700 ) ) ;
#4264 = CARTESIAN_POINT ( 'NONE',  ( -0.9249999999999998200, -1.710000000000000200, 0.1270000000000002500 ) ) ;
#4265 = CARTESIAN_POINT ( 'NONE',  ( -1.424999999999999800, 1.500000000000000000, 0.5635000000000020000 ) ) ;
#4266 = EDGE_CURVE ( 'NONE', #7899, #4317, #5615, .T. ) ;
#4267 = DIRECTION ( 'NONE',  ( 0.0000000000000000000, 1.000000000000000000, 2.168404344971012800E-015 ) ) ;
#4268 = LINE ( 'NONE', #2963, #5823 ) ;
#4269 = DIRECTION ( 'NONE',  ( -0.0000000000000000000, 1.000000000000000000, 1.168321306557656000E-016 ) ) ;
#4270 = ORIENTED_EDGE ( 'NONE', *, *, #2324, .F. ) ;
#4271 = ORIENTED_EDGE ( 'NONE', *, *, #2812, .F. ) ;
#4272 = FACE_OUTER_BOUND ( 'NONE', #2368, .T. ) ;
#4273 = ORIENTED_EDGE ( 'NONE', *, *, #7601, .T. ) ;
#4274 = DIRECTION ( 'NONE',  ( 0.0000000000000000000, -0.1038294617367628800, -0.9945951150470496700 ) ) ;
#4275 = DIRECTION ( 'NONE',  ( -0.0000000000000000000, 1.000000000000000000, 1.168321306557656000E-016 ) ) ;
#4276 = STYLED_ITEM ( 'NONE', ( #6483 ), #3051 ) ;
#4277 = UNCERTAINTY_MEASURE_WITH_UNIT (LENGTH_MEASURE( 1.000000000000000100E-005 ), #2411, 'distance_accuracy_value', 'NONE');
#4278 = ORIENTED_EDGE ( 'NONE', *, *, #2581, .T. ) ;
#4279 = AXIS2_PLACEMENT_3D ( 'NONE', #6025, #2050, #6692 ) ;
#4280 = DIRECTION ( 'NONE',  ( 0.0000000000000000000, -1.000000000000000000, -1.168321306557656000E-016 ) ) ;
#4281 = FACE_OUTER_BOUND ( 'NONE', #5944, .T. ) ;
#4282 = ORIENTED_EDGE ( 'NONE', *, *, #1564, .F. ) ;
#4283 =( NAMED_UNIT ( * ) SI_UNIT ( $, .STERADIAN. ) SOLID_ANGLE_UNIT ( ) );
#4284 = ORIENTED_EDGE ( 'NONE', *, *, #380, .T. ) ;
#4285 = CARTESIAN_POINT ( 'NONE',  ( 1.800000000000000000, -1.299999999999999800, 0.3000000000000001000 ) ) ;
#4286 = FACE_OUTER_BOUND ( 'NONE', #1942, .T. ) ;
#4287 = ORIENTED_EDGE ( 'NONE', *, *, #1799, .F. ) ;
#4288 = EDGE_LOOP ( 'NONE', ( #2529, #6256, #11, #6045 ) ) ;
#4289 =( LENGTH_UNIT ( ) NAMED_UNIT ( * ) SI_UNIT ( .MILLI., .METRE. ) );
#4290 = SURFACE_STYLE_FILL_AREA ( #7153 ) ;
#4291 = FILL_AREA_STYLE ('',( #3607 ) ) ;
#4292 = DIRECTION ( 'NONE',  ( 0.0000000000000000000, -3.414809992080329100E-015, -1.000000000000000000 ) ) ;
#4293 = ORIENTED_EDGE ( 'NONE', *, *, #2344, .F. ) ;
#4294 =( NAMED_UNIT ( * ) SI_UNIT ( $, .STERADIAN. ) SOLID_ANGLE_UNIT ( ) );
#4295 = EDGE_CURVE ( 'NONE', #188, #862, #2298, .T. ) ;
#4296 = ORIENTED_EDGE ( 'NONE', *, *, #2944, .F. ) ;
#4297 = MECHANICAL_DESIGN_GEOMETRIC_PRESENTATION_REPRESENTATION (  '', ( #3384 ), #4729 ) ;
#4298 = LINE ( 'NONE', #2492, #6055 ) ;
#4299 = VERTEX_POINT ( 'NONE', #4080 ) ;
#4300 = ORIENTED_EDGE ( 'NONE', *, *, #2266, .T. ) ;
#4301 = SURFACE_SIDE_STYLE ('',( #3657 ) ) ;
#4302 = FILL_AREA_STYLE_COLOUR ( '', #4750 ) ;
#4303 = PLANE ( 'NONE',  #6555 ) ;
#4304 = VERTEX_POINT ( 'NONE', #156 ) ;
#4305 = FILL_AREA_STYLE ('',( #7592 ) ) ;
#4306 = PRESENTATION_LAYER_ASSIGNMENT (  '', '', ( #3393 ) ) ;
#4307 = LINE ( 'NONE', #5451, #6069 ) ;
#4308 = PLANE ( 'NONE',  #1221 ) ;
#4309 = LINE ( 'NONE', #1311, #6077 ) ;
#4310 = EDGE_LOOP ( 'NONE', ( #1324, #1208, #3438, #6017 ) ) ;
#4311 = DIRECTION ( 'NONE',  ( 0.0000000000000000000, -1.000000000000000000, 0.0000000000000000000 ) ) ;
#4312 =( NAMED_UNIT ( * ) PLANE_ANGLE_UNIT ( ) SI_UNIT ( $, .RADIAN. ) );
#4313 = FILL_AREA_STYLE_COLOUR ( '', #7778 ) ;
#4314 = UNCERTAINTY_MEASURE_WITH_UNIT (LENGTH_MEASURE( 1.000000000000000100E-005 ), #5166, 'distance_accuracy_value', 'NONE');
#4315 = STYLED_ITEM ( 'NONE', ( #6023 ), #6458 ) ;
#4316 = VERTEX_POINT ( 'NONE', #835 ) ;
#4317 = VERTEX_POINT ( 'NONE', #8040 ) ;
#4318 = CARTESIAN_POINT ( 'NONE',  ( 1.375000000000000200, -1.500000000000000000, 0.5635000000000020000 ) ) ;
#4319 = STYLED_ITEM ( 'NONE', ( #4870 ), #1637 ) ;
#4320 = DIRECTION ( 'NONE',  ( -1.000000000000000000, 0.0000000000000000000, -0.0000000000000000000 ) ) ;
#4321 = DIRECTION ( 'NONE',  ( 0.0000000000000000000, 0.0000000000000000000, 1.000000000000000000 ) ) ;
#4322 = LINE ( 'NONE', #4985, #845 ) ;
#4323 = EDGE_CURVE ( 'NONE', #6924, #2675, #3635, .T. ) ;
#4324 = SPHERICAL_SURFACE ( 'NONE', #3145, 0.2000000000000000100 ) ;
#4325 =( NAMED_UNIT ( * ) PLANE_ANGLE_UNIT ( ) SI_UNIT ( $, .RADIAN. ) );
#4326 =( NAMED_UNIT ( * ) PLANE_ANGLE_UNIT ( ) SI_UNIT ( $, .RADIAN. ) );
#4327 = EDGE_LOOP ( 'NONE', ( #6324, #2720, #4171, #7000 ) ) ;
#4328 =( LENGTH_UNIT ( ) NAMED_UNIT ( * ) SI_UNIT ( .MILLI., .METRE. ) );
#4329 = MECHANICAL_DESIGN_GEOMETRIC_PRESENTATION_REPRESENTATION (  '', ( #3419 ), #4767 ) ;
#4330 = CARTESIAN_POINT ( 'NONE',  ( 0.07500000000000019200, 1.500000000000000000, 0.5635000000000020000 ) ) ;
#4331 = CARTESIAN_POINT ( 'NONE',  ( -1.424999999999999800, 1.500000000000000400, 0.4365000000000020500 ) ) ;
#4332 = MECHANICAL_DESIGN_GEOMETRIC_PRESENTATION_REPRESENTATION (  '', ( #2980 ), #4769 ) ;
#4333 = COLOUR_RGB ( '',1.000000000000000000, 1.000000000000000000, 1.000000000000000000 ) ;
#4334 = VERTEX_POINT ( 'NONE', #5412 ) ;
#4335 = EDGE_CURVE ( 'NONE', #5630, #5327, #3839, .T. ) ;
#4336 = VERTEX_POINT ( 'NONE', #2772 ) ;
#4337 = DIRECTION ( 'NONE',  ( -1.000000000000000000, 0.0000000000000000000, -0.0000000000000000000 ) ) ;
#4338 = DIRECTION ( 'NONE',  ( -1.000000000000000000, -0.0000000000000000000, -0.0000000000000000000 ) ) ;
#4339 = VECTOR ( 'NONE', #5933, 1000.000000000000000 ) ;
#4340 = ORIENTED_EDGE ( 'NONE', *, *, #4783, .T. ) ;
#4341 = DIRECTION ( 'NONE',  ( -1.000000000000000000, -0.0000000000000000000, -0.0000000000000000000 ) ) ;
#4342 = EDGE_CURVE ( 'NONE', #6841, #1890, #5411, .T. ) ;
#4343 = ORIENTED_EDGE ( 'NONE', *, *, #2391, .T. ) ;
#4344 =( GEOMETRIC_REPRESENTATION_CONTEXT ( 3 ) GLOBAL_UNCERTAINTY_ASSIGNED_CONTEXT ( ( #4730 ) ) GLOBAL_UNIT_ASSIGNED_CONTEXT ( ( #3880, #8524, #4554 ) ) REPRESENTATION_CONTEXT ( 'NONE', 'WORKASPACE' ) );
#4345 = PRESENTATION_STYLE_ASSIGNMENT (( #788 ) ) ;
#4346 = LINE ( 'NONE', #1141, #7840 ) ;
#4347 = FILL_AREA_STYLE ('',( #2371 ) ) ;
#4348 = SURFACE_SIDE_STYLE ('',( #4724 ) ) ;
#4349 = ORIENTED_EDGE ( 'NONE', *, *, #2097, .F. ) ;
#4350 =( NAMED_UNIT ( * ) SI_UNIT ( $, .STERADIAN. ) SOLID_ANGLE_UNIT ( ) );
#4351 = PRESENTATION_LAYER_ASSIGNMENT (  '', '', ( #3006 ) ) ;
#4352 = CARTESIAN_POINT ( 'NONE',  ( 1.075000000000000200, -1.550000000000000000, 0.5635000000000010000 ) ) ;
#4353 = PRESENTATION_LAYER_ASSIGNMENT (  '', '', ( #3892 ) ) ;
#4354 = DIRECTION ( 'NONE',  ( -1.000000000000000000, -0.0000000000000000000, -0.0000000000000000000 ) ) ;
#4355 = ORIENTED_EDGE ( 'NONE', *, *, #4122, .T. ) ;
#4356 = CARTESIAN_POINT ( 'NONE',  ( 2.000000000000000000, -1.299999999999999800, 0.3000000000000000400 ) ) ;
#4357 = EDGE_LOOP ( 'NONE', ( #1196, #4608, #1681, #71, #3382, #4908, #5544, #8448, #2432, #2470 ) ) ;
#4358 = VERTEX_POINT ( 'NONE', #4111 ) ;
#4359 =( LENGTH_UNIT ( ) NAMED_UNIT ( * ) SI_UNIT ( .MILLI., .METRE. ) );
#4360 = ORIENTED_EDGE ( 'NONE', *, *, #56, .F. ) ;
#4361 = LINE ( 'NONE', #7540, #1070 ) ;
#4362 = DIRECTION ( 'NONE',  ( -1.000000000000000000, -0.0000000000000000000, 0.0000000000000000000 ) ) ;
#4363 = PRESENTATION_STYLE_ASSIGNMENT (( #2651 ) ) ;
#4364 = VECTOR ( 'NONE', #8484, 1000.000000000000000 ) ;
#4365 = SURFACE_STYLE_USAGE ( .BOTH. , #1098 ) ;
#4366 = VERTEX_POINT ( 'NONE', #192 ) ;
#4367 = VERTEX_POINT ( 'NONE', #7401 ) ;
#4368 = AXIS2_PLACEMENT_3D ( 'NONE', #4657, #747, #5331 ) ;
#4369 = CYLINDRICAL_SURFACE ( 'NONE', #2808, 0.2000000000000000900 ) ;
#4370 = CARTESIAN_POINT ( 'NONE',  ( -0.1249999999999998900, -1.500000000000000400, 0.4365000000000020500 ) ) ;
#4371 = AXIS2_PLACEMENT_3D ( 'NONE', #5373, #1430, #6702 ) ;
#4372 = SURFACE_STYLE_FILL_AREA ( #7711 ) ;
#4373 = SURFACE_STYLE_USAGE ( .BOTH. , #8324 ) ;
#4374 = EDGE_CURVE ( 'NONE', #5440, #5511, #3431, .T. ) ;
#4375 = VERTEX_POINT ( 'NONE', #6112 ) ;
#4376 = DIRECTION ( 'NONE',  ( -1.000000000000000000, 0.0000000000000000000, -0.0000000000000000000 ) ) ;
#4377 = LINE ( 'NONE', #1760, #6138 ) ;
#4378 = FILL_AREA_STYLE ('',( #449 ) ) ;
#4379 = CARTESIAN_POINT ( 'NONE',  ( 1.575000000000000200, -1.583686420389025100, 0.1138136583594313900 ) ) ;
#4380 = PRESENTATION_LAYER_ASSIGNMENT (  '', '', ( #3472 ) ) ;
#4381 = LINE ( 'NONE', #2182, #5932 ) ;
#4382 = STYLED_ITEM ( 'NONE', ( #6911 ), #2510 ) ;
#4383 = VECTOR ( 'NONE', #6772, 1000.000000000000000 ) ;
#4384 = CARTESIAN_POINT ( 'NONE',  ( 0.3750000000000001100, 1.583686420389025100, 0.1138136583594313900 ) ) ;
#4385 = EDGE_CURVE ( 'NONE', #6193, #7375, #5202, .T. ) ;
#4386 = CARTESIAN_POINT ( 'NONE',  ( -1.125000000000000000, 1.500000000000000400, 0.4365000000000020500 ) ) ;
#4387 = FILL_AREA_STYLE_COLOUR ( '', #950 ) ;
#4388 = DIRECTION ( 'NONE',  ( -1.000000000000000000, -0.0000000000000000000, -0.0000000000000000000 ) ) ;
#4389 = LINE ( 'NONE', #5940, #2615 ) ;
#4390 = UNCERTAINTY_MEASURE_WITH_UNIT (LENGTH_MEASURE( 1.000000000000000100E-005 ), #6971, 'distance_accuracy_value', 'NONE');
#4391 = ADVANCED_FACE ( 'NONE', ( #7143 ), #217, .F. ) ;
#4392 = VECTOR ( 'NONE', #6620, 1000.000000000000000 ) ;
#4393 =( NAMED_UNIT ( * ) PLANE_ANGLE_UNIT ( ) SI_UNIT ( $, .RADIAN. ) );
#4394 = ORIENTED_EDGE ( 'NONE', *, *, #2734, .F. ) ;
#4395 = ORIENTED_EDGE ( 'NONE', *, *, #4456, .T. ) ;
#4396 = EDGE_CURVE ( 'NONE', #7882, #7050, #1087, .T. ) ;
#4397 = SURFACE_STYLE_FILL_AREA ( #2085 ) ;
#4398 = DIRECTION ( 'NONE',  ( 1.000000000000000000, 0.0000000000000000000, 0.0000000000000000000 ) ) ;
#4399 = ORIENTED_EDGE ( 'NONE', *, *, #8322, .T. ) ;
#4400 = AXIS2_PLACEMENT_3D ( 'NONE', #180, #5317, #147 ) ;
#4401 = ORIENTED_EDGE ( 'NONE', *, *, #5450, .F. ) ;
#4402 = STYLED_ITEM ( 'NONE', ( #4107 ), #8109 ) ;
#4403 = CARTESIAN_POINT ( 'NONE',  ( 1.800000000000000000, -1.499999999999999800, 0.5635000000000000000 ) ) ;
#4404 = SURFACE_SIDE_STYLE ('',( #3864 ) ) ;
#4405 = COLOUR_RGB ( '',1.000000000000000000, 1.000000000000000000, 1.000000000000000000 ) ;
#4406 = CARTESIAN_POINT ( 'NONE',  ( 0.07500000000000019200, -1.710000000000000200, 0.1270000000000002200 ) ) ;
#4407 = CARTESIAN_POINT ( 'NONE',  ( 0.3750000000000001100, -2.000000000000000000, 0.1270000000000002500 ) ) ;
#4408 = FACE_OUTER_BOUND ( 'NONE', #5434, .T. ) ;
#4409 = DIRECTION ( 'NONE',  ( 1.000000000000000000, 0.0000000000000000000, -0.0000000000000000000 ) ) ;
#4410 = EDGE_CURVE ( 'NONE', #7043, #8058, #6141, .T. ) ;
#4411 = CARTESIAN_POINT ( 'NONE',  ( -0.6249999999999998900, 1.676313579610975200, 0.4496863416405709200 ) ) ;
#4412 = CARTESIAN_POINT ( 'NONE',  ( -0.6249999999999998900, 2.000000000000000000, 0.1270000000000002500 ) ) ;
#4413 = STYLED_ITEM ( 'NONE', ( #1802 ), #4224 ) ;
#4414 = LINE ( 'NONE', #5305, #2636 ) ;
#4415 =( NAMED_UNIT ( * ) PLANE_ANGLE_UNIT ( ) SI_UNIT ( $, .RADIAN. ) );
#4416 = CIRCLE ( 'NONE', #7873, 0.1999999999999999800 ) ;
#4417 = DIRECTION ( 'NONE',  ( -1.000000000000000000, 0.0000000000000000000, -0.0000000000000000000 ) ) ;
#4418 = UNCERTAINTY_MEASURE_WITH_UNIT (LENGTH_MEASURE( 1.000000000000000100E-005 ), #5028, 'distance_accuracy_value', 'NONE');
#4419 = SURFACE_SIDE_STYLE ('',( #6191 ) ) ;
#4420 = CARTESIAN_POINT ( 'NONE',  ( 0.5750000000000001800, 1.500000000000000000, 0.5635000000000020000 ) ) ;
#4421 =( GEOMETRIC_REPRESENTATION_CONTEXT ( 3 ) GLOBAL_UNCERTAINTY_ASSIGNED_CONTEXT ( ( #211 ) ) GLOBAL_UNIT_ASSIGNED_CONTEXT ( ( #6633, #2664, #7279 ) ) REPRESENTATION_CONTEXT ( 'NONE', 'WORKASPACE' ) );
#4422 = CARTESIAN_POINT ( 'NONE',  ( -1.424999999999999800, 1.583686420389025100, 0.1138136583594313900 ) ) ;
#4423 =( GEOMETRIC_REPRESENTATION_CONTEXT ( 3 ) GLOBAL_UNCERTAINTY_ASSIGNED_CONTEXT ( ( #3830 ) ) GLOBAL_UNIT_ASSIGNED_CONTEXT ( ( #2273, #6255, #1647 ) ) REPRESENTATION_CONTEXT ( 'NONE', 'WORKASPACE' ) );
#4424 = SURFACE_STYLE_FILL_AREA ( #808 ) ;
#4425 = SURFACE_STYLE_FILL_AREA ( #3566 ) ;
#4426 = UNCERTAINTY_MEASURE_WITH_UNIT (LENGTH_MEASURE( 1.000000000000000100E-005 ), #1527, 'distance_accuracy_value', 'NONE');
#4427 = EDGE_CURVE ( 'NONE', #8494, #7995, #7880, .T. ) ;
#4428 = CARTESIAN_POINT ( 'NONE',  ( 0.8750000000000001100, 2.000000000000000000, 0.1270000000000002500 ) ) ;
#4429 = ORIENTED_EDGE ( 'NONE', *, *, #6210, .F. ) ;
#4430 = DIRECTION ( 'NONE',  ( 0.0000000000000000000, 3.414809992080329100E-015, -1.000000000000000000 ) ) ;
#4431 =( LENGTH_UNIT ( ) NAMED_UNIT ( * ) SI_UNIT ( .MILLI., .METRE. ) );
#4432 = AXIS2_PLACEMENT_3D ( 'NONE', #2849, #2871, #7509 ) ;
#4433 = DIRECTION ( 'NONE',  ( 1.000000000000000000, 0.0000000000000000000, -0.0000000000000000000 ) ) ;
#4434 = PRESENTATION_LAYER_ASSIGNMENT (  '', '', ( #3525 ) ) ;
#4435 = CARTESIAN_POINT ( 'NONE',  ( -1.625000000000000000, 1.710000000000000200, 0.1270000000000002200 ) ) ;
#4436 = CIRCLE ( 'NONE', #7144, 0.1270000000000008600 ) ;
#4437 = ORIENTED_EDGE ( 'NONE', *, *, #4506, .T. ) ;
#4438 = PLANE ( 'NONE',  #6463 ) ;
#4439 = DIRECTION ( 'NONE',  ( -0.0000000000000000000, -0.0000000000000000000, 1.000000000000000000 ) ) ;
#4440 = EDGE_CURVE ( 'NONE', #919, #6056, #4381, .T. ) ;
#4441 = DIRECTION ( 'NONE',  ( 0.0000000000000000000, 0.0000000000000000000, 1.000000000000000000 ) ) ;
#4442 = ADVANCED_FACE ( 'NONE', ( #7677 ), #62, .T. ) ;
#4443 = ORIENTED_EDGE ( 'NONE', *, *, #8474, .T. ) ;
#4444 = SURFACE_SIDE_STYLE ('',( #3079 ) ) ;
#4445 = VECTOR ( 'NONE', #6804, 1000.000000000000100 ) ;
#4446 = FACE_OUTER_BOUND ( 'NONE', #7654, .T. ) ;
#4447 = ORIENTED_EDGE ( 'NONE', *, *, #8024, .T. ) ;
#4448 = STYLED_ITEM ( 'NONE', ( #3903 ), #2907 ) ;
#4449 = CARTESIAN_POINT ( 'NONE',  ( -0.9249999999999998200, 1.583686420389025100, 0.1138136583594313900 ) ) ;
#4450 = CARTESIAN_POINT ( 'NONE',  ( 0.8750000000000001100, 1.710000000000000200, 0.1270000000000002200 ) ) ;
#4451 = ORIENTED_EDGE ( 'NONE', *, *, #4396, .F. ) ;
#4452 = ORIENTED_EDGE ( 'NONE', *, *, #1178, .T. ) ;
#4453 = CARTESIAN_POINT ( 'NONE',  ( -0.6249999999999998900, -1.550000000000000300, 0.4365000000000002200 ) ) ;
#4454 = CYLINDRICAL_SURFACE ( 'NONE', #7562, 0.2000000000000000900 ) ;
#4455 = LINE ( 'NONE', #4199, #6218 ) ;
#4456 = EDGE_CURVE ( 'NONE', #7335, #3909, #3530, .T. ) ;
#4457 = ORIENTED_EDGE ( 'NONE', *, *, #6283, .T. ) ;
#4458 = MECHANICAL_DESIGN_GEOMETRIC_PRESENTATION_REPRESENTATION (  '', ( #3107 ), #4895 ) ;
#4459 = ORIENTED_EDGE ( 'NONE', *, *, #5093, .F. ) ;
#4460 = CARTESIAN_POINT ( 'NONE',  ( -0.9249999999999998200, 2.000000000000000000, 2.439454888092385000E-016 ) ) ;
#4461 = VECTOR ( 'NONE', #2988, 1000.000000000000000 ) ;
#4462 = CARTESIAN_POINT ( 'NONE',  ( 1.075000000000000200, -1.500000000000000000, 0.5635000000000020000 ) ) ;
#4463 = FILL_AREA_STYLE_COLOUR ( '', #3527 ) ;
#4464 = COLOUR_RGB ( '',1.000000000000000000, 1.000000000000000000, 1.000000000000000000 ) ;
#4465 = EDGE_LOOP ( 'NONE', ( #1410, #7589, #4740, #6617, #3627, #165, #6251, #335, #3542, #8007 ) ) ;
#4466 = CARTESIAN_POINT ( 'NONE',  ( -1.125000000000000000, -1.710000000000000200, 0.1270000000000002500 ) ) ;
#4467 = ORIENTED_EDGE ( 'NONE', *, *, #3219, .F. ) ;
#4468 = PRESENTATION_LAYER_ASSIGNMENT (  '', '', ( #3564 ) ) ;
#4469 = SURFACE_STYLE_USAGE ( .BOTH. , #8430 ) ;
#4470 = DIRECTION ( 'NONE',  ( -0.0000000000000000000, -2.710505431213761100E-016, -1.000000000000000000 ) ) ;
#4471 = FILL_AREA_STYLE_COLOUR ( '', #6888 ) ;
#4472 = VECTOR ( 'NONE', #5146, 1000.000000000000000 ) ;
#4473 = FILL_AREA_STYLE ('',( #1198 ) ) ;
#4474 = UNCERTAINTY_MEASURE_WITH_UNIT (LENGTH_MEASURE( 1.000000000000000100E-005 ), #3489, 'distance_accuracy_value', 'NONE');
#4475 = CARTESIAN_POINT ( 'NONE',  ( 0.07500000000000019200, -1.500000000000000000, 0.5635000000000020000 ) ) ;
#4476 = LINE ( 'NONE', #8505, #7773 ) ;
#4477 = CARTESIAN_POINT ( 'NONE',  ( 2.000000000000000000, 1.300000000000000300, 0.4365000000000000500 ) ) ;
#4478 = ORIENTED_EDGE ( 'NONE', *, *, #1855, .F. ) ;
#4479 = FILL_AREA_STYLE ('',( #7768 ) ) ;
#4480 = AXIS2_PLACEMENT_3D ( 'NONE', #6309, #2340, #1483 ) ;
#4481 = ORIENTED_EDGE ( 'NONE', *, *, #6150, .T. ) ;
#4482 = CARTESIAN_POINT ( 'NONE',  ( 1.800000000000000000, 1.300000000000000000, -3.523657060577889400E-016 ) ) ;
#4483 = MECHANICAL_DESIGN_GEOMETRIC_PRESENTATION_REPRESENTATION (  '', ( #3133 ), #4924 ) ;
#4484 = ADVANCED_FACE ( 'NONE', ( #5303 ), #4886, .T. ) ;
#4485 = FACE_OUTER_BOUND ( 'NONE', #2685, .T. ) ;
#4486 = ORIENTED_EDGE ( 'NONE', *, *, #6487, .T. ) ;
#4487 = CARTESIAN_POINT ( 'NONE',  ( 0.5750000000000001800, -1.500000000000000000, 0.5635000000000020000 ) ) ;
#4488 = EDGE_CURVE ( 'NONE', #276, #7508, #6838, .T. ) ;
#4489 = ORIENTED_EDGE ( 'NONE', *, *, #1086, .T. ) ;
#4490 = CARTESIAN_POINT ( 'NONE',  ( 1.075000000000000200, 1.710000000000000200, 0.1270000000000002500 ) ) ;
#4491 = ORIENTED_EDGE ( 'NONE', *, *, #984, .F. ) ;
#4492 = MECHANICAL_DESIGN_GEOMETRIC_PRESENTATION_REPRESENTATION (  '', ( #3585 ), #4934 ) ;
#4493 = MECHANICAL_DESIGN_GEOMETRIC_PRESENTATION_REPRESENTATION (  '', ( #3588 ), #4937 ) ;
#4494 = LINE ( 'NONE', #7809, #1810 ) ;
#4495 =( LENGTH_UNIT ( ) NAMED_UNIT ( * ) SI_UNIT ( .MILLI., .METRE. ) );
#4496 = ORIENTED_EDGE ( 'NONE', *, *, #5423, .T. ) ;
#4497 = CARTESIAN_POINT ( 'NONE',  ( -1.800000000000000000, -1.299999999999999800, 0.6999999999999997300 ) ) ;
#4498 = COLOUR_RGB ( '',1.000000000000000000, 1.000000000000000000, 1.000000000000000000 ) ;
#4499 = FILL_AREA_STYLE_COLOUR ( '', #2315 ) ;
#4500 = ORIENTED_EDGE ( 'NONE', *, *, #4822, .T. ) ;
#4501 = EDGE_CURVE ( 'NONE', #7884, #8112, #7049, .T. ) ;
#4502 = VERTEX_POINT ( 'NONE', #7545 ) ;
#4503 = VERTEX_POINT ( 'NONE', #4918 ) ;
#4504 = LINE ( 'NONE', #1897, #8011 ) ;
#4505 = ORIENTED_EDGE ( 'NONE', *, *, #8424, .F. ) ;
#4506 = EDGE_CURVE ( 'NONE', #7941, #6152, #6644, .T. ) ;
#4507 =( GEOMETRIC_REPRESENTATION_CONTEXT ( 3 ) GLOBAL_UNCERTAINTY_ASSIGNED_CONTEXT ( ( #2284 ) ) GLOBAL_UNIT_ASSIGNED_CONTEXT ( ( #3013, #4191, #8258 ) ) REPRESENTATION_CONTEXT ( 'NONE', 'WORKASPACE' ) );
#4508 = EDGE_LOOP ( 'NONE', ( #1429, #6172, #7030, #5738 ) ) ;
#4509 = SURFACE_STYLE_FILL_AREA ( #7528 ) ;
#4510 = AXIS2_PLACEMENT_3D ( 'NONE', #6813, #2850, #7480 ) ;
#4511 = SURFACE_SIDE_STYLE ('',( #4549 ) ) ;
#4512 = CARTESIAN_POINT ( 'NONE',  ( 1.075000000000000200, -1.550000000000000000, 0.5635000000000010000 ) ) ;
#4513 = DIRECTION ( 'NONE',  ( 0.0000000000000000000, 0.1038294617367629000, 0.9945951150470496700 ) ) ;
#4514 = PRESENTATION_LAYER_ASSIGNMENT (  '', '', ( #4063 ) ) ;
#4515 = DIRECTION ( 'NONE',  ( -1.000000000000000000, -0.0000000000000000000, -0.0000000000000000000 ) ) ;
#4516 = CARTESIAN_POINT ( 'NONE',  ( 2.000000000000000000, 1.500000000000000200, 0.9000000000000001300 ) ) ;
#4517 = MECHANICAL_DESIGN_GEOMETRIC_PRESENTATION_REPRESENTATION (  '', ( #3614 ), #4962 ) ;
#4518 = SURFACE_STYLE_FILL_AREA ( #7167 ) ;
#4519 = FILL_AREA_STYLE_COLOUR ( '', #2517 ) ;
#4520 = EDGE_LOOP ( 'NONE', ( #1204, #2696, #287, #2741 ) ) ;
#4521 = ADVANCED_FACE ( 'NONE', ( #8407 ), #796, .T. ) ;
#4522 = PLANE ( 'NONE',  #7622 ) ;
#4523 = PLANE ( 'NONE',  #6103 ) ;
#4524 = SURFACE_STYLE_FILL_AREA ( #4347 ) ;
#4525 = CARTESIAN_POINT ( 'NONE',  ( 1.075000000000000200, 1.710000000000000200, 0.1270000000000002200 ) ) ;
#4526 = LINE ( 'NONE', #322, #847 ) ;
#4527 = STYLED_ITEM ( 'NONE', ( #7158 ), #5818 ) ;
#4528 = CARTESIAN_POINT ( 'NONE',  ( 0.07500000000000019200, 2.000000000000000000, 0.1270000000000002500 ) ) ;
#4529 = ORIENTED_EDGE ( 'NONE', *, *, #5665, .T. ) ;
#4530 = AXIS2_PLACEMENT_3D ( 'NONE', #4482, #6354, #1209 ) ;
#4531 = FILL_AREA_STYLE_COLOUR ( '', #5345 ) ;
#4532 = EDGE_CURVE ( 'NONE', #1202, #3735, #2503, .T. ) ;
#4533 = CARTESIAN_POINT ( 'NONE',  ( 0.3750000000000001100, -1.500000000000000000, 0.5635000000000020000 ) ) ;
#4534 = ORIENTED_EDGE ( 'NONE', *, *, #2581, .F. ) ;
#4535 = FACE_OUTER_BOUND ( 'NONE', #1882, .T. ) ;
#4536 = CARTESIAN_POINT ( 'NONE',  ( -0.4249999999999998200, -2.000000000000000000, 2.439454888092385000E-016 ) ) ;
#4537 = AXIS2_PLACEMENT_3D ( 'NONE', #5925, #1949, #6575 ) ;
#4538 = UNCERTAINTY_MEASURE_WITH_UNIT (LENGTH_MEASURE( 1.000000000000000100E-005 ), #3779, 'distance_accuracy_value', 'NONE');
#4539 = MECHANICAL_DESIGN_GEOMETRIC_PRESENTATION_REPRESENTATION (  '', ( #3636 ), #4991 ) ;
#4540 = VECTOR ( 'NONE', #5903, 1000.000000000000000 ) ;
#4541 = ORIENTED_EDGE ( 'NONE', *, *, #1178, .F. ) ;
#4542 =( NAMED_UNIT ( * ) SI_UNIT ( $, .STERADIAN. ) SOLID_ANGLE_UNIT ( ) );
#4543 = EDGE_CURVE ( 'NONE', #1393, #7446, #4268, .T. ) ;
#4544 =( NAMED_UNIT ( * ) SI_UNIT ( $, .STERADIAN. ) SOLID_ANGLE_UNIT ( ) );
#4545 = ORIENTED_EDGE ( 'NONE', *, *, #2250, .T. ) ;
#4546 =( NAMED_UNIT ( * ) SI_UNIT ( $, .STERADIAN. ) SOLID_ANGLE_UNIT ( ) );
#4547 = CARTESIAN_POINT ( 'NONE',  ( -0.9249999999999998200, -1.550000000000000300, 0.4365000000000002200 ) ) ;
#4548 = AXIS2_PLACEMENT_3D ( 'NONE', #6510, #3289, #5610 ) ;
#4549 = SURFACE_STYLE_FILL_AREA ( #8464 ) ;
#4550 = MECHANICAL_DESIGN_GEOMETRIC_PRESENTATION_REPRESENTATION (  '', ( #3652 ), #5002 ) ;
#4551 = ORIENTED_EDGE ( 'NONE', *, *, #6070, .F. ) ;
#4552 = COLOUR_RGB ( '',1.000000000000000000, 1.000000000000000000, 1.000000000000000000 ) ;
#4553 = VECTOR ( 'NONE', #105, 1000.000000000000100 ) ;
#4554 =( NAMED_UNIT ( * ) SI_UNIT ( $, .STERADIAN. ) SOLID_ANGLE_UNIT ( ) );
#4555 = ORIENTED_EDGE ( 'NONE', *, *, #6982, .T. ) ;
#4556 = ORIENTED_EDGE ( 'NONE', *, *, #35, .F. ) ;
#4557 = CARTESIAN_POINT ( 'NONE',  ( 0.3750000000000001100, 1.500000000000000000, 0.5635000000000020000 ) ) ;
#4558 = VECTOR ( 'NONE', #4849, 1000.000000000000000 ) ;
#4559 = FILL_AREA_STYLE_COLOUR ( '', #6266 ) ;
#4560 = ORIENTED_EDGE ( 'NONE', *, *, #5113, .T. ) ;
#4561 = ADVANCED_FACE ( 'NONE', ( #4054 ), #8263, .F. ) ;
#4562 = EDGE_CURVE ( 'NONE', #6080, #4366, #3420, .T. ) ;
#4563 = AXIS2_PLACEMENT_3D ( 'NONE', #1879, #6497, #2541 ) ;
#4564 = VECTOR ( 'NONE', #7915, 1000.000000000000000 ) ;
#4565 = ORIENTED_EDGE ( 'NONE', *, *, #3201, .F. ) ;
#4566 = FACE_OUTER_BOUND ( 'NONE', #820, .T. ) ;
#4567 = CARTESIAN_POINT ( 'NONE',  ( 0.8750000000000001100, 1.550000000000000000, 0.5635000000000010000 ) ) ;
#4568 =( NAMED_UNIT ( * ) SI_UNIT ( $, .STERADIAN. ) SOLID_ANGLE_UNIT ( ) );
#4569 = CARTESIAN_POINT ( 'NONE',  ( -0.9249999999999998200, -1.676313579610975200, 0.4496863416405709200 ) ) ;
#4570 = DIRECTION ( 'NONE',  ( 0.0000000000000000000, -0.9945951150470497800, -0.1038294617367629000 ) ) ;
#4571 = UNCERTAINTY_MEASURE_WITH_UNIT (LENGTH_MEASURE( 1.000000000000000100E-005 ), #5856, 'distance_accuracy_value', 'NONE');
#4572 = ORIENTED_EDGE ( 'NONE', *, *, #553, .F. ) ;
#4573 = FILL_AREA_STYLE_COLOUR ( '', #1722 ) ;
#4574 = EDGE_LOOP ( 'NONE', ( #1414, #1873, #4997, #3618 ) ) ;
#4575 = DIRECTION ( 'NONE',  ( -1.000000000000000000, 0.0000000000000000000, -0.0000000000000000000 ) ) ;
#4576 =( GEOMETRIC_REPRESENTATION_CONTEXT ( 3 ) GLOBAL_UNCERTAINTY_ASSIGNED_CONTEXT ( ( #1963 ) ) GLOBAL_UNIT_ASSIGNED_CONTEXT ( ( #3180, #7815, #3841 ) ) REPRESENTATION_CONTEXT ( 'NONE', 'WORKASPACE' ) );
#4577 = ORIENTED_EDGE ( 'NONE', *, *, #1843, .T. ) ;
#4578 = DIRECTION ( 'NONE',  ( 0.0000000000000000000, 0.0000000000000000000, -1.000000000000000000 ) ) ;
#4579 = CARTESIAN_POINT ( 'NONE',  ( -2.125000000000000000, 1.500000000000000000, 0.5635000000000000000 ) ) ;
#4580 = MECHANICAL_DESIGN_GEOMETRIC_PRESENTATION_REPRESENTATION (  '', ( #3677 ), #5027 ) ;
#4581 = ORIENTED_EDGE ( 'NONE', *, *, #2734, .T. ) ;
#4582 = DIRECTION ( 'NONE',  ( 0.0000000000000000000, 1.168321306557656000E-016, 1.000000000000000000 ) ) ;
#4583 = ORIENTED_EDGE ( 'NONE', *, *, #7931, .T. ) ;
#4584 = ORIENTED_EDGE ( 'NONE', *, *, #715, .F. ) ;
#4585 = FACE_OUTER_BOUND ( 'NONE', #6118, .T. ) ;
#4586 =( LENGTH_UNIT ( ) NAMED_UNIT ( * ) SI_UNIT ( .MILLI., .METRE. ) );
#4587 =( GEOMETRIC_REPRESENTATION_CONTEXT ( 3 ) GLOBAL_UNCERTAINTY_ASSIGNED_CONTEXT ( ( #8390 ) ) GLOBAL_UNIT_ASSIGNED_CONTEXT ( ( #4037, #120, #4710 ) ) REPRESENTATION_CONTEXT ( 'NONE', 'WORKASPACE' ) );
#4588 = VECTOR ( 'NONE', #655, 1000.000000000000000 ) ;
#4589 = DIRECTION ( 'NONE',  ( 0.0000000000000000000, -2.168404344971013200E-015, -1.000000000000000000 ) ) ;
#4590 =( GEOMETRIC_REPRESENTATION_CONTEXT ( 3 ) GLOBAL_UNCERTAINTY_ASSIGNED_CONTEXT ( ( #5530 ) ) GLOBAL_UNIT_ASSIGNED_CONTEXT ( ( #841, #5422, #1486 ) ) REPRESENTATION_CONTEXT ( 'NONE', 'WORKASPACE' ) );
#4591 = VERTEX_POINT ( 'NONE', #5009 ) ;
#4592 = CIRCLE ( 'NONE', #3019, 0.1269999999999999500 ) ;
#4593 = SURFACE_STYLE_USAGE ( .BOTH. , #8 ) ;
#4594 = EDGE_CURVE ( 'NONE', #5199, #5619, #8507, .T. ) ;
#4595 = ORIENTED_EDGE ( 'NONE', *, *, #5045, .T. ) ;
#4596 = CARTESIAN_POINT ( 'NONE',  ( 1.800000000000000000, 1.300000000000000000, 0.3000000000000000400 ) ) ;
#4597 = FILL_AREA_STYLE_COLOUR ( '', #3417 ) ;
#4598 = CARTESIAN_POINT ( 'NONE',  ( 0.5750000000000001800, 1.500000000000000000, 0.5635000000000020000 ) ) ;
#4599 = CIRCLE ( 'NONE', #6022, 0.1270000000000008600 ) ;
#4600 = LINE ( 'NONE', #502, #2838 ) ;
#4601 = DIRECTION ( 'NONE',  ( -0.0000000000000000000, -0.0000000000000000000, 1.000000000000000000 ) ) ;
#4602 = PLANE ( 'NONE',  #7193 ) ;
#4603 = LINE ( 'NONE', #4869, #1114 ) ;
#4604 = ADVANCED_FACE ( 'NONE', ( #1705 ), #7652, .F. ) ;
#4605 = CARTESIAN_POINT ( 'NONE',  ( 0.5750000000000001800, 2.000000000000000000, 2.439454888092385000E-016 ) ) ;
#4606 = EDGE_CURVE ( 'NONE', #3325, #6531, #6135, .T. ) ;
#4607 = FILL_AREA_STYLE ('',( #688 ) ) ;
#4608 = ORIENTED_EDGE ( 'NONE', *, *, #3494, .T. ) ;
#4609 = ORIENTED_EDGE ( 'NONE', *, *, #1412, .T. ) ;
#4610 = FILL_AREA_STYLE ('',( #2612 ) ) ;
#4611 = LINE ( 'NONE', #3969, #6368 ) ;
#4612 = EDGE_CURVE ( 'NONE', #4245, #8292, #1082, .T. ) ;
#4613 = FILL_AREA_STYLE ('',( #3942 ) ) ;
#4614 = PRESENTATION_LAYER_ASSIGNMENT (  '', '', ( #3712 ) ) ;
#4615 = PRESENTATION_STYLE_ASSIGNMENT (( #7366 ) ) ;
#4616 = DIRECTION ( 'NONE',  ( 0.0000000000000000000, -0.1038294617367628000, -0.9945951150470496700 ) ) ;
#4617 =( NAMED_UNIT ( * ) PLANE_ANGLE_UNIT ( ) SI_UNIT ( $, .RADIAN. ) );
#4618 =( GEOMETRIC_REPRESENTATION_CONTEXT ( 3 ) GLOBAL_UNCERTAINTY_ASSIGNED_CONTEXT ( ( #2471 ) ) GLOBAL_UNIT_ASSIGNED_CONTEXT ( ( #2398, #7017, #5698 ) ) REPRESENTATION_CONTEXT ( 'NONE', 'WORKASPACE' ) );
#4619 = VERTEX_POINT ( 'NONE', #7014 ) ;
#4620 = DIRECTION ( 'NONE',  ( 0.0000000000000000000, 0.1038294617367629000, 0.9945951150470496700 ) ) ;
#4621 = MECHANICAL_DESIGN_GEOMETRIC_PRESENTATION_REPRESENTATION (  '', ( #3282 ), #5073 ) ;
#4622 = CARTESIAN_POINT ( 'NONE',  ( 1.800000000000000000, 1.500000000000000200, 0.6999999999999999600 ) ) ;
#4623 = SURFACE_STYLE_FILL_AREA ( #5443 ) ;
#4624 =( NAMED_UNIT ( * ) PLANE_ANGLE_UNIT ( ) SI_UNIT ( $, .RADIAN. ) );
#4625 = CARTESIAN_POINT ( 'NONE',  ( -1.424999999999999800, -1.676313579610975200, 0.4496863416405709200 ) ) ;
#4626 = VERTEX_POINT ( 'NONE', #1122 ) ;
#4627 = DIRECTION ( 'NONE',  ( 0.0000000000000000000, -3.414809992080329100E-015, 1.000000000000000000 ) ) ;
#4628 = CARTESIAN_POINT ( 'NONE',  ( -0.1249999999999998900, -1.710000000000000200, 0.1270000000000002200 ) ) ;
#4629 = LINE ( 'NONE', #6658, #1349 ) ;
#4630 = AXIS2_PLACEMENT_3D ( 'NONE', #1505, #6114, #2131 ) ;
#4631 = CARTESIAN_POINT ( 'NONE',  ( 1.075000000000000200, 1.710000000000000200, 0.1270000000000002500 ) ) ;
#4632 =( GEOMETRIC_REPRESENTATION_CONTEXT ( 3 ) GLOBAL_UNCERTAINTY_ASSIGNED_CONTEXT ( ( #3468 ) ) GLOBAL_UNIT_ASSIGNED_CONTEXT ( ( #7533, #3563, #8191 ) ) REPRESENTATION_CONTEXT ( 'NONE', 'WORKASPACE' ) );
#4633 = DIRECTION ( 'NONE',  ( 0.0000000000000000000, -1.000000000000000000, -3.686287386450737200E-014 ) ) ;
#4634 = EDGE_CURVE ( 'NONE', #7066, #3487, #5924, .T. ) ;
#4635 = CARTESIAN_POINT ( 'NONE',  ( 2.000000000000000000, -1.299999999999999600, 0.5635000000000000000 ) ) ;
#4636 = MANIFOLD_SOLID_BREP ( 'Lead5', #3314 ) ;
#4637 = DIRECTION ( 'NONE',  ( 1.000000000000000000, 0.0000000000000000000, -0.0000000000000000000 ) ) ;
#4638 = ADVANCED_FACE ( 'NONE', ( #7039 ), #1801, .F. ) ;
#4639 = ORIENTED_EDGE ( 'NONE', *, *, #1619, .F. ) ;
#4640 = DIRECTION ( 'NONE',  ( -0.0000000000000000000, 3.686287386450737200E-014, 1.000000000000000000 ) ) ;
#4641 =( GEOMETRIC_REPRESENTATION_CONTEXT ( 3 ) GLOBAL_UNCERTAINTY_ASSIGNED_CONTEXT ( ( #2504 ) ) GLOBAL_UNIT_ASSIGNED_CONTEXT ( ( #6856, #2891, #7531 ) ) REPRESENTATION_CONTEXT ( 'NONE', 'WORKASPACE' ) );
#4642 = VECTOR ( 'NONE', #2583, 1000.000000000000000 ) ;
#4643 =( NAMED_UNIT ( * ) SI_UNIT ( $, .STERADIAN. ) SOLID_ANGLE_UNIT ( ) );
#4644 = SURFACE_STYLE_FILL_AREA ( #1602 ) ;
#4645 = MECHANICAL_DESIGN_GEOMETRIC_PRESENTATION_REPRESENTATION (  '', ( #3309 ), #5100 ) ;
#4646 = CARTESIAN_POINT ( 'NONE',  ( 0.07500000000000019200, 2.000000000000000000, 0.1270000000000002500 ) ) ;
#4647 = DIRECTION ( 'NONE',  ( 0.0000000000000000000, 0.0000000000000000000, -1.000000000000000000 ) ) ;
#4648 = FACE_OUTER_BOUND ( 'NONE', #6903, .T. ) ;
#4649 = CARTESIAN_POINT ( 'NONE',  ( -0.6249999999999998900, 1.583686420389025100, 0.1138136583594313900 ) ) ;
#4650 = VERTEX_POINT ( 'NONE', #5753 ) ;
#4651 = EDGE_CURVE ( 'NONE', #6300, #781, #8181, .T. ) ;
#4652 = CARTESIAN_POINT ( 'NONE',  ( 1.575000000000000200, 1.676313579610975200, 0.4496863416405709200 ) ) ;
#4653 = VECTOR ( 'NONE', #4976, 1000.000000000000000 ) ;
#4654 = DIRECTION ( 'NONE',  ( 0.0000000000000000000, 0.0000000000000000000, -1.000000000000000000 ) ) ;
#4655 = CARTESIAN_POINT ( 'NONE',  ( 1.075000000000000200, 1.500000000000000400, 0.4365000000000020500 ) ) ;
#4656 = VERTEX_POINT ( 'NONE', #2482 ) ;
#4657 = CARTESIAN_POINT ( 'NONE',  ( 1.575000000000000200, -1.710000000000000200, 0.1270000000000002200 ) ) ;
#4658 = PLANE ( 'NONE',  #1643 ) ;
#4659 = EDGE_CURVE ( 'NONE', #3555, #7335, #1384, .T. ) ;
#4660 =( GEOMETRIC_REPRESENTATION_CONTEXT ( 3 ) GLOBAL_UNCERTAINTY_ASSIGNED_CONTEXT ( ( #6896 ) ) GLOBAL_UNIT_ASSIGNED_CONTEXT ( ( #61, #3253, #6460 ) ) REPRESENTATION_CONTEXT ( 'NONE', 'WORKASPACE' ) );
#4661 = ORIENTED_EDGE ( 'NONE', *, *, #3273, .T. ) ;
#4662 = COLOUR_RGB ( '',1.000000000000000000, 1.000000000000000000, 1.000000000000000000 ) ;
#4663 = FILL_AREA_STYLE_COLOUR ( '', #930 ) ;
#4664 = ORIENTED_EDGE ( 'NONE', *, *, #3410, .T. ) ;
#4665 = DIRECTION ( 'NONE',  ( -1.000000000000000000, 0.0000000000000000000, -0.0000000000000000000 ) ) ;
#4666 = UNCERTAINTY_MEASURE_WITH_UNIT (LENGTH_MEASURE( 1.000000000000000100E-005 ), #6290, 'distance_accuracy_value', 'NONE');
#4667 = LINE ( 'NONE', #5815, #6020 ) ;
#4668 = PRESENTATION_STYLE_ASSIGNMENT (( #6372 ) ) ;
#4669 = CARTESIAN_POINT ( 'NONE',  ( 1.075000000000000200, 2.000000000000000000, 0.1270000000000002500 ) ) ;
#4670 = VERTEX_POINT ( 'NONE', #1825 ) ;
#4671 = ORIENTED_EDGE ( 'NONE', *, *, #8424, .T. ) ;
#4672 = CIRCLE ( 'NONE', #2078, 0.1269999999999999500 ) ;
#4673 = EDGE_CURVE ( 'NONE', #3909, #6300, #6416, .T. ) ;
#4674 =( GEOMETRIC_REPRESENTATION_CONTEXT ( 3 ) GLOBAL_UNCERTAINTY_ASSIGNED_CONTEXT ( ( #3861 ) ) GLOBAL_UNIT_ASSIGNED_CONTEXT ( ( #6197, #2209, #6839 ) ) REPRESENTATION_CONTEXT ( 'NONE', 'WORKASPACE' ) );
#4675 = DIRECTION ( 'NONE',  ( -1.000000000000000000, -0.0000000000000000000, -0.0000000000000000000 ) ) ;
#4676 = DIRECTION ( 'NONE',  ( -1.000000000000000000, 0.0000000000000000000, -0.0000000000000000000 ) ) ;
#4677 = UNCERTAINTY_MEASURE_WITH_UNIT (LENGTH_MEASURE( 1.000000000000000100E-005 ), #6174, 'distance_accuracy_value', 'NONE');
#4678 = FILL_AREA_STYLE_COLOUR ( '', #7237 ) ;
#4679 = LINE ( 'NONE', #265, #1398 ) ;
#4680 = CARTESIAN_POINT ( 'NONE',  ( -1.424999999999999800, 2.000000000000000000, 2.439454888092385000E-016 ) ) ;
#4681 = DIRECTION ( 'NONE',  ( -0.0000000000000000000, 3.686287386450737200E-014, 1.000000000000000000 ) ) ;
#4682 = LINE ( 'NONE', #7980, #2915 ) ;
#4683 = DIRECTION ( 'NONE',  ( -0.0000000000000000000, -0.1038294617367629000, 0.9945951150470496700 ) ) ;
#4684 = PRESENTATION_LAYER_ASSIGNMENT (  '', '', ( #4248 ) ) ;
#4685 = ADVANCED_FACE ( 'NONE', ( #6237 ), #3136, .T. ) ;
#4686 = CARTESIAN_POINT ( 'NONE',  ( 1.800000000000000000, -1.499999999999999800, 0.3000000000000000400 ) ) ;
#4687 =( LENGTH_UNIT ( ) NAMED_UNIT ( * ) SI_UNIT ( .MILLI., .METRE. ) );
#4688 =( GEOMETRIC_REPRESENTATION_CONTEXT ( 3 ) GLOBAL_UNCERTAINTY_ASSIGNED_CONTEXT ( ( #7561 ) ) GLOBAL_UNIT_ASSIGNED_CONTEXT ( ( #285, #2990, #7398 ) ) REPRESENTATION_CONTEXT ( 'NONE', 'WORKASPACE' ) );
#4689 = EDGE_LOOP ( 'NONE', ( #2091, #8492, #4452, #1928 ) ) ;
#4690 = FACE_OUTER_BOUND ( 'NONE', #2166, .T. ) ;
#4691 = CARTESIAN_POINT ( 'NONE',  ( -1.800000000000000000, -1.299999999999999800, 0.6999999999999997300 ) ) ;
#4692 = EDGE_CURVE ( 'NONE', #7918, #2417, #985, .T. ) ;
#4693 = EDGE_CURVE ( 'NONE', #8395, #8278, #4667, .T. ) ;
#4694 = ORIENTED_EDGE ( 'NONE', *, *, #8312, .T. ) ;
#4695 = SURFACE_STYLE_FILL_AREA ( #6402 ) ;
#4696 = VERTEX_POINT ( 'NONE', #8473 ) ;
#4697 = DIRECTION ( 'NONE',  ( 0.0000000000000000000, -1.000000000000000000, 3.686287386450737200E-014 ) ) ;
#4698 = ORIENTED_EDGE ( 'NONE', *, *, #6862, .T. ) ;
#4699 = SURFACE_SIDE_STYLE ('',( #5891 ) ) ;
#4700 =( GEOMETRIC_REPRESENTATION_CONTEXT ( 3 ) GLOBAL_UNCERTAINTY_ASSIGNED_CONTEXT ( ( #2764 ) ) GLOBAL_UNIT_ASSIGNED_CONTEXT ( ( #1207, #5806, #1846 ) ) REPRESENTATION_CONTEXT ( 'NONE', 'WORKASPACE' ) );
#4701 = ORIENTED_EDGE ( 'NONE', *, *, #3086, .F. ) ;
#4702 = MECHANICAL_DESIGN_GEOMETRIC_PRESENTATION_REPRESENTATION (  '', ( #3795 ), #5148 ) ;
#4703 = SURFACE_STYLE_FILL_AREA ( #2973 ) ;
#4704 = FILL_AREA_STYLE_COLOUR ( '', #8341 ) ;
#4705 = DIRECTION ( 'NONE',  ( 0.0000000000000000000, 2.168404344971013200E-015, -1.000000000000000000 ) ) ;
#4706 = EDGE_CURVE ( 'NONE', #6924, #8292, #7771, .T. ) ;
#4707 = LINE ( 'NONE', #3406, #6273 ) ;
#4708 = VECTOR ( 'NONE', #2800, 1000.000000000000000 ) ;
#4709 = VERTEX_POINT ( 'NONE', #5846 ) ;
#4710 =( NAMED_UNIT ( * ) SI_UNIT ( $, .STERADIAN. ) SOLID_ANGLE_UNIT ( ) );
#4711 = FILL_AREA_STYLE ('',( #7326 ) ) ;
#4712 = CARTESIAN_POINT ( 'NONE',  ( 1.075000000000000200, -1.676313579610975200, 0.4496863416405709200 ) ) ;
#4713 = DIRECTION ( 'NONE',  ( 0.0000000000000000000, 3.414809992080329100E-015, -1.000000000000000000 ) ) ;
#4714 = AXIS2_PLACEMENT_3D ( 'NONE', #5661, #3813, #4910 ) ;
#4715 = ORIENTED_EDGE ( 'NONE', *, *, #7793, .T. ) ;
#4716 = FACE_OUTER_BOUND ( 'NONE', #6279, .T. ) ;
#4717 =( NAMED_UNIT ( * ) SI_UNIT ( $, .STERADIAN. ) SOLID_ANGLE_UNIT ( ) );
#4718 = STYLED_ITEM ( 'NONE', ( #5359 ), #7894 ) ;
#4719 = VERTEX_POINT ( 'NONE', #589 ) ;
#4720 = DIRECTION ( 'NONE',  ( -1.000000000000000000, 0.0000000000000000000, -0.0000000000000000000 ) ) ;
#4721 = PRESENTATION_STYLE_ASSIGNMENT (( #1136 ) ) ;
#4722 = CARTESIAN_POINT ( 'NONE',  ( 0.8750000000000001100, 1.676313579610975200, 0.4496863416405709200 ) ) ;
#4723 = CARTESIAN_POINT ( 'NONE',  ( 0.07500000000000019200, 1.583686420389025100, 0.1138136583594313900 ) ) ;
#4724 = SURFACE_STYLE_FILL_AREA ( #1074 ) ;
#4725 = SURFACE_SIDE_STYLE ('',( #7079 ) ) ;
#4726 = EDGE_CURVE ( 'NONE', #5127, #1498, #4259, .T. ) ;
#4727 = COLOUR_RGB ( '',1.000000000000000000, 1.000000000000000000, 1.000000000000000000 ) ;
#4728 =( NAMED_UNIT ( * ) PLANE_ANGLE_UNIT ( ) SI_UNIT ( $, .RADIAN. ) );
#4729 =( GEOMETRIC_REPRESENTATION_CONTEXT ( 3 ) GLOBAL_UNCERTAINTY_ASSIGNED_CONTEXT ( ( #3446 ) ) GLOBAL_UNIT_ASSIGNED_CONTEXT ( ( #7665, #3693, #8331 ) ) REPRESENTATION_CONTEXT ( 'NONE', 'WORKASPACE' ) );
#4730 = UNCERTAINTY_MEASURE_WITH_UNIT (LENGTH_MEASURE( 1.000000000000000100E-005 ), #3880, 'distance_accuracy_value', 'NONE');
#4731 = DIRECTION ( 'NONE',  ( 0.0000000000000000000, -1.000000000000000000, -1.084202172485504400E-016 ) ) ;
#4732 = ADVANCED_FACE ( 'NONE', ( #2496 ), #7821, .F. ) ;
#4733 = VECTOR ( 'NONE', #4966, 1000.000000000000000 ) ;
#4734 = ORIENTED_EDGE ( 'NONE', *, *, #4323, .F. ) ;
#4735 = VECTOR ( 'NONE', #2138, 1000.000000000000200 ) ;
#4736 = FILL_AREA_STYLE ('',( #3390 ) ) ;
#4737 = COLOUR_RGB ( '',1.000000000000000000, 1.000000000000000000, 1.000000000000000000 ) ;
#4738 = DIRECTION ( 'NONE',  ( 0.0000000000000000000, -1.000000000000000000, -3.686287386450737200E-014 ) ) ;
#4739 = MECHANICAL_DESIGN_GEOMETRIC_PRESENTATION_REPRESENTATION (  '', ( #3393 ), #5182 ) ;
#4740 = ORIENTED_EDGE ( 'NONE', *, *, #1286, .F. ) ;
#4741 = ORIENTED_EDGE ( 'NONE', *, *, #7431, .T. ) ;
#4742 = COLOUR_RGB ( '',1.000000000000000000, 1.000000000000000000, 1.000000000000000000 ) ;
#4743 = FILL_AREA_STYLE_COLOUR ( '', #2859 ) ;
#4744 = CARTESIAN_POINT ( 'NONE',  ( 2.000000000000000000, 1.300000000000000300, 0.9000000000000001300 ) ) ;
#4745 = SURFACE_SIDE_STYLE ('',( #5621 ) ) ;
#4746 = LINE ( 'NONE', #649, #1055 ) ;
#4747 = ORIENTED_EDGE ( 'NONE', *, *, #2606, .T. ) ;
#4748 = SURFACE_STYLE_USAGE ( .BOTH. , #163 ) ;
#4749 = SURFACE_STYLE_USAGE ( .BOTH. , #164 ) ;
#4750 = COLOUR_RGB ( '',1.000000000000000000, 1.000000000000000000, 1.000000000000000000 ) ;
#4751 = PRESENTATION_LAYER_ASSIGNMENT (  '', '', ( #4315 ) ) ;
#4752 = ORIENTED_EDGE ( 'NONE', *, *, #7754, .T. ) ;
#4753 = CARTESIAN_POINT ( 'NONE',  ( -0.9249999999999998200, 1.500000000000000000, 0.5635000000000020000 ) ) ;
#4754 = CARTESIAN_POINT ( 'NONE',  ( -2.125000000000000000, -1.500000000000000000, 0.4365000000000000000 ) ) ;
#4755 = AXIS2_PLACEMENT_3D ( 'NONE', #1917, #6537, #2573 ) ;
#4756 = COLOUR_RGB ( '',1.000000000000000000, 1.000000000000000000, 1.000000000000000000 ) ;
#4757 = DIRECTION ( 'NONE',  ( -0.0000000000000000000, -1.000000000000000000, -0.0000000000000000000 ) ) ;
#4758 = ORIENTED_EDGE ( 'NONE', *, *, #7026, .T. ) ;
#4759 = EDGE_CURVE ( 'NONE', #1013, #2985, #154, .T. ) ;
#4760 = ORIENTED_EDGE ( 'NONE', *, *, #766, .F. ) ;
#4761 = EDGE_LOOP ( 'NONE', ( #1951, #2037, #2373, #6442 ) ) ;
#4762 = DIRECTION ( 'NONE',  ( 0.0000000000000000000, 1.000000000000000000, 2.168404344971012800E-015 ) ) ;
#4763 = LINE ( 'NONE', #6160, #6315 ) ;
#4764 = LINE ( 'NONE', #4723, #4553 ) ;
#4765 = CARTESIAN_POINT ( 'NONE',  ( 1.575000000000000200, 2.000000000000000000, 0.1270000000000002500 ) ) ;
#4766 = CLOSED_SHELL ( 'NONE', ( #7140, #7102, #6476, #256, #5344, #8511, #2510, #8192, #4083, #3, #2907, #6689 ) ) ;
#4767 =( GEOMETRIC_REPRESENTATION_CONTEXT ( 3 ) GLOBAL_UNCERTAINTY_ASSIGNED_CONTEXT ( ( #6584 ) ) GLOBAL_UNIT_ASSIGNED_CONTEXT ( ( #6536, #2571, #7190 ) ) REPRESENTATION_CONTEXT ( 'NONE', 'WORKASPACE' ) );
#4768 = EDGE_LOOP ( 'NONE', ( #5031, #2760, #5183, #4047 ) ) ;
#4769 =( GEOMETRIC_REPRESENTATION_CONTEXT ( 3 ) GLOBAL_UNCERTAINTY_ASSIGNED_CONTEXT ( ( #5059 ) ) GLOBAL_UNIT_ASSIGNED_CONTEXT ( ( #7627, #3452, #7236 ) ) REPRESENTATION_CONTEXT ( 'NONE', 'WORKASPACE' ) );
#4770 = ORIENTED_EDGE ( 'NONE', *, *, #6714, .F. ) ;
#4771 = VECTOR ( 'NONE', #6166, 1000.000000000000000 ) ;
#4772 = DIRECTION ( 'NONE',  ( 0.0000000000000000000, 2.168404344971013200E-015, -1.000000000000000000 ) ) ;
#4773 = VERTEX_POINT ( 'NONE', #8501 ) ;
#4774 = SURFACE_STYLE_USAGE ( .BOTH. , #186 ) ;
#4775 = EDGE_CURVE ( 'NONE', #7446, #4696, #3409, .T. ) ;
#4776 = FILL_AREA_STYLE_COLOUR ( '', #2937 ) ;
#4777 = DIRECTION ( 'NONE',  ( -0.0000000000000000000, 0.1038294617367628000, -0.9945951150470496700 ) ) ;
#4778 = VERTEX_POINT ( 'NONE', #6552 ) ;
#4779 =( NAMED_UNIT ( * ) PLANE_ANGLE_UNIT ( ) SI_UNIT ( $, .RADIAN. ) );
#4780 = ORIENTED_EDGE ( 'NONE', *, *, #7530, .F. ) ;
#4781 = ADVANCED_FACE ( 'NONE', ( #6943 ), #7878, .F. ) ;
#4782 =( NAMED_UNIT ( * ) SI_UNIT ( $, .STERADIAN. ) SOLID_ANGLE_UNIT ( ) );
#4783 = EDGE_CURVE ( 'NONE', #5928, #4145, #7864, .T. ) ;
#4784 = UNCERTAINTY_MEASURE_WITH_UNIT (LENGTH_MEASURE( 1.000000000000000100E-005 ), #3109, 'distance_accuracy_value', 'NONE');
#4785 = CARTESIAN_POINT ( 'NONE',  ( -1.800000000000000000, -1.299999999999999800, 0.8999999999999998000 ) ) ;
#4786 = LINE ( 'NONE', #1011, #3009 ) ;
#4787 = VERTEX_POINT ( 'NONE', #3277 ) ;
#4788 = EDGE_LOOP ( 'NONE', ( #3697, #5250, #3937, #5819 ) ) ;
#4789 = DIRECTION ( 'NONE',  ( 0.0000000000000000000, -3.414809992080329100E-015, -1.000000000000000000 ) ) ;
#4790 = CARTESIAN_POINT ( 'NONE',  ( -0.4249999999999998200, 1.550000000000000300, 0.4365000000000002200 ) ) ;
#4791 = CARTESIAN_POINT ( 'NONE',  ( 1.075000000000000200, -2.000000000000000000, 0.1270000000000002500 ) ) ;
#4792 = MECHANICAL_DESIGN_GEOMETRIC_PRESENTATION_REPRESENTATION (  '', ( #3006 ), #5234 ) ;
#4793 = MECHANICAL_DESIGN_GEOMETRIC_PRESENTATION_REPRESENTATION (  '', ( #3892 ), #5236 ) ;
#4794 = ORIENTED_EDGE ( 'NONE', *, *, #6776, .T. ) ;
#4795 = ORIENTED_EDGE ( 'NONE', *, *, #7078, .T. ) ;
#4796 = CARTESIAN_POINT ( 'NONE',  ( 1.575000000000000200, 1.500000000000000000, 0.5635000000000020000 ) ) ;
#4797 = FILL_AREA_STYLE ('',( #8089 ) ) ;
#4798 = DIRECTION ( 'NONE',  ( 0.0000000000000000000, -0.1038294617367628000, -0.9945951150470496700 ) ) ;
#4799 = EDGE_LOOP ( 'NONE', ( #4401, #825, #4780, #4443, #4136, #3388 ) ) ;
#4800 = VECTOR ( 'NONE', #7155, 1000.000000000000000 ) ;
#4801 = LINE ( 'NONE', #6008, #1305 ) ;
#4802 = ORIENTED_EDGE ( 'NONE', *, *, #2700, .F. ) ;
#4803 = FILL_AREA_STYLE ('',( #4142 ) ) ;
#4804 = AXIS2_PLACEMENT_3D ( 'NONE', #712, #5300, #1358 ) ;
#4805 = SURFACE_STYLE_FILL_AREA ( #514 ) ;
#4806 = PLANE ( 'NONE',  #963 ) ;
#4807 = FILL_AREA_STYLE ('',( #1508 ) ) ;
#4808 = ORIENTED_EDGE ( 'NONE', *, *, #4983, .T. ) ;
#4809 = MECHANICAL_DESIGN_GEOMETRIC_PRESENTATION_REPRESENTATION (  '', ( #3907 ), #5251 ) ;
#4810 = DIRECTION ( 'NONE',  ( 0.0000000000000000000, 1.000000000000000000, -1.355252715606880500E-017 ) ) ;
#4811 = VECTOR ( 'NONE', #2353, 1000.000000000000000 ) ;
#4812 = SURFACE_STYLE_FILL_AREA ( #2452 ) ;
#4813 = EDGE_LOOP ( 'NONE', ( #2489, #6496, #6667, #5804 ) ) ;
#4814 = EDGE_CURVE ( 'NONE', #1773, #6056, #1076, .T. ) ;
#4815 = DIRECTION ( 'NONE',  ( 0.0000000000000000000, -2.168404344971013200E-015, -1.000000000000000000 ) ) ;
#4816 = MECHANICAL_DESIGN_GEOMETRIC_PRESENTATION_REPRESENTATION (  '', ( #3472 ), #5258 ) ;
#4817 = CYLINDRICAL_SURFACE ( 'NONE', #5745, 0.2000000000000000100 ) ;
#4818 = CARTESIAN_POINT ( 'NONE',  ( -0.9249999999999998200, 1.583686420389025100, 0.1138136583594313900 ) ) ;
#4819 = PRESENTATION_LAYER_ASSIGNMENT (  '', '', ( #4382 ) ) ;
#4820 = ADVANCED_FACE ( 'NONE', ( #884 ), #5288, .F. ) ;
#4821 = COLOUR_RGB ( '',1.000000000000000000, 1.000000000000000000, 1.000000000000000000 ) ;
#4822 = EDGE_CURVE ( 'NONE', #5078, #3325, #252, .T. ) ;
#4823 = ORIENTED_EDGE ( 'NONE', *, *, #3300, .F. ) ;
#4824 = SURFACE_STYLE_FILL_AREA ( #8038 ) ;
#4825 = CARTESIAN_POINT ( 'NONE',  ( 1.375000000000000200, 1.676313579610975200, 0.4496863416405709200 ) ) ;
#4826 = DIRECTION ( 'NONE',  ( -0.0000000000000000000, 5.421010862427520200E-016, 1.000000000000000000 ) ) ;
#4827 = EDGE_CURVE ( 'NONE', #6348, #677, #5488, .T. ) ;
#4828 = PRESENTATION_LAYER_ASSIGNMENT (  '', '', ( #3935 ) ) ;
#4829 = CARTESIAN_POINT ( 'NONE',  ( 1.075000000000000200, -1.710000000000000200, 0.1270000000000002200 ) ) ;
#4830 = PRESENTATION_LAYER_ASSIGNMENT (  '', '', ( #4402 ) ) ;
#4831 = FILL_AREA_STYLE_COLOUR ( '', #2613 ) ;
#4832 = SURFACE_STYLE_FILL_AREA ( #6291 ) ;
#4833 = VERTEX_POINT ( 'NONE', #2674 ) ;
#4834 = CARTESIAN_POINT ( 'NONE',  ( -0.4249999999999998200, -1.583686420389025100, 0.1138136583594313900 ) ) ;
#4835 = COLOUR_RGB ( '',1.000000000000000000, 1.000000000000000000, 1.000000000000000000 ) ;
#4836 = UNCERTAINTY_MEASURE_WITH_UNIT (LENGTH_MEASURE( 1.000000000000000100E-005 ), #232, 'distance_accuracy_value', 'NONE');
#4837 = LINE ( 'NONE', #7893, #1342 ) ;
#4838 = EDGE_CURVE ( 'NONE', #676, #5416, #1969, .T. ) ;
#4839 =( NAMED_UNIT ( * ) SI_UNIT ( $, .STERADIAN. ) SOLID_ANGLE_UNIT ( ) );
#4840 = PRESENTATION_LAYER_ASSIGNMENT (  '', '', ( #4413 ) ) ;
#4841 = COLOUR_RGB ( '',1.000000000000000000, 1.000000000000000000, 1.000000000000000000 ) ;
#4842 =( NAMED_UNIT ( * ) PLANE_ANGLE_UNIT ( ) SI_UNIT ( $, .RADIAN. ) );
#4843 = LINE ( 'NONE', #5968, #3074 ) ;
#4844 = COLOUR_RGB ( '',1.000000000000000000, 1.000000000000000000, 1.000000000000000000 ) ;
#4845 = SURFACE_SIDE_STYLE ('',( #8275 ) ) ;
#4846 = ORIENTED_EDGE ( 'NONE', *, *, #6070, .T. ) ;
#4847 = VECTOR ( 'NONE', #1788, 1000.000000000000000 ) ;
#4848 = PLANE ( 'NONE',  #6284 ) ;
#4849 = DIRECTION ( 'NONE',  ( -0.0000000000000000000, -0.0000000000000000000, 1.000000000000000000 ) ) ;
#4850 = STYLED_ITEM ( 'NONE', ( #1116 ), #5435 ) ;
#4851 = PRESENTATION_STYLE_ASSIGNMENT (( #7077 ) ) ;
#4852 = FILL_AREA_STYLE_COLOUR ( '', #175 ) ;
#4853 = EDGE_LOOP ( 'NONE', ( #3599, #4098, #1701, #7910 ) ) ;
#4854 = STYLED_ITEM ( 'NONE', ( #6366 ), #656 ) ;
#4855 = ORIENTED_EDGE ( 'NONE', *, *, #2536, .F. ) ;
#4856 = LINE ( 'NONE', #1922, #4642 ) ;
#4857 = DIRECTION ( 'NONE',  ( -1.000000000000000000, 0.0000000000000000000, -0.0000000000000000000 ) ) ;
#4858 = EDGE_CURVE ( 'NONE', #2828, #1281, #7031, .T. ) ;
#4859 = VECTOR ( 'NONE', #275, 1000.000000000000000 ) ;
#4860 = ORIENTED_EDGE ( 'NONE', *, *, #6169, .F. ) ;
#4861 = ADVANCED_FACE ( 'NONE', ( #3512 ), #1404, .F. ) ;
#4863 = UNCERTAINTY_MEASURE_WITH_UNIT (LENGTH_MEASURE( 1.000000000000000100E-005 ), #3058, 'distance_accuracy_value', 'NONE');
#4862 = DIRECTION ( 'NONE',  ( 0.0000000000000000000, -1.000000000000000000, 1.168321306557656000E-016 ) ) ;
#4864 =( NAMED_UNIT ( * ) PLANE_ANGLE_UNIT ( ) SI_UNIT ( $, .RADIAN. ) );
#4865 = ORIENTED_EDGE ( 'NONE', *, *, #4374, .T. ) ;
#4866 = STYLED_ITEM ( 'NONE', ( #671 ), #6835 ) ;
#4867 = ORIENTED_EDGE ( 'NONE', *, *, #83, .T. ) ;
#4868 = MECHANICAL_DESIGN_GEOMETRIC_PRESENTATION_REPRESENTATION (  '', ( #3525 ), #5315 ) ;
#4869 = CARTESIAN_POINT ( 'NONE',  ( 0.5750000000000001800, 1.710000000000000200, 2.710505431213761100E-016 ) ) ;
#4870 = PRESENTATION_STYLE_ASSIGNMENT (( #5919 ) ) ;
#4871 = EDGE_CURVE ( 'NONE', #8224, #7060, #6228, .T. ) ;
#4872 = FILL_AREA_STYLE_COLOUR ( '', #8162 ) ;
#4873 = EDGE_LOOP ( 'NONE', ( #4073, #4770, #5220, #3855 ) ) ;
#4874 = DIRECTION ( 'NONE',  ( 0.0000000000000000000, 1.000000000000000000, 2.168404344971012800E-015 ) ) ;
#4875 = ORIENTED_EDGE ( 'NONE', *, *, #7940, .F. ) ;
#4876 = VECTOR ( 'NONE', #4738, 1000.000000000000000 ) ;
#4877 = VERTEX_POINT ( 'NONE', #2737 ) ;
#4878 = CARTESIAN_POINT ( 'NONE',  ( -1.125000000000000000, -1.500000000000000000, 0.5635000000000020000 ) ) ;
#4879 = LINE ( 'NONE', #7670, #8399 ) ;
#4880 = DIRECTION ( 'NONE',  ( -0.0000000000000000000, 0.0000000000000000000, -1.000000000000000000 ) ) ;
#4881 = AXIS2_PLACEMENT_3D ( 'NONE', #430, #1627, #2320 ) ;
#4882 = DIRECTION ( 'NONE',  ( 0.0000000000000000000, -1.000000000000000000, 2.710505431213759600E-016 ) ) ;
#4883 = DIRECTION ( 'NONE',  ( 0.0000000000000000000, 1.000000000000000000, 2.168404344971012800E-015 ) ) ;
#4884 = SURFACE_SIDE_STYLE ('',( #8122 ) ) ;
#4885 = VECTOR ( 'NONE', #2277, 1000.000000000000000 ) ;
#4886 = PLANE ( 'NONE',  #6887 ) ;
#4887 = CARTESIAN_POINT ( 'NONE',  ( -1.424999999999999800, -1.710000000000000200, 0.1270000000000002500 ) ) ;
#4888 = ORIENTED_EDGE ( 'NONE', *, *, #1826, .F. ) ;
#4889 = DIRECTION ( 'NONE',  ( -1.000000000000000000, 0.0000000000000000000, 0.0000000000000000000 ) ) ;
#4890 = VERTEX_POINT ( 'NONE', #5346 ) ;
#4891 = CARTESIAN_POINT ( 'NONE',  ( 1.575000000000000200, -1.710000000000000200, 0.1270000000000002500 ) ) ;
#4892 = ORIENTED_EDGE ( 'NONE', *, *, #7046, .T. ) ;
#4893 = EDGE_CURVE ( 'NONE', #6991, #1506, #7762, .T. ) ;
#4894 = DIRECTION ( 'NONE',  ( -0.0000000000000000000, 1.000000000000000000, 0.0000000000000000000 ) ) ;
#4895 =( GEOMETRIC_REPRESENTATION_CONTEXT ( 3 ) GLOBAL_UNCERTAINTY_ASSIGNED_CONTEXT ( ( #1054 ) ) GLOBAL_UNIT_ASSIGNED_CONTEXT ( ( #7525, #3557, #8186 ) ) REPRESENTATION_CONTEXT ( 'NONE', 'WORKASPACE' ) );
#4896 = COLOUR_RGB ( '',1.000000000000000000, 1.000000000000000000, 1.000000000000000000 ) ;
#4897 = ORIENTED_EDGE ( 'NONE', *, *, #447, .F. ) ;
#4898 = ORIENTED_EDGE ( 'NONE', *, *, #3350, .F. ) ;
#4899 = FACE_OUTER_BOUND ( 'NONE', #6730, .T. ) ;
#4900 =( NAMED_UNIT ( * ) SI_UNIT ( $, .STERADIAN. ) SOLID_ANGLE_UNIT ( ) );
#4901 = EDGE_LOOP ( 'NONE', ( #4034, #5333, #2782, #3948 ) ) ;
#4902 = EDGE_LOOP ( 'NONE', ( #8425, #1496, #354, #6774 ) ) ;
#4903 = CARTESIAN_POINT ( 'NONE',  ( -2.000000000000000000, -1.299999999999999600, 0.4365000000000000000 ) ) ;
#4904 = SURFACE_STYLE_USAGE ( .BOTH. , #979 ) ;
#4905 = ORIENTED_EDGE ( 'NONE', *, *, #7465, .T. ) ;
#4906 = DIRECTION ( 'NONE',  ( -1.000000000000000000, 0.0000000000000000000, 0.0000000000000000000 ) ) ;
#4907 = ADVANCED_FACE ( 'NONE', ( #4249 ), #1863, .T. ) ;
#4908 = ORIENTED_EDGE ( 'NONE', *, *, #3871, .T. ) ;
#4909 = MECHANICAL_DESIGN_GEOMETRIC_PRESENTATION_REPRESENTATION (  '', ( #3564 ), #5349 ) ;
#4910 = DIRECTION ( 'NONE',  ( 0.0000000000000000000, 1.000000000000000000, 3.686287386450737200E-014 ) ) ;
#4911 = FACE_OUTER_BOUND ( 'NONE', #3957, .T. ) ;
#4912 = SURFACE_STYLE_USAGE ( .BOTH. , #5607 ) ;
#4913 = CARTESIAN_POINT ( 'NONE',  ( -1.800000000000000000, 1.300000000000000000, 0.1000000000000000100 ) ) ;
#4914 = LINE ( 'NONE', #366, #2932 ) ;
#4915 =( NAMED_UNIT ( * ) PLANE_ANGLE_UNIT ( ) SI_UNIT ( $, .RADIAN. ) );
#4916 = VERTEX_POINT ( 'NONE', #8056 ) ;
#4917 = LINE ( 'NONE', #6109, #3351 ) ;
#4918 = CARTESIAN_POINT ( 'NONE',  ( 0.8750000000000001100, -2.000000000000000000, 0.1270000000000002500 ) ) ;
#4919 = EDGE_LOOP ( 'NONE', ( #8066, #3815, #1918, #2730 ) ) ;
#4920 =( NAMED_UNIT ( * ) SI_UNIT ( $, .STERADIAN. ) SOLID_ANGLE_UNIT ( ) );
#4921 = STYLED_ITEM ( 'NONE', ( #3218 ), #6216 ) ;
#4922 = CARTESIAN_POINT ( 'NONE',  ( -1.125000000000000000, 1.550000000000000300, 0.4365000000000002200 ) ) ;
#4923 =( NAMED_UNIT ( * ) PLANE_ANGLE_UNIT ( ) SI_UNIT ( $, .RADIAN. ) );
#4924 =( GEOMETRIC_REPRESENTATION_CONTEXT ( 3 ) GLOBAL_UNCERTAINTY_ASSIGNED_CONTEXT ( ( #4277 ) ) GLOBAL_UNIT_ASSIGNED_CONTEXT ( ( #2411, #7029, #3066 ) ) REPRESENTATION_CONTEXT ( 'NONE', 'WORKASPACE' ) );
#4925 = LINE ( 'NONE', #2752, #3146 ) ;
#4926 = CARTESIAN_POINT ( 'NONE',  ( -1.800000000000000000, -1.299999999999999800, 0.3000000000000000400 ) ) ;
#4927 = EDGE_CURVE ( 'NONE', #7466, #228, #5390, .T. ) ;
#4928 = PRESENTATION_STYLE_ASSIGNMENT (( #2577 ) ) ;
#4929 = VECTOR ( 'NONE', #295, 1000.000000000000200 ) ;
#4930 = SURFACE_STYLE_FILL_AREA ( #7727 ) ;
#4931 = CARTESIAN_POINT ( 'NONE',  ( 0.8750000000000001100, -1.500000000000000400, 0.4365000000000020500 ) ) ;
#4932 = DIRECTION ( 'NONE',  ( -0.0000000000000000000, -0.0000000000000000000, 1.000000000000000000 ) ) ;
#4933 = SURFACE_SIDE_STYLE ('',( #5792 ) ) ;
#4934 =( GEOMETRIC_REPRESENTATION_CONTEXT ( 3 ) GLOBAL_UNCERTAINTY_ASSIGNED_CONTEXT ( ( #1971 ) ) GLOBAL_UNIT_ASSIGNED_CONTEXT ( ( #2409, #7027, #3064 ) ) REPRESENTATION_CONTEXT ( 'NONE', 'WORKASPACE' ) );
#4935 = CARTESIAN_POINT ( 'NONE',  ( 0.5750000000000001800, 1.710000000000000200, 0.1270000000000002500 ) ) ;
#4936 = DIRECTION ( 'NONE',  ( 1.000000000000000000, 0.0000000000000000000, -0.0000000000000000000 ) ) ;
#4937 =( GEOMETRIC_REPRESENTATION_CONTEXT ( 3 ) GLOBAL_UNCERTAINTY_ASSIGNED_CONTEXT ( ( #6230 ) ) GLOBAL_UNIT_ASSIGNED_CONTEXT ( ( #4002, #4325, #3203 ) ) REPRESENTATION_CONTEXT ( 'NONE', 'WORKASPACE' ) );
#4938 = EDGE_LOOP ( 'NONE', ( #347, #7495, #6323, #4978, #7568, #4892, #4496, #621, #7343, #6867 ) ) ;
#4939 = LINE ( 'NONE', #6474, #8456 ) ;
#4940 = CARTESIAN_POINT ( 'NONE',  ( -0.4249999999999998200, 1.710000000000000200, 0.1270000000000002500 ) ) ;
#4941 = EDGE_CURVE ( 'NONE', #3860, #2675, #3615, .T. ) ;
#4942 = ADVANCED_FACE ( 'NONE', ( #351 ), #3418, .F. ) ;
#4943 = LINE ( 'NONE', #6319, #8247 ) ;
#4944 = DIRECTION ( 'NONE',  ( 0.0000000000000000000, 0.0000000000000000000, 1.000000000000000000 ) ) ;
#4945 = EDGE_CURVE ( 'NONE', #4367, #919, #3401, .T. ) ;
#4946 = LINE ( 'NONE', #6958, #6705 ) ;
#4947 = STYLED_ITEM ( 'NONE', ( #2445 ), #3547 ) ;
#4948 =( NAMED_UNIT ( * ) SI_UNIT ( $, .STERADIAN. ) SOLID_ANGLE_UNIT ( ) );
#4949 = UNCERTAINTY_MEASURE_WITH_UNIT (LENGTH_MEASURE( 1.000000000000000100E-005 ), #2940, 'distance_accuracy_value', 'NONE');
#4950 = AXIS2_PLACEMENT_3D ( 'NONE', #8119, #4165, #234 ) ;
#4951 = FILL_AREA_STYLE_COLOUR ( '', #4003 ) ;
#4952 = SURFACE_STYLE_USAGE ( .BOTH. , #358 ) ;
#4953 = COLOUR_RGB ( '',1.000000000000000000, 1.000000000000000000, 1.000000000000000000 ) ;
#4954 = DIRECTION ( 'NONE',  ( 0.0000000000000000000, -3.414809992080329100E-015, -1.000000000000000000 ) ) ;
#4955 = DIRECTION ( 'NONE',  ( 0.0000000000000000000, 0.0000000000000000000, 1.000000000000000000 ) ) ;
#4956 = ORIENTED_EDGE ( 'NONE', *, *, #5977, .F. ) ;
#4957 = ORIENTED_EDGE ( 'NONE', *, *, #784, .T. ) ;
#4958 = CARTESIAN_POINT ( 'NONE',  ( 0.07500000000000019200, -1.710000000000000200, 0.1270000000000002200 ) ) ;
#4959 = MECHANICAL_DESIGN_GEOMETRIC_PRESENTATION_REPRESENTATION (  '', ( #4063 ), #5404 ) ;
#4960 = DIRECTION ( 'NONE',  ( -1.000000000000000000, -0.0000000000000000000, -0.0000000000000000000 ) ) ;
#4961 = ORIENTED_EDGE ( 'NONE', *, *, #1927, .T. ) ;
#4962 =( GEOMETRIC_REPRESENTATION_CONTEXT ( 3 ) GLOBAL_UNCERTAINTY_ASSIGNED_CONTEXT ( ( #7839 ) ) GLOBAL_UNIT_ASSIGNED_CONTEXT ( ( #441, #5034, #1096 ) ) REPRESENTATION_CONTEXT ( 'NONE', 'WORKASPACE' ) );
#4963 =( LENGTH_UNIT ( ) NAMED_UNIT ( * ) SI_UNIT ( .MILLI., .METRE. ) );
#4964 = CARTESIAN_POINT ( 'NONE',  ( 2.000000000000000000, 1.300000000000000300, 0.4365000000000000000 ) ) ;
#4965 = LINE ( 'NONE', #5311, #8477 ) ;
#4966 = DIRECTION ( 'NONE',  ( -1.000000000000000000, -0.0000000000000000000, -0.0000000000000000000 ) ) ;
#4967 = CYLINDRICAL_SURFACE ( 'NONE', #6106, 0.1270000000000008600 ) ;
#4968 = SURFACE_STYLE_USAGE ( .BOTH. , #371 ) ;
#4969 = LINE ( 'NONE', #3619, #8264 ) ;
#4970 = ORIENTED_EDGE ( 'NONE', *, *, #503, .F. ) ;
#4971 = SURFACE_STYLE_FILL_AREA ( #3043 ) ;
#4972 = SURFACE_STYLE_USAGE ( .BOTH. , #2453 ) ;
#4973 = LINE ( 'NONE', #1713, #1473 ) ;
#4974 = SURFACE_SIDE_STYLE ('',( #6217 ) ) ;
#4975 = ORIENTED_EDGE ( 'NONE', *, *, #3710, .T. ) ;
#4976 = DIRECTION ( 'NONE',  ( 0.0000000000000000000, 1.000000000000000000, 2.168404344971012800E-015 ) ) ;
#4977 = AXIS2_PLACEMENT_3D ( 'NONE', #7752, #5767, #1836 ) ;
#4978 = ORIENTED_EDGE ( 'NONE', *, *, #7483, .T. ) ;
#4979 = SURFACE_STYLE_USAGE ( .BOTH. , #1044 ) ;
#4980 = LINE ( 'NONE', #907, #2991 ) ;
#4981 = MECHANICAL_DESIGN_GEOMETRIC_PRESENTATION_REPRESENTATION (  '', ( #3183 ), #5418 ) ;
#4982 = FILL_AREA_STYLE ('',( #4313 ) ) ;
#4983 = EDGE_CURVE ( 'NONE', #3367, #7997, #7124, .T. ) ;
#4984 = FACE_OUTER_BOUND ( 'NONE', #4520, .T. ) ;
#4985 = CARTESIAN_POINT ( 'NONE',  ( -0.9249999999999998200, 1.710000000000000200, 0.1270000000000002500 ) ) ;
#4986 = VERTEX_POINT ( 'NONE', #210 ) ;
#4987 = PRESENTATION_STYLE_ASSIGNMENT (( #3150 ) ) ;
#4988 = PRESENTATION_LAYER_ASSIGNMENT (  '', '', ( #4095 ) ) ;
#4989 = ORIENTED_EDGE ( 'NONE', *, *, #2618, .F. ) ;
#4990 = ORIENTED_EDGE ( 'NONE', *, *, #5536, .T. ) ;
#4991 =( GEOMETRIC_REPRESENTATION_CONTEXT ( 3 ) GLOBAL_UNCERTAINTY_ASSIGNED_CONTEXT ( ( #8193 ) ) GLOBAL_UNIT_ASSIGNED_CONTEXT ( ( #1649, #7858, #803 ) ) REPRESENTATION_CONTEXT ( 'NONE', 'WORKASPACE' ) );
#4992 = EDGE_CURVE ( 'NONE', #5560, #4916, #5178, .T. ) ;
#4993 =( NAMED_UNIT ( * ) SI_UNIT ( $, .STERADIAN. ) SOLID_ANGLE_UNIT ( ) );
#4994 = COLOUR_RGB ( '',1.000000000000000000, 1.000000000000000000, 1.000000000000000000 ) ;
#4995 = ORIENTED_EDGE ( 'NONE', *, *, #4775, .F. ) ;
#4996 = EDGE_LOOP ( 'NONE', ( #5150, #6533, #6205, #32 ) ) ;
#4997 = ORIENTED_EDGE ( 'NONE', *, *, #6115, .T. ) ;
#4998 = FACE_OUTER_BOUND ( 'NONE', #6704, .T. ) ;
#4999 = DIRECTION ( 'NONE',  ( -1.000000000000000000, -0.0000000000000000000, -0.0000000000000000000 ) ) ;
#5000 = DIRECTION ( 'NONE',  ( 0.0000000000000000000, -1.000000000000000000, -2.168404344971013200E-015 ) ) ;
#5001 = PRESENTATION_LAYER_ASSIGNMENT (  '', '', ( #4109 ) ) ;
#5002 =( GEOMETRIC_REPRESENTATION_CONTEXT ( 3 ) GLOBAL_UNCERTAINTY_ASSIGNED_CONTEXT ( ( #1624 ) ) GLOBAL_UNIT_ASSIGNED_CONTEXT ( ( #7519, #3549, #8176 ) ) REPRESENTATION_CONTEXT ( 'NONE', 'WORKASPACE' ) );
#5003 = CARTESIAN_POINT ( 'NONE',  ( 0.5750000000000001800, -1.550000000000000300, 0.4365000000000001100 ) ) ;
#5004 = DIRECTION ( 'NONE',  ( 1.000000000000000000, 0.0000000000000000000, 0.0000000000000000000 ) ) ;
#5005 = EDGE_LOOP ( 'NONE', ( #345, #7352, #141, #2655 ) ) ;
#5006 = DIRECTION ( 'NONE',  ( -0.0000000000000000000, 0.1038294617367628000, -0.9945951150470496700 ) ) ;
#5007 = EDGE_LOOP ( 'NONE', ( #757, #3217, #6822, #3334 ) ) ;
#5008 = ORIENTED_EDGE ( 'NONE', *, *, #1619, .T. ) ;
#5009 = CARTESIAN_POINT ( 'NONE',  ( 0.5750000000000001800, 1.676313579610975200, 0.4496863416405709200 ) ) ;
#5010 = DIRECTION ( 'NONE',  ( -0.0000000000000000000, -1.000000000000000000, -0.0000000000000000000 ) ) ;
#5011 = SURFACE_STYLE_FILL_AREA ( #1382 ) ;
#5012 = FILL_AREA_STYLE_COLOUR ( '', #2954 ) ;
#5013 = EDGE_CURVE ( 'NONE', #878, #160, #6737, .T. ) ;
#5014 = DIRECTION ( 'NONE',  ( 0.0000000000000000000, 0.0000000000000000000, 1.000000000000000000 ) ) ;
#5015 = AXIS2_PLACEMENT_3D ( 'NONE', #5827, #7721, #1858 ) ;
#5016 = VECTOR ( 'NONE', #5342, 1000.000000000000000 ) ;
#5017 = ORIENTED_EDGE ( 'NONE', *, *, #566, .T. ) ;
#5018 = DIRECTION ( 'NONE',  ( 0.0000000000000000000, 0.0000000000000000000, 1.000000000000000000 ) ) ;
#5019 = FILL_AREA_STYLE ('',( #3670 ) ) ;
#5020 = CARTESIAN_POINT ( 'NONE',  ( 0.8750000000000001100, -1.500000000000000400, 0.4365000000000020500 ) ) ;
#5021 = DIRECTION ( 'NONE',  ( 0.0000000000000000000, -1.000000000000000000, -3.686287386450737200E-014 ) ) ;
#5022 = ORIENTED_EDGE ( 'NONE', *, *, #3273, .F. ) ;
#5023 =( NAMED_UNIT ( * ) SI_UNIT ( $, .STERADIAN. ) SOLID_ANGLE_UNIT ( ) );
#5024 = UNCERTAINTY_MEASURE_WITH_UNIT (LENGTH_MEASURE( 1.000000000000000100E-005 ), #6757, 'distance_accuracy_value', 'NONE');
#5025 = CARTESIAN_POINT ( 'NONE',  ( 0.5750000000000001800, -2.000000000000000000, 2.439454888092385000E-016 ) ) ;
#5026 = SURFACE_SIDE_STYLE ('',( #1053 ) ) ;
#5027 =( GEOMETRIC_REPRESENTATION_CONTEXT ( 3 ) GLOBAL_UNCERTAINTY_ASSIGNED_CONTEXT ( ( #1071 ) ) GLOBAL_UNIT_ASSIGNED_CONTEXT ( ( #2743, #6716, #2069 ) ) REPRESENTATION_CONTEXT ( 'NONE', 'WORKASPACE' ) );
#5028 =( LENGTH_UNIT ( ) NAMED_UNIT ( * ) SI_UNIT ( .MILLI., .METRE. ) );
#5029 = PRESENTATION_STYLE_ASSIGNMENT (( #2001 ) ) ;
#5030 = FACE_OUTER_BOUND ( 'NONE', #7691, .T. ) ;
#5031 = ORIENTED_EDGE ( 'NONE', *, *, #3910, .F. ) ;
#5032 = DIRECTION ( 'NONE',  ( 0.0000000000000000000, 1.000000000000000000, 2.168404344971012800E-015 ) ) ;
#5033 = LINE ( 'NONE', #6520, #6568 ) ;
#5034 =( NAMED_UNIT ( * ) PLANE_ANGLE_UNIT ( ) SI_UNIT ( $, .RADIAN. ) );
#5035 = ORIENTED_EDGE ( 'NONE', *, *, #4726, .F. ) ;
#5036 = LINE ( 'NONE', #496, #8552 ) ;
#5037 = ORIENTED_EDGE ( 'NONE', *, *, #971, .F. ) ;
#5038 = SURFACE_SIDE_STYLE ('',( #4524 ) ) ;
#5039 = AXIS2_PLACEMENT_3D ( 'NONE', #7433, #3464, #8099 ) ;
#5040 = CARTESIAN_POINT ( 'NONE',  ( 0.5750000000000001800, 1.710000000000000200, 0.1270000000000002500 ) ) ;
#5041 = VECTOR ( 'NONE', #2761, 1000.000000000000000 ) ;
#5042 = CARTESIAN_POINT ( 'NONE',  ( -0.6249999999999998900, 1.500000000000000400, 0.4365000000000020500 ) ) ;
#5043 = DIRECTION ( 'NONE',  ( 0.0000000000000000000, 0.1038294617367628000, 0.9945951150470496700 ) ) ;
#5044 = COLOUR_RGB ( '',1.000000000000000000, 1.000000000000000000, 1.000000000000000000 ) ;
#5045 = EDGE_CURVE ( 'NONE', #955, #8546, #3199, .T. ) ;
#5046 = FACE_OUTER_BOUND ( 'NONE', #2706, .T. ) ;
#5047 = LINE ( 'NONE', #2892, #1549 ) ;
#5048 = DIRECTION ( 'NONE',  ( -0.0000000000000000000, 0.9945951150470497800, 0.1038294617367628200 ) ) ;
#5049 = DIRECTION ( 'NONE',  ( -0.0000000000000000000, -0.0000000000000000000, 1.000000000000000000 ) ) ;
#5050 = UNCERTAINTY_MEASURE_WITH_UNIT (LENGTH_MEASURE( 1.000000000000000100E-005 ), #8342, 'distance_accuracy_value', 'NONE');
#5051 = FILL_AREA_STYLE_COLOUR ( '', #3108 ) ;
#5052 = STYLED_ITEM ( 'NONE', ( #959 ), #2853 ) ;
#5053 = PLANE ( 'NONE',  #6001 ) ;
#5054 = COLOUR_RGB ( '',1.000000000000000000, 1.000000000000000000, 1.000000000000000000 ) ;
#5055 = EDGE_CURVE ( 'NONE', #4190, #4077, #4980, .T. ) ;
#5056 = VERTEX_POINT ( 'NONE', #8110 ) ;
#5057 = PLANE ( 'NONE',  #1641 ) ;
#5058 = DIRECTION ( 'NONE',  ( -1.000000000000000000, 0.0000000000000000000, -0.0000000000000000000 ) ) ;
#5059 = UNCERTAINTY_MEASURE_WITH_UNIT (LENGTH_MEASURE( 1.000000000000000100E-005 ), #7627, 'distance_accuracy_value', 'NONE');
#5060 =( LENGTH_UNIT ( ) NAMED_UNIT ( * ) SI_UNIT ( .MILLI., .METRE. ) );
#5061 = EDGE_CURVE ( 'NONE', #6153, #8106, #4763, .T. ) ;
#5062 = VERTEX_POINT ( 'NONE', #2175 ) ;
#5063 = MECHANICAL_DESIGN_GEOMETRIC_PRESENTATION_REPRESENTATION (  '', ( #3712 ), #5496 ) ;
#5064 = PRESENTATION_STYLE_ASSIGNMENT (( #4365 ) ) ;
#5065 = DIRECTION ( 'NONE',  ( 0.0000000000000000000, 0.0000000000000000000, 1.000000000000000000 ) ) ;
#5066 = DIRECTION ( 'NONE',  ( 0.0000000000000000000, 0.0000000000000000000, 1.000000000000000000 ) ) ;
#5067 = FILL_AREA_STYLE_COLOUR ( '', #5763 ) ;
#5068 = DIRECTION ( 'NONE',  ( 0.0000000000000000000, 1.168321306557656000E-016, 1.000000000000000000 ) ) ;
#5069 = CARTESIAN_POINT ( 'NONE',  ( -1.800000000000000000, -1.499999999999999800, 0.6999999999999997300 ) ) ;
#5070 = ORIENTED_EDGE ( 'NONE', *, *, #5726, .T. ) ;
#5071 = SURFACE_SIDE_STYLE ('',( #7621 ) ) ;
#5072 = EDGE_LOOP ( 'NONE', ( #8215, #7382, #1674, #3694 ) ) ;
#5073 =( GEOMETRIC_REPRESENTATION_CONTEXT ( 3 ) GLOBAL_UNCERTAINTY_ASSIGNED_CONTEXT ( ( #5679 ) ) GLOBAL_UNIT_ASSIGNED_CONTEXT ( ( #7317, #3364, #8000 ) ) REPRESENTATION_CONTEXT ( 'NONE', 'WORKASPACE' ) );
#5074 = DIRECTION ( 'NONE',  ( -0.0000000000000000000, -0.0000000000000000000, 1.000000000000000000 ) ) ;
#5075 = VECTOR ( 'NONE', #8127, 1000.000000000000000 ) ;
#5076 = DIRECTION ( 'NONE',  ( 0.0000000000000000000, 0.0000000000000000000, -1.000000000000000000 ) ) ;
#5077 = ORIENTED_EDGE ( 'NONE', *, *, #1650, .T. ) ;
#5078 = VERTEX_POINT ( 'NONE', #7445 ) ;
#5079 = CARTESIAN_POINT ( 'NONE',  ( 0.5750000000000001800, -1.500000000000000000, 0.5635000000000020000 ) ) ;
#5080 = ORIENTED_EDGE ( 'NONE', *, *, #5549, .T. ) ;
#5081 = CARTESIAN_POINT ( 'NONE',  ( -1.125000000000000000, 1.676313579610975200, 0.4496863416405709200 ) ) ;
#5082 = DIRECTION ( 'NONE',  ( -0.0000000000000000000, 1.000000000000000000, 1.084202172485504400E-016 ) ) ;
#5083 = COLOUR_RGB ( '',1.000000000000000000, 1.000000000000000000, 1.000000000000000000 ) ;
#5084 = CYLINDRICAL_SURFACE ( 'NONE', #5198, 0.1269999999999999500 ) ;
#5085 = ORIENTED_EDGE ( 'NONE', *, *, #2033, .F. ) ;
#5086 = ORIENTED_EDGE ( 'NONE', *, *, #2082, .T. ) ;
#5087 = CARTESIAN_POINT ( 'NONE',  ( 0.07500000000000019200, 1.583686420389025100, 0.1138136583594313900 ) ) ;
#5088 = STYLED_ITEM ( 'NONE', ( #4172 ), #6086 ) ;
#5089 = CARTESIAN_POINT ( 'NONE',  ( 0.8750000000000001100, 1.550000000000000300, 0.4365000000000002200 ) ) ;
#5090 = VERTEX_POINT ( 'NONE', #6807 ) ;
#5091 = ADVANCED_FACE ( 'NONE', ( #1273 ), #257, .F. ) ;
#5092 =( NAMED_UNIT ( * ) SI_UNIT ( $, .STERADIAN. ) SOLID_ANGLE_UNIT ( ) );
#5093 = EDGE_CURVE ( 'NONE', #5800, #6802, #3923, .T. ) ;
#5094 = EDGE_LOOP ( 'NONE', ( #3673, #8454, #1703, #6634 ) ) ;
#5095 = PLANE ( 'NONE',  #3746 ) ;
#5096 = EDGE_LOOP ( 'NONE', ( #1834, #458, #5999, #6672 ) ) ;
#5097 = VERTEX_POINT ( 'NONE', #279 ) ;
#5098 = CARTESIAN_POINT ( 'NONE',  ( -1.800000000000000000, -1.499999999999999800, 0.3000000000000000400 ) ) ;
#5099 = SURFACE_STYLE_FILL_AREA ( #7574 ) ;
#5100 =( GEOMETRIC_REPRESENTATION_CONTEXT ( 3 ) GLOBAL_UNCERTAINTY_ASSIGNED_CONTEXT ( ( #7380 ) ) GLOBAL_UNIT_ASSIGNED_CONTEXT ( ( #2726, #576, #7299 ) ) REPRESENTATION_CONTEXT ( 'NONE', 'WORKASPACE' ) );
#5101 = ORIENTED_EDGE ( 'NONE', *, *, #4088, .F. ) ;
#5102 = SURFACE_SIDE_STYLE ('',( #4805 ) ) ;
#5103 = DIRECTION ( 'NONE',  ( -1.000000000000000000, 0.0000000000000000000, -0.0000000000000000000 ) ) ;
#5104 = DIRECTION ( 'NONE',  ( -1.000000000000000000, -0.0000000000000000000, -0.0000000000000000000 ) ) ;
#5105 = EDGE_CURVE ( 'NONE', #7309, #3481, #455, .T. ) ;
#5106 =( LENGTH_UNIT ( ) NAMED_UNIT ( * ) SI_UNIT ( .MILLI., .METRE. ) );
#5107 = CARTESIAN_POINT ( 'NONE',  ( 0.3750000000000001100, -1.550000000000000300, 0.4365000000000001100 ) ) ;
#5108 = DIRECTION ( 'NONE',  ( 0.0000000000000000000, 1.000000000000000000, -3.686287386450737200E-014 ) ) ;
#5109 = LINE ( 'NONE', #1474, #6654 ) ;
#5110 = DIRECTION ( 'NONE',  ( 0.0000000000000000000, 0.0000000000000000000, 1.000000000000000000 ) ) ;
#5111 = COLOUR_RGB ( '',1.000000000000000000, 1.000000000000000000, 1.000000000000000000 ) ;
#5112 = ORIENTED_EDGE ( 'NONE', *, *, #7742, .F. ) ;
#5113 = EDGE_CURVE ( 'NONE', #2319, #8527, #2164, .T. ) ;
#5114 = STYLED_ITEM ( 'NONE', ( #699 ), #8379 ) ;
#5115 = CARTESIAN_POINT ( 'NONE',  ( -1.125000000000000000, -2.000000000000000000, 0.1270000000000002500 ) ) ;
#5116 = VECTOR ( 'NONE', #1833, 1000.000000000000000 ) ;
#5117 = EDGE_LOOP ( 'NONE', ( #7342, #7500, #8441, #5017 ) ) ;
#5118 = DIRECTION ( 'NONE',  ( 0.0000000000000000000, 0.0000000000000000000, 1.000000000000000000 ) ) ;
#5119 = ORIENTED_EDGE ( 'NONE', *, *, #2275, .F. ) ;
#5120 = LINE ( 'NONE', #7052, #1625 ) ;
#5121 = PRESENTATION_STYLE_ASSIGNMENT (( #5842 ) ) ;
#5122 = DIRECTION ( 'NONE',  ( 0.0000000000000000000, -1.000000000000000000, -1.168321306557656000E-016 ) ) ;
#5123 = VERTEX_POINT ( 'NONE', #2897 ) ;
#5124 = EDGE_CURVE ( 'NONE', #6945, #7502, #1959, .T. ) ;
#5125 = DIRECTION ( 'NONE',  ( 0.0000000000000000000, 3.414809992080329100E-015, 1.000000000000000000 ) ) ;
#5126 = PLANE ( 'NONE',  #2531 ) ;
#5127 = VERTEX_POINT ( 'NONE', #3565 ) ;
#5128 = CARTESIAN_POINT ( 'NONE',  ( -1.800000000000000000, 1.500000000000000000, 0.2999999999999999900 ) ) ;
#5129 = SURFACE_SIDE_STYLE ('',( #7732 ) ) ;
#5130 = PRESENTATION_STYLE_ASSIGNMENT (( #2114 ) ) ;
#5131 = ADVANCED_FACE ( 'NONE', ( #3708 ), #8196, .F. ) ;
#5132 =( NAMED_UNIT ( * ) PLANE_ANGLE_UNIT ( ) SI_UNIT ( $, .RADIAN. ) );
#5133 = CARTESIAN_POINT ( 'NONE',  ( 1.375000000000000200, -1.583686420389025100, 0.1138136583594313900 ) ) ;
#5134 = DIRECTION ( 'NONE',  ( 0.0000000000000000000, -1.000000000000000000, -2.168404344971013200E-015 ) ) ;
#5135 = ORIENTED_EDGE ( 'NONE', *, *, #1996, .T. ) ;
#5136 = FACE_OUTER_BOUND ( 'NONE', #5460, .T. ) ;
#5137 = DIRECTION ( 'NONE',  ( -1.000000000000000000, -0.0000000000000000000, -0.0000000000000000000 ) ) ;
#5138 = MECHANICAL_DESIGN_GEOMETRIC_PRESENTATION_REPRESENTATION (  '', ( #4248 ), #5568 ) ;
#5139 = LINE ( 'NONE', #2177, #101 ) ;
#5140 = CARTESIAN_POINT ( 'NONE',  ( -2.000000000000000000, -1.299999999999999600, 0.5635000000000000000 ) ) ;
#5141 = FACE_OUTER_BOUND ( 'NONE', #2911, .T. ) ;
#5142 = EDGE_CURVE ( 'NONE', #3885, #2804, #8164, .T. ) ;
#5143 = SURFACE_STYLE_USAGE ( .BOTH. , #557 ) ;
#5144 = EDGE_LOOP ( 'NONE', ( #7467, #495, #6739, #4865 ) ) ;
#5145 = CARTESIAN_POINT ( 'NONE',  ( 2.000000000000000000, 1.299999999999999800, 0.1000000000000000100 ) ) ;
#5146 = DIRECTION ( 'NONE',  ( 0.0000000000000000000, 1.000000000000000000, 2.168404344971012800E-015 ) ) ;
#5147 = PRESENTATION_STYLE_ASSIGNMENT (( #1660 ) ) ;
#5148 =( GEOMETRIC_REPRESENTATION_CONTEXT ( 3 ) GLOBAL_UNCERTAINTY_ASSIGNED_CONTEXT ( ( #443 ) ) GLOBAL_UNIT_ASSIGNED_CONTEXT ( ( #3112, #7744, #3771 ) ) REPRESENTATION_CONTEXT ( 'NONE', 'WORKASPACE' ) );
#5149 = FACE_OUTER_BOUND ( 'NONE', #1509, .T. ) ;
#5150 = ORIENTED_EDGE ( 'NONE', *, *, #3612, .T. ) ;
#5151 = FILL_AREA_STYLE ('',( #1268 ) ) ;
#5152 = CARTESIAN_POINT ( 'NONE',  ( -2.125000000000000000, 1.500000000000000000, 0.5635000000000000000 ) ) ;
#5153 = DIRECTION ( 'NONE',  ( -1.000000000000000000, 0.0000000000000000000, -0.0000000000000000000 ) ) ;
#5154 = EDGE_CURVE ( 'NONE', #7508, #6211, #5691, .T. ) ;
#5155 =( NAMED_UNIT ( * ) PLANE_ANGLE_UNIT ( ) SI_UNIT ( $, .RADIAN. ) );
#5156 = CIRCLE ( 'NONE', #3475, 0.1269999999999999500 ) ;
#5157 =( NAMED_UNIT ( * ) SI_UNIT ( $, .STERADIAN. ) SOLID_ANGLE_UNIT ( ) );
#5158 = DIRECTION ( 'NONE',  ( -1.000000000000000000, -0.0000000000000000000, -0.0000000000000000000 ) ) ;
#5159 = ORIENTED_EDGE ( 'NONE', *, *, #6612, .T. ) ;
#5160 = ORIENTED_EDGE ( 'NONE', *, *, #6630, .F. ) ;
#5161 = SURFACE_STYLE_FILL_AREA ( #5802 ) ;
#5162 = PRESENTATION_LAYER_ASSIGNMENT (  '', '', ( #4276 ) ) ;
#5163 = PRESENTATION_LAYER_ASSIGNMENT (  '', '', ( #4718 ) ) ;
#5164 = DIRECTION ( 'NONE',  ( -1.000000000000000000, 0.0000000000000000000, -0.0000000000000000000 ) ) ;
#5165 = ADVANCED_FACE ( 'NONE', ( #4648 ), #4454, .T. ) ;
#5166 =( LENGTH_UNIT ( ) NAMED_UNIT ( * ) SI_UNIT ( .MILLI., .METRE. ) );
#5167 = ORIENTED_EDGE ( 'NONE', *, *, #766, .T. ) ;
#5168 = PLANE ( 'NONE',  #6747 ) ;
#5169 = ADVANCED_FACE ( 'NONE', ( #6397 ), #4308, .F. ) ;
#5170 = EDGE_CURVE ( 'NONE', #224, #6614, #3804, .T. ) ;
#5171 = CARTESIAN_POINT ( 'NONE',  ( 1.575000000000000200, 1.500000000000000400, 0.4365000000000020500 ) ) ;
#5172 = VERTEX_POINT ( 'NONE', #8285 ) ;
#5173 = FACE_OUTER_BOUND ( 'NONE', #3825, .T. ) ;
#5174 = UNCERTAINTY_MEASURE_WITH_UNIT (LENGTH_MEASURE( 1.000000000000000100E-005 ), #377, 'distance_accuracy_value', 'NONE');
#5175 = ORIENTED_EDGE ( 'NONE', *, *, #2716, .F. ) ;
#5176 = CARTESIAN_POINT ( 'NONE',  ( -1.424999999999999800, -1.550000000000000300, 0.4365000000000001100 ) ) ;
#5177 = DIRECTION ( 'NONE',  ( 0.0000000000000000000, 1.000000000000000000, 1.084202172485504400E-016 ) ) ;
#5178 = LINE ( 'NONE', #2148, #1688 ) ;
#5179 = ORIENTED_EDGE ( 'NONE', *, *, #1466, .F. ) ;
#5180 = PLANE ( 'NONE',  #3159 ) ;
#5181 = ORIENTED_EDGE ( 'NONE', *, *, #6714, .T. ) ;
#5182 =( GEOMETRIC_REPRESENTATION_CONTEXT ( 3 ) GLOBAL_UNCERTAINTY_ASSIGNED_CONTEXT ( ( #5050 ) ) GLOBAL_UNIT_ASSIGNED_CONTEXT ( ( #8342, #4393, #464 ) ) REPRESENTATION_CONTEXT ( 'NONE', 'WORKASPACE' ) );
#5183 = ORIENTED_EDGE ( 'NONE', *, *, #7283, .T. ) ;
#5184 = SURFACE_SIDE_STYLE ('',( #2523 ) ) ;
#5185 = PRESENTATION_STYLE_ASSIGNMENT (( #4593 ) ) ;
#5186 = CARTESIAN_POINT ( 'NONE',  ( -1.625000000000000000, 2.000000000000000000, 2.439454888092385000E-016 ) ) ;
#5187 = ORIENTED_EDGE ( 'NONE', *, *, #6750, .F. ) ;
#5188 = FACE_OUTER_BOUND ( 'NONE', #2671, .T. ) ;
#5189 = DIRECTION ( 'NONE',  ( 0.0000000000000000000, -0.0000000000000000000, -1.000000000000000000 ) ) ;
#5190 = PRESENTATION_STYLE_ASSIGNMENT (( #4373 ) ) ;
#5191 = SURFACE_SIDE_STYLE ('',( #453 ) ) ;
#5192 = MECHANICAL_DESIGN_GEOMETRIC_PRESENTATION_REPRESENTATION (  '', ( #4315 ), #5639 ) ;
#5193 = ORIENTED_EDGE ( 'NONE', *, *, #6592, .F. ) ;
#5194 = ADVANCED_FACE ( 'NONE', ( #341 ), #5659, .F. ) ;
#5195 = ORIENTED_EDGE ( 'NONE', *, *, #3750, .F. ) ;
#5196 = CARTESIAN_POINT ( 'NONE',  ( -0.1249999999999998900, -1.710000000000000200, 2.710505431213761100E-016 ) ) ;
#5197 = CARTESIAN_POINT ( 'NONE',  ( 1.075000000000000200, 1.710000000000000200, 0.1270000000000002200 ) ) ;
#5198 = AXIS2_PLACEMENT_3D ( 'NONE', #4525, #1255, #3874 ) ;
#5199 = VERTEX_POINT ( 'NONE', #1063 ) ;
#5200 = SURFACE_SIDE_STYLE ('',( #786 ) ) ;
#5201 = EDGE_CURVE ( 'NONE', #7390, #1475, #3189, .T. ) ;
#5202 = LINE ( 'NONE', #6769, #172 ) ;
#5203 = VECTOR ( 'NONE', #913, 1000.000000000000000 ) ;
#5204 = ORIENTED_EDGE ( 'NONE', *, *, #4342, .F. ) ;
#5205 = EDGE_LOOP ( 'NONE', ( #7150, #2818, #2019, #1979 ) ) ;
#5206 = CARTESIAN_POINT ( 'NONE',  ( -1.424999999999999800, 1.500000000000000000, 0.5635000000000020000 ) ) ;
#5207 = CARTESIAN_POINT ( 'NONE',  ( -0.9249999999999998200, 1.676313579610975200, 0.4496863416405709200 ) ) ;
#5208 = ORIENTED_EDGE ( 'NONE', *, *, #5521, .F. ) ;
#5209 = UNCERTAINTY_MEASURE_WITH_UNIT (LENGTH_MEASURE( 1.000000000000000100E-005 ), #5414, 'distance_accuracy_value', 'NONE');
#5210 = PRESENTATION_LAYER_ASSIGNMENT (  '', '', ( #5656 ) ) ;
#5211 = VECTOR ( 'NONE', #3230, 1000.000000000000000 ) ;
#5212 = DIRECTION ( 'NONE',  ( 0.0000000000000000000, 0.0000000000000000000, 1.000000000000000000 ) ) ;
#5213 = ADVANCED_FACE ( 'NONE', ( #8268 ), #1085, .F. ) ;
#5214 = CARTESIAN_POINT ( 'NONE',  ( -0.1249999999999998900, -2.000000000000000000, 0.1270000000000002500 ) ) ;
#5215 = ADVANCED_FACE ( 'NONE', ( #3467 ), #6350, .F. ) ;
#5216 = CIRCLE ( 'NONE', #2449, 0.1270000000000008600 ) ;
#5217 = CARTESIAN_POINT ( 'NONE',  ( 0.07500000000000019200, -1.500000000000000000, 0.5635000000000020000 ) ) ;
#5218 = EDGE_CURVE ( 'NONE', #2147, #3860, #5036, .T. ) ;
#5219 = CARTESIAN_POINT ( 'NONE',  ( 2.000000000000000000, -1.299999999999999800, 0.3000000000000001000 ) ) ;
#5220 = ORIENTED_EDGE ( 'NONE', *, *, #1086, .F. ) ;
#5221 = VECTOR ( 'NONE', #5955, 1000.000000000000000 ) ;
#5222 = VERTEX_POINT ( 'NONE', #4422 ) ;
#5223 = DIRECTION ( 'NONE',  ( -0.0000000000000000000, -1.000000000000000000, 2.168404344971012800E-015 ) ) ;
#5224 = EDGE_CURVE ( 'NONE', #3421, #4077, #6786, .T. ) ;
#5225 = PLANE ( 'NONE',  #5668 ) ;
#5226 = STYLED_ITEM ( 'NONE', ( #6987 ), #3644 ) ;
#5227 = DIRECTION ( 'NONE',  ( 0.0000000000000000000, 1.000000000000000000, 2.168404344971012800E-015 ) ) ;
#5228 = CARTESIAN_POINT ( 'NONE',  ( 0.3750000000000001100, 1.710000000000000200, 0.1270000000000002200 ) ) ;
#5229 = COLOUR_RGB ( '',1.000000000000000000, 1.000000000000000000, 1.000000000000000000 ) ;
#5230 =( LENGTH_UNIT ( ) NAMED_UNIT ( * ) SI_UNIT ( .MILLI., .METRE. ) );
#5231 = ORIENTED_EDGE ( 'NONE', *, *, #3428, .T. ) ;
#5232 = VECTOR ( 'NONE', #722, 1000.000000000000000 ) ;
#5233 = ORIENTED_EDGE ( 'NONE', *, *, #753, .F. ) ;
#5234 =( GEOMETRIC_REPRESENTATION_CONTEXT ( 3 ) GLOBAL_UNCERTAINTY_ASSIGNED_CONTEXT ( ( #7610 ) ) GLOBAL_UNIT_ASSIGNED_CONTEXT ( ( #2951, #6923, #2292 ) ) REPRESENTATION_CONTEXT ( 'NONE', 'WORKASPACE' ) );
#5235 = CARTESIAN_POINT ( 'NONE',  ( 0.5750000000000001800, 2.000000000000000000, 0.1270000000000002500 ) ) ;
#5236 =( GEOMETRIC_REPRESENTATION_CONTEXT ( 3 ) GLOBAL_UNCERTAINTY_ASSIGNED_CONTEXT ( ( #3228 ) ) GLOBAL_UNIT_ASSIGNED_CONTEXT ( ( #5869, #1902, #6517 ) ) REPRESENTATION_CONTEXT ( 'NONE', 'WORKASPACE' ) );
#5237 = LINE ( 'NONE', #8549, #3463 ) ;
#5238 = DIRECTION ( 'NONE',  ( 0.0000000000000000000, -0.1038294617367628800, -0.9945951150470496700 ) ) ;
#5239 = CARTESIAN_POINT ( 'NONE',  ( 1.075000000000000200, -1.500000000000000000, 0.5635000000000020000 ) ) ;
#5240 = SURFACE_STYLE_USAGE ( .BOTH. , #6594 ) ;
#5241 = SURFACE_STYLE_USAGE ( .BOTH. , #3118 ) ;
#5242 = VERTEX_POINT ( 'NONE', #1138 ) ;
#5243 = FILL_AREA_STYLE ('',( #4573 ) ) ;
#5244 = SURFACE_SIDE_STYLE ('',( #3027 ) ) ;
#5245 = LINE ( 'NONE', #33, #5041 ) ;
#5246 = FILL_AREA_STYLE ('',( #5885 ) ) ;
#5247 = LINE ( 'NONE', #7523, #6793 ) ;
#5248 = STYLED_ITEM ( 'NONE', ( #3127 ), #5956 ) ;
#5249 = DIRECTION ( 'NONE',  ( 1.000000000000000000, 0.0000000000000000000, 0.0000000000000000000 ) ) ;
#5250 = ORIENTED_EDGE ( 'NONE', *, *, #6161, .F. ) ;
#5251 =( GEOMETRIC_REPRESENTATION_CONTEXT ( 3 ) GLOBAL_UNCERTAINTY_ASSIGNED_CONTEXT ( ( #7816 ) ) GLOBAL_UNIT_ASSIGNED_CONTEXT ( ( #7391, #3414, #8052 ) ) REPRESENTATION_CONTEXT ( 'NONE', 'WORKASPACE' ) );
#5252 = EDGE_CURVE ( 'NONE', #6039, #4650, #3262, .T. ) ;
#5253 =( NAMED_UNIT ( * ) SI_UNIT ( $, .STERADIAN. ) SOLID_ANGLE_UNIT ( ) );
#5254 = ADVANCED_FACE ( 'NONE', ( #1746 ), #7729, .F. ) ;
#5255 = ORIENTED_EDGE ( 'NONE', *, *, #2476, .T. ) ;
#5256 = VERTEX_POINT ( 'NONE', #5744 ) ;
#5257 =( NAMED_UNIT ( * ) PLANE_ANGLE_UNIT ( ) SI_UNIT ( $, .RADIAN. ) );
#5258 =( GEOMETRIC_REPRESENTATION_CONTEXT ( 3 ) GLOBAL_UNCERTAINTY_ASSIGNED_CONTEXT ( ( #5575 ) ) GLOBAL_UNIT_ASSIGNED_CONTEXT ( ( #8051, #4094, #171 ) ) REPRESENTATION_CONTEXT ( 'NONE', 'WORKASPACE' ) );
#5259 = MECHANICAL_DESIGN_GEOMETRIC_PRESENTATION_REPRESENTATION (  '', ( #4382 ), #5704 ) ;
#5260 = DIRECTION ( 'NONE',  ( 0.0000000000000000000, 1.000000000000000000, -2.710505431213759600E-016 ) ) ;
#5261 = PLANE ( 'NONE',  #1923 ) ;
#5262 = DIRECTION ( 'NONE',  ( 0.0000000000000000000, -1.000000000000000000, -3.686287386450737200E-014 ) ) ;
#5263 = EDGE_CURVE ( 'NONE', #5647, #7457, #936, .T. ) ;
#5264 = LINE ( 'NONE', #139, #230 ) ;
#5265 = CIRCLE ( 'NONE', #2382, 0.2000000000000000900 ) ;
#5266 = FILL_AREA_STYLE ('',( #3173 ) ) ;
#5267 =( LENGTH_UNIT ( ) NAMED_UNIT ( * ) SI_UNIT ( .MILLI., .METRE. ) );
#5268 = DIRECTION ( 'NONE',  ( -0.0000000000000000000, 1.000000000000000000, 1.168321306557656000E-016 ) ) ;
#5269 = FILL_AREA_STYLE_COLOUR ( '', #7720 ) ;
#5270 = EDGE_CURVE ( 'NONE', #2987, #4833, #5963, .T. ) ;
#5271 = VERTEX_POINT ( 'NONE', #5140 ) ;
#5272 = CARTESIAN_POINT ( 'NONE',  ( 1.375000000000000200, 1.550000000000000300, 0.4365000000000002200 ) ) ;
#5273 = MECHANICAL_DESIGN_GEOMETRIC_PRESENTATION_REPRESENTATION (  '', ( #3935 ), #5718 ) ;
#5274 = MECHANICAL_DESIGN_GEOMETRIC_PRESENTATION_REPRESENTATION (  '', ( #4402 ), #5719 ) ;
#5275 = ORIENTED_EDGE ( 'NONE', *, *, #1650, .F. ) ;
#5276 = SURFACE_STYLE_USAGE ( .BOTH. , #691 ) ;
#5277 = PRESENTATION_STYLE_ASSIGNMENT (( #1639 ) ) ;
#5278 = FACE_OUTER_BOUND ( 'NONE', #488, .T. ) ;
#5279 = SURFACE_STYLE_USAGE ( .BOTH. , #694 ) ;
#5280 = FILL_AREA_STYLE ('',( #7912 ) ) ;
#5281 = ORIENTED_EDGE ( 'NONE', *, *, #7659, .F. ) ;
#5282 = LINE ( 'NONE', #1042, #4653 ) ;
#5283 = UNCERTAINTY_MEASURE_WITH_UNIT (LENGTH_MEASURE( 1.000000000000000100E-005 ), #8171, 'distance_accuracy_value', 'NONE');
#5284 = ORIENTED_EDGE ( 'NONE', *, *, #4893, .T. ) ;
#5285 = EDGE_CURVE ( 'NONE', #8106, #7041, #2441, .T. ) ;
#5286 = MECHANICAL_DESIGN_GEOMETRIC_PRESENTATION_REPRESENTATION (  '', ( #4413 ), #5728 ) ;
#5287 = VECTOR ( 'NONE', #5318, 1000.000000000000000 ) ;
#5288 = PLANE ( 'NONE',  #3721 ) ;
#5289 = ORIENTED_EDGE ( 'NONE', *, *, #7204, .T. ) ;
#5290 = ORIENTED_EDGE ( 'NONE', *, *, #2716, .T. ) ;
#5291 = CARTESIAN_POINT ( 'NONE',  ( -1.625000000000000000, 1.500000000000000400, 0.4365000000000020500 ) ) ;
#5292 = CARTESIAN_POINT ( 'NONE',  ( 1.800000000000000000, 1.300000000000000000, -3.523657060577889400E-016 ) ) ;
#5293 = PRESENTATION_STYLE_ASSIGNMENT (( #7072 ) ) ;
#5294 = ADVANCED_FACE ( 'NONE', ( #7507 ), #8461, .F. ) ;
#5295 = ORIENTED_EDGE ( 'NONE', *, *, #3994, .T. ) ;
#5296 = CARTESIAN_POINT ( 'NONE',  ( 0.07500000000000019200, 1.710000000000000200, 0.1270000000000002200 ) ) ;
#5297 = PRESENTATION_LAYER_ASSIGNMENT (  '', '', ( #4850 ) ) ;
#5298 = ADVANCED_FACE ( 'NONE', ( #5756 ), #1862, .F. ) ;
#5299 = VECTOR ( 'NONE', #1189, 1000.000000000000100 ) ;
#5300 = DIRECTION ( 'NONE',  ( 0.0000000000000000000, -0.9945951150470497800, 0.1038294617367628200 ) ) ;
#5301 = AXIS2_PLACEMENT_3D ( 'NONE', #6227, #1615, #5535 ) ;
#5302 = DIRECTION ( 'NONE',  ( 0.0000000000000000000, 0.0000000000000000000, 1.000000000000000000 ) ) ;
#5303 = FACE_OUTER_BOUND ( 'NONE', #4799, .T. ) ;
#5304 = EDGE_CURVE ( 'NONE', #7160, #4079, #3358, .T. ) ;
#5305 = CARTESIAN_POINT ( 'NONE',  ( -1.125000000000000000, -1.710000000000000200, 0.1270000000000002500 ) ) ;
#5306 = DIRECTION ( 'NONE',  ( 0.0000000000000000000, 1.000000000000000000, 0.0000000000000000000 ) ) ;
#5307 = PRESENTATION_STYLE_ASSIGNMENT (( #1560 ) ) ;
#5308 = CARTESIAN_POINT ( 'NONE',  ( 0.07500000000000019200, -1.500000000000000400, 0.4365000000000020500 ) ) ;
#5309 = UNCERTAINTY_MEASURE_WITH_UNIT (LENGTH_MEASURE( 1.000000000000000100E-005 ), #1439, 'distance_accuracy_value', 'NONE');
#5310 = DIRECTION ( 'NONE',  ( -0.0000000000000000000, 0.0000000000000000000, -1.000000000000000000 ) ) ;
#5311 = CARTESIAN_POINT ( 'NONE',  ( -1.424999999999999800, 1.710000000000000200, 0.1270000000000002500 ) ) ;
#5312 = AXIS2_PLACEMENT_3D ( 'NONE', #2233, #8168, #4882 ) ;
#5313 = LINE ( 'NONE', #5352, #7993 ) ;
#5314 = DIRECTION ( 'NONE',  ( 0.0000000000000000000, -1.000000000000000000, -3.686287386450737200E-014 ) ) ;
#5315 =( GEOMETRIC_REPRESENTATION_CONTEXT ( 3 ) GLOBAL_UNCERTAINTY_ASSIGNED_CONTEXT ( ( #828 ) ) GLOBAL_UNIT_ASSIGNED_CONTEXT ( ( #2969, #7607, #3634 ) ) REPRESENTATION_CONTEXT ( 'NONE', 'WORKASPACE' ) );
#5316 = PRESENTATION_STYLE_ASSIGNMENT (( #2118 ) ) ;
#5317 = DIRECTION ( 'NONE',  ( 0.0000000000000000000, 1.000000000000000000, 0.0000000000000000000 ) ) ;
#5318 = DIRECTION ( 'NONE',  ( 0.0000000000000000000, -3.414809992080329100E-015, -1.000000000000000000 ) ) ;
#5319 = EDGE_CURVE ( 'NONE', #7066, #4011, #1642, .T. ) ;
#5320 = UNCERTAINTY_MEASURE_WITH_UNIT (LENGTH_MEASURE( 1.000000000000000100E-005 ), #1026, 'distance_accuracy_value', 'NONE');
#5321 = LINE ( 'NONE', #8427, #7065 ) ;
#5322 = CARTESIAN_POINT ( 'NONE',  ( -1.424999999999999800, 1.550000000000000300, 0.4365000000000001100 ) ) ;
#5323 =( LENGTH_UNIT ( ) NAMED_UNIT ( * ) SI_UNIT ( .MILLI., .METRE. ) );
#5324 = DIRECTION ( 'NONE',  ( 0.0000000000000000000, -3.414809992080329100E-015, -1.000000000000000000 ) ) ;
#5325 = LINE ( 'NONE', #7697, #3552 ) ;
#5326 = CYLINDRICAL_SURFACE ( 'NONE', #4530, 0.2000000000000000900 ) ;
#5327 = VERTEX_POINT ( 'NONE', #1889 ) ;
#5328 = PRESENTATION_LAYER_ASSIGNMENT (  '', '', ( #4448 ) ) ;
#5329 = CARTESIAN_POINT ( 'NONE',  ( 0.3750000000000001100, 2.000000000000000000, 0.1270000000000002500 ) ) ;
#5330 =( NAMED_UNIT ( * ) PLANE_ANGLE_UNIT ( ) SI_UNIT ( $, .RADIAN. ) );
#5331 = DIRECTION ( 'NONE',  ( 0.0000000000000000000, 0.0000000000000000000, 1.000000000000000000 ) ) ;
#5332 = DIRECTION ( 'NONE',  ( 0.0000000000000000000, 0.0000000000000000000, -1.000000000000000000 ) ) ;
#5333 = ORIENTED_EDGE ( 'NONE', *, *, #3662, .F. ) ;
#5334 = VECTOR ( 'NONE', #3380, 1000.000000000000000 ) ;
#5335 = EDGE_LOOP ( 'NONE', ( #3091, #1005, #3541, #3175 ) ) ;
#5336 = DIRECTION ( 'NONE',  ( -1.000000000000000000, 0.0000000000000000000, -0.0000000000000000000 ) ) ;
#5337 = EDGE_CURVE ( 'NONE', #1806, #4502, #6882, .T. ) ;
#5338 = CARTESIAN_POINT ( 'NONE',  ( -1.800000000000000000, -1.499999999999999800, 0.1000000000000000500 ) ) ;
#5339 = STYLED_ITEM ( 'NONE', ( #3757 ), #3898 ) ;
#5340 = DIRECTION ( 'NONE',  ( 0.0000000000000000000, -0.0000000000000000000, -1.000000000000000000 ) ) ;
#5341 = ORIENTED_EDGE ( 'NONE', *, *, #1034, .F. ) ;
#5342 = DIRECTION ( 'NONE',  ( 0.0000000000000000000, -1.000000000000000000, 1.168321306557656000E-016 ) ) ;
#5343 = DIRECTION ( 'NONE',  ( -0.0000000000000000000, -0.1038294617367629000, 0.9945951150470496700 ) ) ;
#5344 = ADVANCED_FACE ( 'NONE', ( #5136 ), #1282, .F. ) ;
#5345 = COLOUR_RGB ( '',1.000000000000000000, 1.000000000000000000, 1.000000000000000000 ) ;
#5346 = CARTESIAN_POINT ( 'NONE',  ( 0.5750000000000001800, -1.550000000000000300, 0.4365000000000002200 ) ) ;
#5347 = SURFACE_STYLE_FILL_AREA ( #7128 ) ;
#5348 = PRESENTATION_STYLE_ASSIGNMENT (( #7687 ) ) ;
#5349 =( GEOMETRIC_REPRESENTATION_CONTEXT ( 3 ) GLOBAL_UNCERTAINTY_ASSIGNED_CONTEXT ( ( #1094 ) ) GLOBAL_UNIT_ASSIGNED_CONTEXT ( ( #6248, #2264, #6894 ) ) REPRESENTATION_CONTEXT ( 'NONE', 'WORKASPACE' ) );
#5350 = LINE ( 'NONE', #3608, #112 ) ;
#5351 =( NAMED_UNIT ( * ) SI_UNIT ( $, .STERADIAN. ) SOLID_ANGLE_UNIT ( ) );
#5352 = CARTESIAN_POINT ( 'NONE',  ( 0.5750000000000001800, 2.000000000000000000, 0.1270000000000002500 ) ) ;
#5353 = CARTESIAN_POINT ( 'NONE',  ( -0.4249999999999998200, 1.710000000000000200, 0.1270000000000002500 ) ) ;
#5354 = CARTESIAN_POINT ( 'NONE',  ( -1.125000000000000000, -1.583686420389025100, 0.1138136583594313900 ) ) ;
#5355 = LINE ( 'NONE', #460, #316 ) ;
#5356 = ORIENTED_EDGE ( 'NONE', *, *, #5612, .T. ) ;
#5357 =( NAMED_UNIT ( * ) SI_UNIT ( $, .STERADIAN. ) SOLID_ANGLE_UNIT ( ) );
#5358 = DIRECTION ( 'NONE',  ( 1.000000000000000000, 0.0000000000000000000, 0.0000000000000000000 ) ) ;
#5359 = PRESENTATION_STYLE_ASSIGNMENT (( #4748 ) ) ;
#5360 = PRESENTATION_LAYER_ASSIGNMENT (  '', '', ( #4921 ) ) ;
#5361 = CARTESIAN_POINT ( 'NONE',  ( -1.424999999999999800, -1.583686420389025100, 0.1138136583594313900 ) ) ;
#5362 = STYLED_ITEM ( 'NONE', ( #2070 ), #1547 ) ;
#5363 = ORIENTED_EDGE ( 'NONE', *, *, #5105, .F. ) ;
#5364 = FILL_AREA_STYLE_COLOUR ( '', #723 ) ;
#5365 = SURFACE_STYLE_FILL_AREA ( #3499 ) ;
#5366 = LINE ( 'NONE', #4712, #330 ) ;
#5367 = FILL_AREA_STYLE ('',( #6288 ) ) ;
#5368 = UNCERTAINTY_MEASURE_WITH_UNIT (LENGTH_MEASURE( 1.000000000000000100E-005 ), #7953, 'distance_accuracy_value', 'NONE');
#5369 = EDGE_CURVE ( 'NONE', #3703, #5805, #4309, .T. ) ;
#5370 =( LENGTH_UNIT ( ) NAMED_UNIT ( * ) SI_UNIT ( .MILLI., .METRE. ) );
#5371 = VECTOR ( 'NONE', #1223, 1000.000000000000000 ) ;
#5372 = VERTEX_POINT ( 'NONE', #5922 ) ;
#5373 = CARTESIAN_POINT ( 'NONE',  ( 2.000000000000000000, 1.300000000000000000, 0.3000000000000000400 ) ) ;
#5374 = COLOUR_RGB ( '',1.000000000000000000, 1.000000000000000000, 1.000000000000000000 ) ;
#5375 = CARTESIAN_POINT ( 'NONE',  ( -0.1249999999999998900, -1.500000000000000000, 0.5635000000000020000 ) ) ;
#5376 = DIRECTION ( 'NONE',  ( -1.000000000000000000, -0.0000000000000000000, -0.0000000000000000000 ) ) ;
#5377 = PRESENTATION_LAYER_ASSIGNMENT (  '', '', ( #5822 ) ) ;
#5378 = VERTEX_POINT ( 'NONE', #1940 ) ;
#5379 = CARTESIAN_POINT ( 'NONE',  ( -0.4249999999999998200, 1.500000000000000000, 0.5635000000000020000 ) ) ;
#5380 = SURFACE_STYLE_USAGE ( .BOTH. , #800 ) ;
#5381 = EDGE_CURVE ( 'NONE', #6211, #6917, #4097, .T. ) ;
#5382 = DIRECTION ( 'NONE',  ( 0.0000000000000000000, 1.000000000000000000, 3.686287386450737200E-014 ) ) ;
#5383 = ORIENTED_EDGE ( 'NONE', *, *, #2834, .F. ) ;
#5384 = ORIENTED_EDGE ( 'NONE', *, *, #1742, .F. ) ;
#5385 = LINE ( 'NONE', #5115, #6928 ) ;
#5386 = CARTESIAN_POINT ( 'NONE',  ( -1.424999999999999800, -1.583686420389025100, 0.1138136583594313900 ) ) ;
#5387 = DIRECTION ( 'NONE',  ( 1.000000000000000000, 0.0000000000000000000, 0.0000000000000000000 ) ) ;
#5388 = ADVANCED_FACE ( 'NONE', ( #7609 ), #7903, .F. ) ;
#5389 = CARTESIAN_POINT ( 'NONE',  ( 0.8750000000000001100, 1.500000000000000000, 0.5635000000000020000 ) ) ;
#5390 = LINE ( 'NONE', #7393, #145 ) ;
#5391 = LINE ( 'NONE', #751, #3617 ) ;
#5392 = EDGE_CURVE ( 'NONE', #2414, #5127, #1735, .T. ) ;
#5393 = CARTESIAN_POINT ( 'NONE',  ( 0.3750000000000001100, -1.550000000000000000, 0.5635000000000010000 ) ) ;
#5394 = VERTEX_POINT ( 'NONE', #3966 ) ;
#5395 = STYLED_ITEM ( 'NONE', ( #6759 ), #8511 ) ;
#5396 = ORIENTED_EDGE ( 'NONE', *, *, #8372, .F. ) ;
#5397 = MANIFOLD_SOLID_BREP ( 'Lead10', #1315 ) ;
#5398 =( LENGTH_UNIT ( ) NAMED_UNIT ( * ) SI_UNIT ( .MILLI., .METRE. ) );
#5399 = ORIENTED_EDGE ( 'NONE', *, *, #6542, .T. ) ;
#5400 = ORIENTED_EDGE ( 'NONE', *, *, #8372, .T. ) ;
#5401 = EDGE_LOOP ( 'NONE', ( #1972, #268, #4888, #2491 ) ) ;
#5402 = CARTESIAN_POINT ( 'NONE',  ( -0.9249999999999998200, -2.000000000000000000, 2.439454888092385000E-016 ) ) ;
#5403 = SURFACE_STYLE_FILL_AREA ( #7886 ) ;
#5404 =( GEOMETRIC_REPRESENTATION_CONTEXT ( 3 ) GLOBAL_UNCERTAINTY_ASSIGNED_CONTEXT ( ( #4538 ) ) GLOBAL_UNIT_ASSIGNED_CONTEXT ( ( #3779, #1841, #2467 ) ) REPRESENTATION_CONTEXT ( 'NONE', 'WORKASPACE' ) );
#5405 = SURFACE_SIDE_STYLE ('',( #3165 ) ) ;
#5406 = SURFACE_STYLE_USAGE ( .BOTH. , #823 ) ;
#5407 = ORIENTED_EDGE ( 'NONE', *, *, #4025, .T. ) ;
#5408 = ORIENTED_EDGE ( 'NONE', *, *, #95, .T. ) ;
#5409 = CARTESIAN_POINT ( 'NONE',  ( 1.800000000000000000, 1.500000000000000000, 0.1000000000000000100 ) ) ;
#5410 = FILL_AREA_STYLE_COLOUR ( '', #6374 ) ;
#5411 = LINE ( 'NONE', #8064, #6960 ) ;
#5412 = CARTESIAN_POINT ( 'NONE',  ( -0.4249999999999998200, -2.000000000000000000, 2.439454888092385000E-016 ) ) ;
#5413 = PRESENTATION_LAYER_ASSIGNMENT (  '', '', ( #4527 ) ) ;
#5414 =( LENGTH_UNIT ( ) NAMED_UNIT ( * ) SI_UNIT ( .MILLI., .METRE. ) );
#5415 = VERTEX_POINT ( 'NONE', #7959 ) ;
#5416 = VERTEX_POINT ( 'NONE', #3940 ) ;
#5417 =( NAMED_UNIT ( * ) PLANE_ANGLE_UNIT ( ) SI_UNIT ( $, .RADIAN. ) );
#5418 =( GEOMETRIC_REPRESENTATION_CONTEXT ( 3 ) GLOBAL_UNCERTAINTY_ASSIGNED_CONTEXT ( ( #6299 ) ) GLOBAL_UNIT_ASSIGNED_CONTEXT ( ( #1869, #6486, #2532 ) ) REPRESENTATION_CONTEXT ( 'NONE', 'WORKASPACE' ) );
#5419 = VECTOR ( 'NONE', #4184, 1000.000000000000000 ) ;
#5420 = VERTEX_POINT ( 'NONE', #77 ) ;
#5421 = UNCERTAINTY_MEASURE_WITH_UNIT (LENGTH_MEASURE( 1.000000000000000100E-005 ), #1533, 'distance_accuracy_value', 'NONE');
#5422 =( NAMED_UNIT ( * ) PLANE_ANGLE_UNIT ( ) SI_UNIT ( $, .RADIAN. ) );
#5423 = EDGE_CURVE ( 'NONE', #4375, #3506, #4414, .T. ) ;
#5424 = VECTOR ( 'NONE', #8480, 1000.000000000000000 ) ;
#5425 = CARTESIAN_POINT ( 'NONE',  ( 0.5750000000000001800, -1.550000000000000300, 0.4365000000000002200 ) ) ;
#5426 = LINE ( 'NONE', #682, #185 ) ;
#5427 = ORIENTED_EDGE ( 'NONE', *, *, #6643, .T. ) ;
#5428 = PLANE ( 'NONE',  #6821 ) ;
#5429 = EDGE_LOOP ( 'NONE', ( #525, #5101, #4545, #7748 ) ) ;
#5430 = LINE ( 'NONE', #3945, #2102 ) ;
#5431 = ORIENTED_EDGE ( 'NONE', *, *, #263, .T. ) ;
#5432 = DIRECTION ( 'NONE',  ( -1.000000000000000000, -0.0000000000000000000, 0.0000000000000000000 ) ) ;
#5433 = MECHANICAL_DESIGN_GEOMETRIC_PRESENTATION_REPRESENTATION (  '', ( #4095 ), #5871 ) ;
#5434 = EDGE_LOOP ( 'NONE', ( #997, #7866, #2684, #3680 ) ) ;
#5435 = ADVANCED_FACE ( 'NONE', ( #6171 ), #2013, .T. ) ;
#5436 = VERTEX_POINT ( 'NONE', #782 ) ;
#5437 = EDGE_CURVE ( 'NONE', #7260, #7187, #3760, .T. ) ;
#5438 = VECTOR ( 'NONE', #2890, 1000.000000000000000 ) ;
#5439 = CYLINDRICAL_SURFACE ( 'NONE', #7337, 0.1999999999999999800 ) ;
#5440 = VERTEX_POINT ( 'NONE', #5361 ) ;
#5441 =( NAMED_UNIT ( * ) PLANE_ANGLE_UNIT ( ) SI_UNIT ( $, .RADIAN. ) );
#5442 = MECHANICAL_DESIGN_GEOMETRIC_PRESENTATION_REPRESENTATION (  '', ( #4109 ), #5887 ) ;
#5443 = FILL_AREA_STYLE ('',( #4743 ) ) ;
#5444 = CARTESIAN_POINT ( 'NONE',  ( -0.4249999999999998200, 1.583686420389025100, 0.1138136583594313900 ) ) ;
#5445 = CARTESIAN_POINT ( 'NONE',  ( -0.4249999999999998200, -2.000000000000000000, 0.1270000000000002500 ) ) ;
#5446 = LINE ( 'NONE', #1945, #209 ) ;
#5447 = CARTESIAN_POINT ( 'NONE',  ( -0.9249999999999998200, -1.710000000000000200, 0.1270000000000002200 ) ) ;
#5448 = COLOUR_RGB ( '',1.000000000000000000, 1.000000000000000000, 1.000000000000000000 ) ;
#5449 = ORIENTED_EDGE ( 'NONE', *, *, #5716, .F. ) ;
#5450 = EDGE_CURVE ( 'NONE', #7447, #924, #5526, .T. ) ;
#5451 = CARTESIAN_POINT ( 'NONE',  ( -1.424999999999999800, -1.676313579610975200, 0.4496863416405709200 ) ) ;
#5452 = PRESENTATION_LAYER_ASSIGNMENT (  '', '', ( #4125 ) ) ;
#5453 = ORIENTED_EDGE ( 'NONE', *, *, #7871, .F. ) ;
#5454 = ORIENTED_EDGE ( 'NONE', *, *, #7315, .T. ) ;
#5455 = COLOUR_RGB ( '',1.000000000000000000, 1.000000000000000000, 1.000000000000000000 ) ;
#5456 = SURFACE_STYLE_FILL_AREA ( #3521 ) ;
#5457 = SURFACE_STYLE_FILL_AREA ( #193 ) ;
#5458 = SURFACE_STYLE_USAGE ( .BOTH. , #881 ) ;
#5459 = AXIS2_PLACEMENT_3D ( 'NONE', #7165, #3213, #7837 ) ;
#5460 = EDGE_LOOP ( 'NONE', ( #3496, #3231, #5623, #3539 ) ) ;
#5461 = DIRECTION ( 'NONE',  ( 0.0000000000000000000, 1.000000000000000000, 3.686287386450737200E-014 ) ) ;
#5462 = COLOUR_RGB ( '',1.000000000000000000, 1.000000000000000000, 1.000000000000000000 ) ;
#5463 = SURFACE_STYLE_USAGE ( .BOTH. , #887 ) ;
#5464 = ADVANCED_FACE ( 'NONE', ( #511 ), #1219, .T. ) ;
#5465 = CARTESIAN_POINT ( 'NONE',  ( -1.800000000000000000, -1.299999999999999800, 0.5635000000000000000 ) ) ;
#5466 = PRESENTATION_STYLE_ASSIGNMENT (( #5241 ) ) ;
#5467 = SURFACE_STYLE_USAGE ( .BOTH. , #891 ) ;
#5468 = ORIENTED_EDGE ( 'NONE', *, *, #6761, .F. ) ;
#5469 = FILL_AREA_STYLE ('',( #3491 ) ) ;
#5470 = UNCERTAINTY_MEASURE_WITH_UNIT (LENGTH_MEASURE( 1.000000000000000100E-005 ), #6340, 'distance_accuracy_value', 'NONE');
#5471 = STYLED_ITEM ( 'NONE', ( #2896 ), #6641 ) ;
#5472 = CLOSED_SHELL ( 'NONE', ( #2119, #1462, #5914, #4442, #3559, #3459, #2648, #3164, #2731, #4861, #7981, #8379 ) ) ;
#5473 = AXIS2_PLACEMENT_3D ( 'NONE', #5447, #1511, #6116 ) ;
#5474 = CARTESIAN_POINT ( 'NONE',  ( -0.4249999999999998200, 1.500000000000000400, 0.4365000000000020500 ) ) ;
#5475 = EDGE_CURVE ( 'NONE', #5560, #2542, #2936, .T. ) ;
#5476 = DIRECTION ( 'NONE',  ( -0.0000000000000000000, -1.000000000000000000, -0.0000000000000000000 ) ) ;
#5477 = COLOUR_RGB ( '',1.000000000000000000, 1.000000000000000000, 1.000000000000000000 ) ;
#5478 = DIRECTION ( 'NONE',  ( 0.0000000000000000000, -0.1038294617367628000, 0.9945951150470496700 ) ) ;
#5479 = EDGE_LOOP ( 'NONE', ( #4096, #2925, #3840, #8415 ) ) ;
#5480 = SURFACE_STYLE_FILL_AREA ( #8138 ) ;
#5481 = CIRCLE ( 'NONE', #5039, 0.2000000000000000900 ) ;
#5482 = EDGE_LOOP ( 'NONE', ( #2645, #6800, #5783, #121 ) ) ;
#5483 = AXIS2_PLACEMENT_3D ( 'NONE', #6206, #2886, #7176 ) ;
#5484 = CARTESIAN_POINT ( 'NONE',  ( 2.000000000000000000, -1.499999999999999800, 0.1000000000000000500 ) ) ;
#5485 = ORIENTED_EDGE ( 'NONE', *, *, #6574, .T. ) ;
#5486 = EDGE_CURVE ( 'NONE', #4014, #4877, #4707, .T. ) ;
#5487 = FILL_AREA_STYLE_COLOUR ( '', #2208 ) ;
#5488 = LINE ( 'NONE', #1375, #5287 ) ;
#5489 = FILL_AREA_STYLE ('',( #3817 ) ) ;
#5490 = VERTEX_POINT ( 'NONE', #4754 ) ;
#5491 = FACE_OUTER_BOUND ( 'NONE', #6935, .T. ) ;
#5492 = SURFACE_SIDE_STYLE ('',( #7051 ) ) ;
#5493 = DIRECTION ( 'NONE',  ( -1.000000000000000000, 0.0000000000000000000, -0.0000000000000000000 ) ) ;
#5494 = EDGE_CURVE ( 'NONE', #4890, #5172, #8222, .T. ) ;
#5495 = SURFACE_STYLE_USAGE ( .BOTH. , #923 ) ;
#5496 =( GEOMETRIC_REPRESENTATION_CONTEXT ( 3 ) GLOBAL_UNCERTAINTY_ASSIGNED_CONTEXT ( ( #7142 ) ) GLOBAL_UNIT_ASSIGNED_CONTEXT ( ( #6754, #2781, #7410 ) ) REPRESENTATION_CONTEXT ( 'NONE', 'WORKASPACE' ) );
#5497 = PRESENTATION_STYLE_ASSIGNMENT (( #8308 ) ) ;
#5498 = CARTESIAN_POINT ( 'NONE',  ( -1.625000000000000000, 1.500000000000000000, 0.5635000000000020000 ) ) ;
#5499 = VECTOR ( 'NONE', #4439, 1000.000000000000000 ) ;
#5500 = CARTESIAN_POINT ( 'NONE',  ( -0.4249999999999998200, 1.583686420389025100, 0.1138136583594313900 ) ) ;
#5501 = CARTESIAN_POINT ( 'NONE',  ( -1.125000000000000000, 1.550000000000000300, 0.4365000000000001100 ) ) ;
#5502 = ADVANCED_FACE ( 'NONE', ( #2739 ), #6209, .T. ) ;
#5503 = SURFACE_STYLE_FILL_AREA ( #6902 ) ;
#5504 = ORIENTED_EDGE ( 'NONE', *, *, #7871, .T. ) ;
#5505 =( LENGTH_UNIT ( ) NAMED_UNIT ( * ) SI_UNIT ( .MILLI., .METRE. ) );
#5506 = CARTESIAN_POINT ( 'NONE',  ( 1.075000000000000200, -1.710000000000000200, 0.1270000000000002500 ) ) ;
#5507 = SURFACE_STYLE_FILL_AREA ( #7331 ) ;
#5508 = ORIENTED_EDGE ( 'NONE', *, *, #6196, .F. ) ;
#5509 = SURFACE_SIDE_STYLE ('',( #6792 ) ) ;
#5510 = CARTESIAN_POINT ( 'NONE',  ( -2.125000000000000000, 1.500000000000000000, 0.4365000000000000000 ) ) ;
#5511 = VERTEX_POINT ( 'NONE', #2918 ) ;
#5512 = SURFACE_STYLE_FILL_AREA ( #1493 ) ;
#5513 = ORIENTED_EDGE ( 'NONE', *, *, #7078, .F. ) ;
#5514 = VERTEX_POINT ( 'NONE', #2256 ) ;
#5515 = SURFACE_SIDE_STYLE ('',( #902 ) ) ;
#5516 = CARTESIAN_POINT ( 'NONE',  ( 0.8750000000000001100, 1.500000000000000000, 0.5635000000000020000 ) ) ;
#5517 = PRESENTATION_LAYER_ASSIGNMENT (  '', '', ( #5088 ) ) ;
#5518 = CARTESIAN_POINT ( 'NONE',  ( 2.000000000000000000, -1.499999999999999800, 0.8999999999999998000 ) ) ;
#5519 = LINE ( 'NONE', #1132, #7267 ) ;
#5520 = SURFACE_STYLE_FILL_AREA ( #3820 ) ;
#5521 = EDGE_CURVE ( 'NONE', #7447, #6883, #7169, .T. ) ;
#5522 = FILL_AREA_STYLE_COLOUR ( '', #2840 ) ;
#5523 = CARTESIAN_POINT ( 'NONE',  ( -0.6249999999999998900, 1.500000000000000000, 0.5635000000000020000 ) ) ;
#5524 = STYLED_ITEM ( 'NONE', ( #5578 ), #7413 ) ;
#5525 = DIRECTION ( 'NONE',  ( 0.0000000000000000000, 0.1038294617367629000, 0.9945951150470496700 ) ) ;
#5526 = LINE ( 'NONE', #6694, #5334 ) ;
#5527 = COLOUR_RGB ( '',1.000000000000000000, 1.000000000000000000, 1.000000000000000000 ) ;
#5528 = CARTESIAN_POINT ( 'NONE',  ( 1.575000000000000200, -1.500000000000000000, 0.5635000000000020000 ) ) ;
#5529 = EDGE_CURVE ( 'NONE', #5097, #3070, #402, .T. ) ;
#5530 = UNCERTAINTY_MEASURE_WITH_UNIT (LENGTH_MEASURE( 1.000000000000000100E-005 ), #841, 'distance_accuracy_value', 'NONE');
#5531 = COLOUR_RGB ( '',1.000000000000000000, 1.000000000000000000, 1.000000000000000000 ) ;
#5532 = ORIENTED_EDGE ( 'NONE', *, *, #1698, .T. ) ;
#5533 = CARTESIAN_POINT ( 'NONE',  ( -1.125000000000000000, -1.500000000000000400, 0.4365000000000020500 ) ) ;
#5534 = CARTESIAN_POINT ( 'NONE',  ( 1.375000000000000200, -1.500000000000000000, 0.5635000000000020000 ) ) ;
#5535 = DIRECTION ( 'NONE',  ( 0.0000000000000000000, 0.0000000000000000000, -1.000000000000000000 ) ) ;
#5536 = EDGE_CURVE ( 'NONE', #6855, #1806, #2111, .T. ) ;
#5537 = STYLED_ITEM ( 'NONE', ( #3050 ), #3459 ) ;
#5538 = LINE ( 'NONE', #8198, #7289 ) ;
#5539 = CARTESIAN_POINT ( 'NONE',  ( 0.5750000000000001800, -1.550000000000000300, 0.4365000000000001100 ) ) ;
#5540 = AXIS2_PLACEMENT_3D ( 'NONE', #7976, #4008, #94 ) ;
#5541 = ADVANCED_FACE ( 'NONE', ( #3863 ), #6356, .T. ) ;
#5542 = CARTESIAN_POINT ( 'NONE',  ( -0.4249999999999998200, -1.550000000000000300, 0.4365000000000002200 ) ) ;
#5543 = LINE ( 'NONE', #325, #3775 ) ;
#5544 = ORIENTED_EDGE ( 'NONE', *, *, #5392, .T. ) ;
#5545 = CARTESIAN_POINT ( 'NONE',  ( 0.07500000000000019200, 1.500000000000000000, 0.5635000000000020000 ) ) ;
#5546 = CARTESIAN_POINT ( 'NONE',  ( -2.125000000000000000, 1.500000000000000000, 0.4365000000000000000 ) ) ;
#5547 = PRESENTATION_STYLE_ASSIGNMENT (( #8412 ) ) ;
#5548 = CARTESIAN_POINT ( 'NONE',  ( -2.000000000000000000, 0.0000000000000000000, 0.0000000000000000000 ) ) ;
#5549 = EDGE_CURVE ( 'NONE', #1525, #544, #8113, .T. ) ;
#5550 = FILL_AREA_STYLE ('',( #974 ) ) ;
#5551 = VERTEX_POINT ( 'NONE', #2975 ) ;
#5552 = AXIS2_PLACEMENT_3D ( 'NONE', #5539, #1618, #6229 ) ;
#5553 = CARTESIAN_POINT ( 'NONE',  ( 1.375000000000000200, -1.710000000000000200, 0.1270000000000002200 ) ) ;
#5554 = VECTOR ( 'NONE', #5314, 1000.000000000000000 ) ;
#5555 = CARTESIAN_POINT ( 'NONE',  ( 1.375000000000000200, 2.000000000000000000, 2.439454888092385000E-016 ) ) ;
#5556 = VECTOR ( 'NONE', #863, 1000.000000000000000 ) ;
#5557 = FILL_AREA_STYLE ('',( #7557 ) ) ;
#5558 = ADVANCED_FACE ( 'NONE', ( #1312 ), #7907, .T. ) ;
#5559 = DIRECTION ( 'NONE',  ( 0.0000000000000000000, 0.1038294617367629000, 0.9945951150470496700 ) ) ;
#5560 = VERTEX_POINT ( 'NONE', #1058 ) ;
#5561 = SURFACE_SIDE_STYLE ('',( #5480 ) ) ;
#5562 = EDGE_LOOP ( 'NONE', ( #2071, #1568, #6066, #7156 ) ) ;
#5563 = UNCERTAINTY_MEASURE_WITH_UNIT (LENGTH_MEASURE( 1.000000000000000100E-005 ), #1537, 'distance_accuracy_value', 'NONE');
#5564 = DIRECTION ( 'NONE',  ( -1.000000000000000000, -0.0000000000000000000, 0.0000000000000000000 ) ) ;
#5565 = CIRCLE ( 'NONE', #368, 0.1270000000000008600 ) ;
#5566 = ORIENTED_EDGE ( 'NONE', *, *, #1347, .F. ) ;
#5567 = SURFACE_SIDE_STYLE ('',( #2383 ) ) ;
#5568 =( GEOMETRIC_REPRESENTATION_CONTEXT ( 3 ) GLOBAL_UNCERTAINTY_ASSIGNED_CONTEXT ( ( #6119 ) ) GLOBAL_UNIT_ASSIGNED_CONTEXT ( ( #4963, #1033, #5622 ) ) REPRESENTATION_CONTEXT ( 'NONE', 'WORKASPACE' ) );
#5569 = SURFACE_STYLE_FILL_AREA ( #7146 ) ;
#5570 = DIRECTION ( 'NONE',  ( 1.000000000000000000, 0.0000000000000000000, -0.0000000000000000000 ) ) ;
#5571 = AXIS2_PLACEMENT_3D ( 'NONE', #8290, #4341, #7623 ) ;
#5572 = ORIENTED_EDGE ( 'NONE', *, *, #5878, .T. ) ;
#5573 = COLOUR_RGB ( '',1.000000000000000000, 1.000000000000000000, 1.000000000000000000 ) ;
#5574 = FILL_AREA_STYLE_COLOUR ( '', #3114 ) ;
#5575 = UNCERTAINTY_MEASURE_WITH_UNIT (LENGTH_MEASURE( 1.000000000000000100E-005 ), #8051, 'distance_accuracy_value', 'NONE');
#5576 = EDGE_CURVE ( 'NONE', #3735, #235, #1110, .T. ) ;
#5577 = FILL_AREA_STYLE_COLOUR ( '', #4333 ) ;
#5578 = PRESENTATION_STYLE_ASSIGNMENT (( #1009 ) ) ;
#5579 = ORIENTED_EDGE ( 'NONE', *, *, #532, .T. ) ;
#5580 = DIRECTION ( 'NONE',  ( -0.0000000000000000000, 1.000000000000000000, -0.0000000000000000000 ) ) ;
#5581 = SURFACE_STYLE_FILL_AREA ( #1724 ) ;
#5582 = FACE_OUTER_BOUND ( 'NONE', #1819, .T. ) ;
#5583 = DIRECTION ( 'NONE',  ( 0.0000000000000000000, 1.000000000000000000, 0.0000000000000000000 ) ) ;
#5584 = ORIENTED_EDGE ( 'NONE', *, *, #1538, .T. ) ;
#5585 = STYLED_ITEM ( 'NONE', ( #7849 ), #7075 ) ;
#5586 = LINE ( 'NONE', #5087, #565 ) ;
#5587 = ORIENTED_EDGE ( 'NONE', *, *, #2137, .T. ) ;
#5588 = CARTESIAN_POINT ( 'NONE',  ( 0.5750000000000001800, -1.550000000000000000, 0.5635000000000010000 ) ) ;
#5589 = DIRECTION ( 'NONE',  ( -1.000000000000000000, 0.0000000000000000000, -0.0000000000000000000 ) ) ;
#5590 = CIRCLE ( 'NONE', #202, 0.2000000000000000900 ) ;
#5591 = EDGE_CURVE ( 'NONE', #228, #957, #4599, .T. ) ;
#5592 =( LENGTH_UNIT ( ) NAMED_UNIT ( * ) SI_UNIT ( .MILLI., .METRE. ) );
#5593 = DIRECTION ( 'NONE',  ( 0.0000000000000000000, 1.000000000000000000, 0.0000000000000000000 ) ) ;
#5594 = ORIENTED_EDGE ( 'NONE', *, *, #7530, .T. ) ;
#5595 = ADVANCED_FACE ( 'NONE', ( #6162 ), #3008, .F. ) ;
#5596 = FACE_OUTER_BOUND ( 'NONE', #4938, .T. ) ;
#5597 = ORIENTED_EDGE ( 'NONE', *, *, #3612, .F. ) ;
#5598 = DIRECTION ( 'NONE',  ( 0.0000000000000000000, -1.000000000000000000, 2.710505431213759600E-016 ) ) ;
#5599 = FACE_OUTER_BOUND ( 'NONE', #8100, .T. ) ;
#5600 = DIRECTION ( 'NONE',  ( 0.0000000000000000000, 0.9945951150470497800, -0.1038294617367629000 ) ) ;
#5601 = MECHANICAL_DESIGN_GEOMETRIC_PRESENTATION_REPRESENTATION (  '', ( #4276 ), #6059 ) ;
#5602 = MECHANICAL_DESIGN_GEOMETRIC_PRESENTATION_REPRESENTATION (  '', ( #4718 ), #6061 ) ;
#5603 = VERTEX_POINT ( 'NONE', #7637 ) ;
#5604 = ORIENTED_EDGE ( 'NONE', *, *, #6643, .F. ) ;
#5605 = PRODUCT_CONTEXT ( 'NONE', #2272, 'mechanical' ) ;
#5606 = DIRECTION ( 'NONE',  ( 0.0000000000000000000, 0.0000000000000000000, 1.000000000000000000 ) ) ;
#5607 = SURFACE_SIDE_STYLE ('',( #4623 ) ) ;
#5608 =( NAMED_UNIT ( * ) PLANE_ANGLE_UNIT ( ) SI_UNIT ( $, .RADIAN. ) );
#5609 = EDGE_LOOP ( 'NONE', ( #5713, #379, #1522, #3033 ) ) ;
#5610 = DIRECTION ( 'NONE',  ( 0.0000000000000000000, 0.0000000000000000000, 1.000000000000000000 ) ) ;
#5611 = SURFACE_SIDE_STYLE ('',( #947 ) ) ;
#5612 = EDGE_CURVE ( 'NONE', #8432, #1731, #3753, .T. ) ;
#5613 = FILL_AREA_STYLE_COLOUR ( '', #342 ) ;
#5614 = STYLED_ITEM ( 'NONE', ( #1310 ), #3998 ) ;
#5615 = LINE ( 'NONE', #7369, #592 ) ;
#5616 = VERTEX_POINT ( 'NONE', #4384 ) ;
#5617 = DIRECTION ( 'NONE',  ( -0.0000000000000000000, 1.000000000000000000, -0.0000000000000000000 ) ) ;
#5618 = ORIENTED_EDGE ( 'NONE', *, *, #1989, .F. ) ;
#5619 = VERTEX_POINT ( 'NONE', #456 ) ;
#5620 = ORIENTED_EDGE ( 'NONE', *, *, #8036, .F. ) ;
#5621 = SURFACE_STYLE_FILL_AREA ( #162 ) ;
#5622 =( NAMED_UNIT ( * ) SI_UNIT ( $, .STERADIAN. ) SOLID_ANGLE_UNIT ( ) );
#5623 = ORIENTED_EDGE ( 'NONE', *, *, #1212, .T. ) ;
#5624 = FACE_OUTER_BOUND ( 'NONE', #3476, .T. ) ;
#5625 =( NAMED_UNIT ( * ) PLANE_ANGLE_UNIT ( ) SI_UNIT ( $, .RADIAN. ) );
#5626 = LINE ( 'NONE', #5905, #7383 ) ;
#5627 =( LENGTH_UNIT ( ) NAMED_UNIT ( * ) SI_UNIT ( .MILLI., .METRE. ) );
#5628 = DIRECTION ( 'NONE',  ( 0.0000000000000000000, 2.168404344971013200E-015, -1.000000000000000000 ) ) ;
#5629 = PRESENTATION_LAYER_ASSIGNMENT (  '', '', ( #6504 ) ) ;
#5630 = VERTEX_POINT ( 'NONE', #5707 ) ;
#5631 = LINE ( 'NONE', #3147, #2100 ) ;
#5632 = UNCERTAINTY_MEASURE_WITH_UNIT (LENGTH_MEASURE( 1.000000000000000100E-005 ), #8274, 'distance_accuracy_value', 'NONE');
#5633 = ORIENTED_EDGE ( 'NONE', *, *, #6535, .T. ) ;
#5634 = LINE ( 'NONE', #4352, #2106 ) ;
#5635 = FILL_AREA_STYLE ('',( #967 ) ) ;
#5636 = LINE ( 'NONE', #4370, #4087 ) ;
#5637 = SURFACE_STYLE_USAGE ( .BOTH. , #1045 ) ;
#5638 = ORIENTED_EDGE ( 'NONE', *, *, #3758, .F. ) ;
#5639 =( GEOMETRIC_REPRESENTATION_CONTEXT ( 3 ) GLOBAL_UNCERTAINTY_ASSIGNED_CONTEXT ( ( #2224 ) ) GLOBAL_UNIT_ASSIGNED_CONTEXT ( ( #3891, #8536, #4568 ) ) REPRESENTATION_CONTEXT ( 'NONE', 'WORKASPACE' ) );
#5640 = FILL_AREA_STYLE_COLOUR ( '', #6752 ) ;
#5641 = DIRECTION ( 'NONE',  ( -0.0000000000000000000, 0.1038294617367628000, -0.9945951150470496700 ) ) ;
#5642 = PRESENTATION_LAYER_ASSIGNMENT (  '', '', ( #4319 ) ) ;
#5643 = DIRECTION ( 'NONE',  ( -1.000000000000000000, -0.0000000000000000000, -0.0000000000000000000 ) ) ;
#5644 = EDGE_CURVE ( 'NONE', #5378, #4367, #2005, .T. ) ;
#5645 = ORIENTED_EDGE ( 'NONE', *, *, #8353, .T. ) ;
#5646 = COLOUR_RGB ( '',1.000000000000000000, 1.000000000000000000, 1.000000000000000000 ) ;
#5647 = VERTEX_POINT ( 'NONE', #7024 ) ;
#5648 = COLOUR_RGB ( '',1.000000000000000000, 1.000000000000000000, 1.000000000000000000 ) ;
#5649 = DIRECTION ( 'NONE',  ( 0.0000000000000000000, -0.9945951150470497800, 0.1038294617367628200 ) ) ;
#5650 = VECTOR ( 'NONE', #7872, 1000.000000000000000 ) ;
#5651 = CARTESIAN_POINT ( 'NONE',  ( 1.375000000000000200, -2.000000000000000000, 0.1270000000000002500 ) ) ;
#5652 = CARTESIAN_POINT ( 'NONE',  ( -0.4249999999999998200, -1.550000000000000300, 0.4365000000000001100 ) ) ;
#5653 = AXIS2_PLACEMENT_3D ( 'NONE', #1938, #6564, #2605 ) ;
#5654 = DIRECTION ( 'NONE',  ( -1.000000000000000000, -0.0000000000000000000, -0.0000000000000000000 ) ) ;
#5655 = DIRECTION ( 'NONE',  ( 0.0000000000000000000, 0.0000000000000000000, 1.000000000000000000 ) ) ;
#5656 = STYLED_ITEM ( 'NONE', ( #8478 ), #2733 ) ;
#5657 = LINE ( 'NONE', #1930, #416 ) ;
#5658 = ORIENTED_EDGE ( 'NONE', *, *, #4562, .F. ) ;
#5659 = PLANE ( 'NONE',  #3833 ) ;
#5660 = EDGE_CURVE ( 'NONE', #2265, #1711, #5325, .T. ) ;
#5661 = CARTESIAN_POINT ( 'NONE',  ( 1.575000000000000200, -1.500000000000000400, 0.4365000000000020500 ) ) ;
#5662 = DIRECTION ( 'NONE',  ( -0.0000000000000000000, 0.0000000000000000000, -1.000000000000000000 ) ) ;
#5663 = SURFACE_STYLE_USAGE ( .BOTH. , #5509 ) ;
#5664 = VECTOR ( 'NONE', #338, 1000.000000000000000 ) ;
#5665 = EDGE_CURVE ( 'NONE', #3836, #6080, #5519, .T. ) ;
#5666 = LINE ( 'NONE', #14, #3893 ) ;
#5667 = LINE ( 'NONE', #6175, #427 ) ;
#5668 = AXIS2_PLACEMENT_3D ( 'NONE', #1284, #5890, #1921 ) ;
#5669 = CARTESIAN_POINT ( 'NONE',  ( -0.4249999999999998200, 1.710000000000000200, 0.1270000000000002200 ) ) ;
#5670 =( NAMED_UNIT ( * ) PLANE_ANGLE_UNIT ( ) SI_UNIT ( $, .RADIAN. ) );
#5671 = DIRECTION ( 'NONE',  ( 0.0000000000000000000, 0.1038294617367629000, 0.9945951150470496700 ) ) ;
#5672 = CARTESIAN_POINT ( 'NONE',  ( 0.3750000000000001100, 2.000000000000000000, 2.439454888092385000E-016 ) ) ;
#5673 = ORIENTED_EDGE ( 'NONE', *, *, #1899, .F. ) ;
#5674 = CARTESIAN_POINT ( 'NONE',  ( -2.000000000000000000, 1.300000000000000000, -3.523657060577889400E-016 ) ) ;
#5675 = SURFACE_STYLE_FILL_AREA ( #4607 ) ;
#5676 = CIRCLE ( 'NONE', #3196, 0.1270000000000008600 ) ;
#5677 = SURFACE_STYLE_USAGE ( .BOTH. , #1080 ) ;
#5678 = DIRECTION ( 'NONE',  ( 1.000000000000000000, 0.0000000000000000000, -0.0000000000000000000 ) ) ;
#5679 = UNCERTAINTY_MEASURE_WITH_UNIT (LENGTH_MEASURE( 1.000000000000000100E-005 ), #7317, 'distance_accuracy_value', 'NONE');
#5680 = DIRECTION ( 'NONE',  ( 0.0000000000000000000, 0.0000000000000000000, 1.000000000000000000 ) ) ;
#5681 = CARTESIAN_POINT ( 'NONE',  ( 1.075000000000000200, -1.500000000000000400, 0.4365000000000020500 ) ) ;
#5682 = CIRCLE ( 'NONE', #3142, 0.2000000000000000900 ) ;
#5683 = VERTEX_POINT ( 'NONE', #5737 ) ;
#5684 = FACE_OUTER_BOUND ( 'NONE', #467, .T. ) ;
#5685 = FILL_AREA_STYLE_COLOUR ( '', #1472 ) ;
#5686 = DIRECTION ( 'NONE',  ( 0.0000000000000000000, 0.0000000000000000000, 1.000000000000000000 ) ) ;
#5687 = ORIENTED_EDGE ( 'NONE', *, *, #1368, .F. ) ;
#5688 = DIRECTION ( 'NONE',  ( -1.000000000000000000, -0.0000000000000000000, -0.0000000000000000000 ) ) ;
#5689 = PRESENTATION_LAYER_ASSIGNMENT (  '', '', ( #5248 ) ) ;
#5690 = ORIENTED_EDGE ( 'NONE', *, *, #6974, .T. ) ;
#5691 = LINE ( 'NONE', #4940, #2881 ) ;
#5692 = STYLED_ITEM ( 'NONE', ( #5316 ), #1247 ) ;
#5693 = LINE ( 'NONE', #8072, #2165 ) ;
#5694 = EDGE_CURVE ( 'NONE', #4022, #1179, #1814, .T. ) ;
#5695 = ORIENTED_EDGE ( 'NONE', *, *, #8204, .F. ) ;
#5696 =( LENGTH_UNIT ( ) NAMED_UNIT ( * ) SI_UNIT ( .MILLI., .METRE. ) );
#5697 = ORIENTED_EDGE ( 'NONE', *, *, #4051, .T. ) ;
#5698 =( NAMED_UNIT ( * ) SI_UNIT ( $, .STERADIAN. ) SOLID_ANGLE_UNIT ( ) );
#5699 = DIRECTION ( 'NONE',  ( -1.000000000000000000, -0.0000000000000000000, -0.0000000000000000000 ) ) ;
#5700 = DIRECTION ( 'NONE',  ( 0.0000000000000000000, 1.000000000000000000, -3.686287386450737200E-014 ) ) ;
#5701 =( NAMED_UNIT ( * ) PLANE_ANGLE_UNIT ( ) SI_UNIT ( $, .RADIAN. ) );
#5702 = EDGE_LOOP ( 'NONE', ( #7255, #4956, #3115, #4070, #8169, #2389, #2843, #1249, #2505, #2553 ) ) ;
#5703 =( LENGTH_UNIT ( ) NAMED_UNIT ( * ) SI_UNIT ( .MILLI., .METRE. ) );
#5704 =( GEOMETRIC_REPRESENTATION_CONTEXT ( 3 ) GLOBAL_UNCERTAINTY_ASSIGNED_CONTEXT ( ( #2396 ) ) GLOBAL_UNIT_ASSIGNED_CONTEXT ( ( #2239, #1298, #7242 ) ) REPRESENTATION_CONTEXT ( 'NONE', 'WORKASPACE' ) );
#5705 = SPHERICAL_SURFACE ( 'NONE', #2370, 0.2000000000000000100 ) ;
#5706 = CARTESIAN_POINT ( 'NONE',  ( 0.8750000000000001100, -1.710000000000000200, 2.710505431213761100E-016 ) ) ;
#5707 = CARTESIAN_POINT ( 'NONE',  ( -0.9249999999999998200, 2.000000000000000000, 2.439454888092385000E-016 ) ) ;
#5708 = EDGE_CURVE ( 'NONE', #5619, #4014, #79, .T. ) ;
#5709 = CARTESIAN_POINT ( 'NONE',  ( 1.375000000000000200, 1.710000000000000200, 0.1270000000000002200 ) ) ;
#5710 = LINE ( 'NONE', #1061, #3943 ) ;
#5711 = ORIENTED_EDGE ( 'NONE', *, *, #1003, .T. ) ;
#5712 = ORIENTED_EDGE ( 'NONE', *, *, #8386, .F. ) ;
#5713 = ORIENTED_EDGE ( 'NONE', *, *, #6761, .T. ) ;
#5714 = LINE ( 'NONE', #1808, #895 ) ;
#5715 = DIRECTION ( 'NONE',  ( 0.0000000000000000000, -0.9945951150470497800, -0.1038294617367629000 ) ) ;
#5716 = EDGE_CURVE ( 'NONE', #7171, #7060, #5120, .T. ) ;
#5717 = DIRECTION ( 'NONE',  ( 0.0000000000000000000, 0.0000000000000000000, -1.000000000000000000 ) ) ;
#5718 =( GEOMETRIC_REPRESENTATION_CONTEXT ( 3 ) GLOBAL_UNCERTAINTY_ASSIGNED_CONTEXT ( ( #6006 ) ) GLOBAL_UNIT_ASSIGNED_CONTEXT ( ( #7282, #1470, #5861 ) ) REPRESENTATION_CONTEXT ( 'NONE', 'WORKASPACE' ) );
#5719 =( GEOMETRIC_REPRESENTATION_CONTEXT ( 3 ) GLOBAL_UNCERTAINTY_ASSIGNED_CONTEXT ( ( #7738 ) ) GLOBAL_UNIT_ASSIGNED_CONTEXT ( ( #5696, #1756, #6360 ) ) REPRESENTATION_CONTEXT ( 'NONE', 'WORKASPACE' ) );
#5720 =( NAMED_UNIT ( * ) SI_UNIT ( $, .STERADIAN. ) SOLID_ANGLE_UNIT ( ) );
#5721 = DIRECTION ( 'NONE',  ( -1.000000000000000000, -0.0000000000000000000, -0.0000000000000000000 ) ) ;
#5722 = DIRECTION ( 'NONE',  ( -1.000000000000000000, 0.0000000000000000000, 0.0000000000000000000 ) ) ;
#5723 = PRODUCT_DEFINITION_SHAPE ( 'NONE', 'NONE',  #384 ) ;
#5724 = COLOUR_RGB ( '',1.000000000000000000, 1.000000000000000000, 1.000000000000000000 ) ;
#5725 = ORIENTED_EDGE ( 'NONE', *, *, #7385, .T. ) ;
#5726 = EDGE_CURVE ( 'NONE', #4787, #3900, #3344, .T. ) ;
#5727 = CARTESIAN_POINT ( 'NONE',  ( -1.800000000000000000, 1.500000000000000000, 0.1000000000000000100 ) ) ;
#5728 =( GEOMETRIC_REPRESENTATION_CONTEXT ( 3 ) GLOBAL_UNCERTAINTY_ASSIGNED_CONTEXT ( ( #8490 ) ) GLOBAL_UNIT_ASSIGNED_CONTEXT ( ( #6652, #2688, #7298 ) ) REPRESENTATION_CONTEXT ( 'NONE', 'WORKASPACE' ) );
#5729 = VERTEX_POINT ( 'NONE', #6413 ) ;
#5730 = SURFACE_STYLE_FILL_AREA ( #2633 ) ;
#5731 = ORIENTED_EDGE ( 'NONE', *, *, #2638, .F. ) ;
#5732 = ORIENTED_EDGE ( 'NONE', *, *, #4822, .F. ) ;
#5733 = ORIENTED_EDGE ( 'NONE', *, *, #6940, .T. ) ;
#5734 = CARTESIAN_POINT ( 'NONE',  ( -1.800000000000000000, 1.300000000000000300, 0.9000000000000001300 ) ) ;
#5735 = PLANE ( 'NONE',  #2347 ) ;
#5736 = ADVANCED_FACE ( 'NONE', ( #4911 ), #818, .T. ) ;
#5737 = CARTESIAN_POINT ( 'NONE',  ( 1.375000000000000200, -1.500000000000000400, 0.4365000000000020500 ) ) ;
#5738 = ORIENTED_EDGE ( 'NONE', *, *, #6668, .T. ) ;
#5739 = CARTESIAN_POINT ( 'NONE',  ( 0.3750000000000001100, 2.000000000000000000, 2.439454888092385000E-016 ) ) ;
#5740 = CARTESIAN_POINT ( 'NONE',  ( 1.375000000000000200, 1.550000000000000300, 0.4365000000000001100 ) ) ;
#5741 = UNCERTAINTY_MEASURE_WITH_UNIT (LENGTH_MEASURE( 1.000000000000000100E-005 ), #7879, 'distance_accuracy_value', 'NONE');
#5742 = ORIENTED_EDGE ( 'NONE', *, *, #8236, .F. ) ;
#5743 = MECHANICAL_DESIGN_GEOMETRIC_PRESENTATION_REPRESENTATION (  '', ( #4850 ), #6190 ) ;
#5744 = CARTESIAN_POINT ( 'NONE',  ( -0.6249999999999998900, 1.550000000000000300, 0.4365000000000002200 ) ) ;
#5745 = AXIS2_PLACEMENT_3D ( 'NONE', #350, #2301, #1019 ) ;
#5746 = DIRECTION ( 'NONE',  ( 0.0000000000000000000, 0.0000000000000000000, 1.000000000000000000 ) ) ;
#5747 = SURFACE_STYLE_FILL_AREA ( #4167 ) ;
#5748 = EDGE_CURVE ( 'NONE', #356, #6649, #4298, .T. ) ;
#5749 = DIRECTION ( 'NONE',  ( -1.000000000000000000, -0.0000000000000000000, -0.0000000000000000000 ) ) ;
#5750 = LINE ( 'NONE', #7570, #7278 ) ;
#5751 = FILL_AREA_STYLE_COLOUR ( '', #1111 ) ;
#5752 = FACE_OUTER_BOUND ( 'NONE', #7432, .T. ) ;
#5753 = CARTESIAN_POINT ( 'NONE',  ( 0.8750000000000001100, 1.710000000000000200, 2.710505431213761100E-016 ) ) ;
#5754 = MECHANICAL_DESIGN_GEOMETRIC_PRESENTATION_REPRESENTATION (  '', ( #4866 ), #6204 ) ;
#5755 = ORIENTED_EDGE ( 'NONE', *, *, #3465, .T. ) ;
#5756 = FACE_OUTER_BOUND ( 'NONE', #3562, .T. ) ;
#5757 = PRESENTATION_LAYER_ASSIGNMENT (  '', '', ( #6207 ) ) ;
#5758 = VECTOR ( 'NONE', #6992, 1000.000000000000000 ) ;
#5759 = FILL_AREA_STYLE_COLOUR ( '', #1359 ) ;
#5760 = DIRECTION ( 'NONE',  ( -1.000000000000000000, 0.0000000000000000000, -0.0000000000000000000 ) ) ;
#5761 = EDGE_CURVE ( 'NONE', #6802, #4778, #7796, .T. ) ;
#5762 = UNCERTAINTY_MEASURE_WITH_UNIT (LENGTH_MEASURE( 1.000000000000000100E-005 ), #7203, 'distance_accuracy_value', 'NONE');
#5763 = COLOUR_RGB ( '',1.000000000000000000, 1.000000000000000000, 1.000000000000000000 ) ;
#5764 =( LENGTH_UNIT ( ) NAMED_UNIT ( * ) SI_UNIT ( .MILLI., .METRE. ) );
#5765 = ORIENTED_EDGE ( 'NONE', *, *, #6010, .F. ) ;
#5766 = CARTESIAN_POINT ( 'NONE',  ( 0.07500000000000019200, 1.550000000000000300, 0.4365000000000001100 ) ) ;
#5767 = DIRECTION ( 'NONE',  ( -1.000000000000000000, -0.0000000000000000000, -0.0000000000000000000 ) ) ;
#5768 = VECTOR ( 'NONE', #4665, 1000.000000000000000 ) ;
#5769 =( NAMED_UNIT ( * ) SI_UNIT ( $, .STERADIAN. ) SOLID_ANGLE_UNIT ( ) );
#5770 = DIRECTION ( 'NONE',  ( 0.0000000000000000000, 2.168404344971013200E-015, -1.000000000000000000 ) ) ;
#5771 = DIRECTION ( 'NONE',  ( 0.0000000000000000000, 0.0000000000000000000, -1.000000000000000000 ) ) ;
#5772 = MECHANICAL_DESIGN_GEOMETRIC_PRESENTATION_REPRESENTATION (  '', ( #4448 ), #6223 ) ;
#5773 = FACE_OUTER_BOUND ( 'NONE', #5843, .T. ) ;
#5774 = DIRECTION ( 'NONE',  ( -1.000000000000000000, 0.0000000000000000000, -0.0000000000000000000 ) ) ;
#5775 = ORIENTED_EDGE ( 'NONE', *, *, #5998, .F. ) ;
#5776 = SURFACE_SIDE_STYLE ('',( #1540 ) ) ;
#5777 = PRESENTATION_STYLE_ASSIGNMENT (( #8243 ) ) ;
#5778 = LINE ( 'NONE', #5445, #2962 ) ;
#5779 = FACE_OUTER_BOUND ( 'NONE', #552, .T. ) ;
#5780 = ADVANCED_FACE ( 'NONE', ( #7597 ), #4076, .T. ) ;
#5781 = EDGE_CURVE ( 'NONE', #4670, #4719, #603, .T. ) ;
#5782 = ORIENTED_EDGE ( 'NONE', *, *, #3926, .T. ) ;
#5783 = ORIENTED_EDGE ( 'NONE', *, *, #4488, .F. ) ;
#5784 = PRESENTATION_LAYER_ASSIGNMENT (  '', '', ( #5339 ) ) ;
#5785 = LINE ( 'NONE', #5133, #2251 ) ;
#5786 = ORIENTED_EDGE ( 'NONE', *, *, #6098, .T. ) ;
#5787 = CARTESIAN_POINT ( 'NONE',  ( 0.5750000000000001800, 2.000000000000000000, 2.439454888092385000E-016 ) ) ;
#5788 = LINE ( 'NONE', #7096, #2048 ) ;
#5789 = CARTESIAN_POINT ( 'NONE',  ( 1.575000000000000200, 2.000000000000000000, 0.1270000000000002500 ) ) ;
#5790 = EDGE_LOOP ( 'NONE', ( #6475, #417, #7785, #4734 ) ) ;
#5791 = SURFACE_STYLE_FILL_AREA ( #5280 ) ;
#5792 = SURFACE_STYLE_FILL_AREA ( #337 ) ;
#5793 = ORIENTED_EDGE ( 'NONE', *, *, #1837, .T. ) ;
#5794 = CARTESIAN_POINT ( 'NONE',  ( -0.1249999999999998900, -1.676313579610975200, 0.4496863416405709200 ) ) ;
#5795 = FACE_OUTER_BOUND ( 'NONE', #2178, .T. ) ;
#5796 = CARTESIAN_POINT ( 'NONE',  ( -0.9249999999999998200, 1.550000000000000300, 0.4365000000000001100 ) ) ;
#5797 = CARTESIAN_POINT ( 'NONE',  ( 0.07500000000000019200, -1.550000000000000300, 0.4365000000000001100 ) ) ;
#5798 = VECTOR ( 'NONE', #5032, 1000.000000000000000 ) ;
#5799 = CARTESIAN_POINT ( 'NONE',  ( 0.07500000000000019200, -1.710000000000000200, 0.1270000000000002500 ) ) ;
#5800 = VERTEX_POINT ( 'NONE', #5830 ) ;
#5801 = DIRECTION ( 'NONE',  ( 0.0000000000000000000, 0.0000000000000000000, 1.000000000000000000 ) ) ;
#5802 = FILL_AREA_STYLE ('',( #6996 ) ) ;
#5803 = VECTOR ( 'NONE', #54, 1000.000000000000000 ) ;
#5804 = ORIENTED_EDGE ( 'NONE', *, *, #984, .T. ) ;
#5805 = VERTEX_POINT ( 'NONE', #6477 ) ;
#5806 =( NAMED_UNIT ( * ) PLANE_ANGLE_UNIT ( ) SI_UNIT ( $, .RADIAN. ) );
#5807 = MECHANICAL_DESIGN_GEOMETRIC_PRESENTATION_REPRESENTATION (  '', ( #4921 ), #6257 ) ;
#5808 = VECTOR ( 'NONE', #6762, 1000.000000000000000 ) ;
#5809 = FILL_AREA_STYLE ('',( #2736 ) ) ;
#5810 = FILL_AREA_STYLE_COLOUR ( '', #80 ) ;
#5811 = EDGE_LOOP ( 'NONE', ( #3153, #5449, #1396, #8423, #6845, #5597, #2430, #6226, #5620, #1050 ) ) ;
#5812 = AXIS2_PLACEMENT_3D ( 'NONE', #5107, #1169, #5771 ) ;
#5813 = COLOUR_RGB ( '',1.000000000000000000, 1.000000000000000000, 1.000000000000000000 ) ;
#5814 = COLOUR_RGB ( '',1.000000000000000000, 1.000000000000000000, 1.000000000000000000 ) ;
#5815 = CARTESIAN_POINT ( 'NONE',  ( 0.8750000000000001100, -1.676313579610975200, 0.4496863416405709200 ) ) ;
#5816 = EDGE_CURVE ( 'NONE', #6881, #4619, #5631, .T. ) ;
#5817 = CARTESIAN_POINT ( 'NONE',  ( 1.575000000000000200, -1.500000000000000400, 0.4365000000000020500 ) ) ;
#5818 = MANIFOLD_SOLID_BREP ( 'Lead12', #1170 ) ;
#5819 = ORIENTED_EDGE ( 'NONE', *, *, #6249, .T. ) ;
#5820 = DIRECTION ( 'NONE',  ( 1.000000000000000000, -0.0000000000000000000, 0.0000000000000000000 ) ) ;
#5821 = DIRECTION ( 'NONE',  ( -1.000000000000000000, 0.0000000000000000000, -0.0000000000000000000 ) ) ;
#5822 = STYLED_ITEM ( 'NONE', ( #1565 ), #7548 ) ;
#5823 = VECTOR ( 'NONE', #2307, 1000.000000000000000 ) ;
#5824 = DIRECTION ( 'NONE',  ( -0.0000000000000000000, -0.0000000000000000000, 1.000000000000000000 ) ) ;
#5825 = ORIENTED_EDGE ( 'NONE', *, *, #2157, .T. ) ;
#5826 = AXIS2_PLACEMENT_3D ( 'NONE', #3158, #3012, #270 ) ;
#5827 = CARTESIAN_POINT ( 'NONE',  ( -0.9249999999999998200, -1.550000000000000300, 0.4365000000000001100 ) ) ;
#5828 = ADVANCED_FACE ( 'NONE', ( #391 ), #4522, .F. ) ;
#5829 = VECTOR ( 'NONE', #385, 1000.000000000000100 ) ;
#5830 = CARTESIAN_POINT ( 'NONE',  ( -1.125000000000000000, -1.500000000000000000, 0.5635000000000020000 ) ) ;
#5831 = EDGE_CURVE ( 'NONE', #957, #2828, #8313, .T. ) ;
#5832 = CARTESIAN_POINT ( 'NONE',  ( -0.9249999999999998200, -1.550000000000000300, 0.4365000000000002200 ) ) ;
#5833 = DIRECTION ( 'NONE',  ( 0.0000000000000000000, 0.0000000000000000000, 1.000000000000000000 ) ) ;
#5834 = ORIENTED_EDGE ( 'NONE', *, *, #4410, .F. ) ;
#5835 = VECTOR ( 'NONE', #2713, 1000.000000000000100 ) ;
#5836 = EDGE_CURVE ( 'NONE', #905, #1424, #3853, .T. ) ;
#5837 = LINE ( 'NONE', #3532, #3844 ) ;
#5838 = AXIS2_PLACEMENT_3D ( 'NONE', #5003, #8286, #2203 ) ;
#5839 = PRESENTATION_LAYER_ASSIGNMENT (  '', '', ( #5395 ) ) ;
#5840 =( NAMED_UNIT ( * ) SI_UNIT ( $, .STERADIAN. ) SOLID_ANGLE_UNIT ( ) );
#5841 = VERTEX_POINT ( 'NONE', #629 ) ;
#5842 = SURFACE_STYLE_USAGE ( .BOTH. , #1236 ) ;
#5843 = EDGE_LOOP ( 'NONE', ( #5687, #7232, #8283, #4794 ) ) ;
#5844 = VECTOR ( 'NONE', #3806, 1000.000000000000000 ) ;
#5845 = ORIENTED_EDGE ( 'NONE', *, *, #6884, .F. ) ;
#5846 = CARTESIAN_POINT ( 'NONE',  ( -0.4249999999999998200, -2.000000000000000000, 0.1270000000000002500 ) ) ;
#5847 = SURFACE_STYLE_USAGE ( .BOTH. , #5870 ) ;
#5848 = DIRECTION ( 'NONE',  ( 0.0000000000000000000, 0.0000000000000000000, -1.000000000000000000 ) ) ;
#5849 = AXIS2_PLACEMENT_3D ( 'NONE', #4406, #476, #5065 ) ;
#5850 = LINE ( 'NONE', #2367, #7394 ) ;
#5851 = UNCERTAINTY_MEASURE_WITH_UNIT (LENGTH_MEASURE( 1.000000000000000100E-005 ), #5863, 'distance_accuracy_value', 'NONE');
#5852 = ORIENTED_EDGE ( 'NONE', *, *, #5836, .F. ) ;
#5853 = CARTESIAN_POINT ( 'NONE',  ( 0.5750000000000001800, -2.000000000000000000, 0.1270000000000002500 ) ) ;
#5854 = CARTESIAN_POINT ( 'NONE',  ( 0.5750000000000001800, 1.710000000000000200, 0.1270000000000002200 ) ) ;
#5855 = SURFACE_STYLE_FILL_AREA ( #6777 ) ;
#5856 =( LENGTH_UNIT ( ) NAMED_UNIT ( * ) SI_UNIT ( .MILLI., .METRE. ) );
#5857 = FILL_AREA_STYLE ('',( #7812 ) ) ;
#5858 = MECHANICAL_DESIGN_GEOMETRIC_PRESENTATION_REPRESENTATION (  '', ( #4527 ), #6302 ) ;
#5859 = FACE_OUTER_BOUND ( 'NONE', #8027, .T. ) ;
#5860 = CARTESIAN_POINT ( 'NONE',  ( -0.9249999999999998200, 1.500000000000000000, 0.5635000000000020000 ) ) ;
#5861 =( NAMED_UNIT ( * ) SI_UNIT ( $, .STERADIAN. ) SOLID_ANGLE_UNIT ( ) );
#5862 = EDGE_CURVE ( 'NONE', #4131, #7260, #6550, .T. ) ;
#5863 =( LENGTH_UNIT ( ) NAMED_UNIT ( * ) SI_UNIT ( .MILLI., .METRE. ) );
#5864 = ORIENTED_EDGE ( 'NONE', *, *, #7385, .F. ) ;
#5865 = CARTESIAN_POINT ( 'NONE',  ( 1.075000000000000200, 2.000000000000000000, 0.1270000000000002500 ) ) ;
#5866 = ADVANCED_FACE ( 'NONE', ( #1303 ), #7189, .F. ) ;
#5867 = CIRCLE ( 'NONE', #886, 0.1269999999999999500 ) ;
#5868 = FACE_OUTER_BOUND ( 'NONE', #3308, .T. ) ;
#5869 =( LENGTH_UNIT ( ) NAMED_UNIT ( * ) SI_UNIT ( .MILLI., .METRE. ) );
#5870 = SURFACE_SIDE_STYLE ('',( #8330 ) ) ;
#5871 =( GEOMETRIC_REPRESENTATION_CONTEXT ( 3 ) GLOBAL_UNCERTAINTY_ASSIGNED_CONTEXT ( ( #1867 ) ) GLOBAL_UNIT_ASSIGNED_CONTEXT ( ( #1978, #6609, #2642 ) ) REPRESENTATION_CONTEXT ( 'NONE', 'WORKASPACE' ) );
#5872 = VECTOR ( 'NONE', #3987, 1000.000000000000000 ) ;
#5873 = STYLED_ITEM ( 'NONE', ( #1561 ), #2436 ) ;
#5874 = LINE ( 'NONE', #369, #5664 ) ;
#5875 = DIRECTION ( 'NONE',  ( 0.0000000000000000000, -3.414809992080329100E-015, 1.000000000000000000 ) ) ;
#5876 = DIRECTION ( 'NONE',  ( -0.0000000000000000000, -0.1038294617367629000, 0.9945951150470496700 ) ) ;
#5877 = VECTOR ( 'NONE', #5324, 1000.000000000000000 ) ;
#5878 = EDGE_CURVE ( 'NONE', #2985, #2265, #7482, .T. ) ;
#5879 =( NAMED_UNIT ( * ) SI_UNIT ( $, .STERADIAN. ) SOLID_ANGLE_UNIT ( ) );
#5880 = CARTESIAN_POINT ( 'NONE',  ( 1.800000000000000000, -1.299999999999999800, 0.8999999999999998000 ) ) ;
#5881 = CARTESIAN_POINT ( 'NONE',  ( -0.4249999999999998200, -1.710000000000000200, 0.1270000000000002500 ) ) ;
#5882 = ORIENTED_EDGE ( 'NONE', *, *, #5694, .T. ) ;
#5883 = ORIENTED_EDGE ( 'NONE', *, *, #4759, .T. ) ;
#5884 = SURFACE_SIDE_STYLE ('',( #2971 ) ) ;
#5885 = FILL_AREA_STYLE_COLOUR ( '', #6628 ) ;
#5886 = LINE ( 'NONE', #3317, #8360 ) ;
#5887 =( GEOMETRIC_REPRESENTATION_CONTEXT ( 3 ) GLOBAL_UNCERTAINTY_ASSIGNED_CONTEXT ( ( #3554 ) ) GLOBAL_UNIT_ASSIGNED_CONTEXT ( ( #7008, #6907, #3985 ) ) REPRESENTATION_CONTEXT ( 'NONE', 'WORKASPACE' ) );
#5888 = STYLED_ITEM ( 'NONE', ( #741 ), #7998 ) ;
#5889 = LINE ( 'NONE', #1956, #4130 ) ;
#5890 = DIRECTION ( 'NONE',  ( -1.000000000000000000, -0.0000000000000000000, 0.0000000000000000000 ) ) ;
#5891 = SURFACE_STYLE_FILL_AREA ( #113 ) ;
#5892 = VECTOR ( 'NONE', #7136, 1000.000000000000000 ) ;
#5893 = LINE ( 'NONE', #7639, #4133 ) ;
#5894 = DIRECTION ( 'NONE',  ( 0.0000000000000000000, 0.0000000000000000000, 1.000000000000000000 ) ) ;
#5895 = COLOUR_RGB ( '',1.000000000000000000, 1.000000000000000000, 1.000000000000000000 ) ;
#5896 = EDGE_CURVE ( 'NONE', #3845, #7527, #4180, .T. ) ;
#5897 = MECHANICAL_DESIGN_GEOMETRIC_PRESENTATION_REPRESENTATION (  '', ( #4125 ), #6339 ) ;
#5898 = DIRECTION ( 'NONE',  ( 1.000000000000000000, 0.0000000000000000000, -0.0000000000000000000 ) ) ;
#5899 = UNCERTAINTY_MEASURE_WITH_UNIT (LENGTH_MEASURE( 1.000000000000000100E-005 ), #4495, 'distance_accuracy_value', 'NONE');
#5900 = CARTESIAN_POINT ( 'NONE',  ( 1.075000000000000200, -1.676313579610975200, 0.4496863416405709200 ) ) ;
#5901 = FILL_AREA_STYLE ('',( #7700 ) ) ;
#5902 = ORIENTED_EDGE ( 'NONE', *, *, #695, .T. ) ;
#5903 = DIRECTION ( 'NONE',  ( 0.0000000000000000000, -1.000000000000000000, 1.168321306557656000E-016 ) ) ;
#5904 = DIRECTION ( 'NONE',  ( 0.0000000000000000000, -0.0000000000000000000, -1.000000000000000000 ) ) ;
#5905 = CARTESIAN_POINT ( 'NONE',  ( 0.07500000000000019200, 1.550000000000000300, 0.4365000000000002200 ) ) ;
#5906 = CARTESIAN_POINT ( 'NONE',  ( -1.625000000000000000, -1.500000000000000000, 0.5635000000000020000 ) ) ;
#5907 = ORIENTED_EDGE ( 'NONE', *, *, #990, .T. ) ;
#5908 = FILL_AREA_STYLE ('',( #2099 ) ) ;
#5909 = CYLINDRICAL_SURFACE ( 'NONE', #5312, 0.2000000000000000900 ) ;
#5910 = SURFACE_STYLE_USAGE ( .BOTH. , #1299 ) ;
#5911 = SURFACE_STYLE_USAGE ( .BOTH. , #711 ) ;
#5912 = AXIS2_PLACEMENT_3D ( 'NONE', #4528, #610, #5189 ) ;
#5913 = ORIENTED_EDGE ( 'NONE', *, *, #425, .T. ) ;
#5914 = ADVANCED_FACE ( 'NONE', ( #2191 ), #1332, .F. ) ;
#5915 =( LENGTH_UNIT ( ) NAMED_UNIT ( * ) SI_UNIT ( .MILLI., .METRE. ) );
#5916 = DIRECTION ( 'NONE',  ( -0.0000000000000000000, -1.000000000000000000, -0.0000000000000000000 ) ) ;
#5917 = STYLED_ITEM ( 'NONE', ( #3769 ), #528 ) ;
#5918 = LINE ( 'NONE', #3178, #4364 ) ;
#5919 = SURFACE_STYLE_USAGE ( .BOTH. , #1307 ) ;
#5920 = ORIENTED_EDGE ( 'NONE', *, *, #7132, .F. ) ;
#5921 = VECTOR ( 'NONE', #4647, 1000.000000000000000 ) ;
#5922 = CARTESIAN_POINT ( 'NONE',  ( -2.000000000000000000, 1.300000000000000300, 0.5635000000000000000 ) ) ;
#5923 = CARTESIAN_POINT ( 'NONE',  ( -0.1249999999999998900, -2.000000000000000000, 0.1270000000000002500 ) ) ;
#5924 = LINE ( 'NONE', #3713, #4160 ) ;
#5925 = CARTESIAN_POINT ( 'NONE',  ( -0.9249999999999998200, -1.500000000000000000, 0.5635000000000020000 ) ) ;
#5926 = AXIS2_PLACEMENT_3D ( 'NONE', #5379, #1437, #6053 ) ;
#5927 = UNCERTAINTY_MEASURE_WITH_UNIT (LENGTH_MEASURE( 1.000000000000000100E-005 ), #5323, 'distance_accuracy_value', 'NONE');
#5928 = VERTEX_POINT ( 'NONE', #6598 ) ;
#5929 = AXIS2_PLACEMENT_3D ( 'NONE', #3403, #8045, #2109 ) ;
#5930 = FACE_OUTER_BOUND ( 'NONE', #7435, .T. ) ;
#5931 = EDGE_CURVE ( 'NONE', #4650, #6938, #3336, .T. ) ;
#5932 = VECTOR ( 'NONE', #2851, 1000.000000000000000 ) ;
#5933 = DIRECTION ( 'NONE',  ( -1.000000000000000000, -0.0000000000000000000, -0.0000000000000000000 ) ) ;
#5934 = SURFACE_SIDE_STYLE ('',( #5403 ) ) ;
#5935 = COLOUR_RGB ( '',1.000000000000000000, 1.000000000000000000, 1.000000000000000000 ) ;
#5936 = EDGE_LOOP ( 'NONE', ( #5427, #2983, #5341, #6446 ) ) ;
#5937 = CARTESIAN_POINT ( 'NONE',  ( -1.424999999999999800, 1.500000000000000400, 0.4365000000000020500 ) ) ;
#5938 = CARTESIAN_POINT ( 'NONE',  ( 0.07500000000000019200, 2.000000000000000000, 2.439454888092385000E-016 ) ) ;
#5939 = PRESENTATION_LAYER_ASSIGNMENT (  '', '', ( #5052 ) ) ;
#5940 = CARTESIAN_POINT ( 'NONE',  ( 0.5750000000000001800, 1.500000000000000400, 0.4365000000000020500 ) ) ;
#5941 = DIRECTION ( 'NONE',  ( 0.0000000000000000000, 0.0000000000000000000, -1.000000000000000000 ) ) ;
#5942 = SURFACE_STYLE_FILL_AREA ( #4711 ) ;
#5943 = FILL_AREA_STYLE_COLOUR ( '', #700 ) ;
#5944 = EDGE_LOOP ( 'NONE', ( #1628, #7792, #1157, #5825 ) ) ;
#5945 = SURFACE_SIDE_STYLE ('',( #5675 ) ) ;
#5946 = CARTESIAN_POINT ( 'NONE',  ( -1.800000000000000000, 1.300000000000000000, 0.3000000000000000400 ) ) ;
#5947 = ORIENTED_EDGE ( 'NONE', *, *, #5224, .F. ) ;
#5948 = PRESENTATION_STYLE_ASSIGNMENT (( #1160 ) ) ;
#5949 =( NAMED_UNIT ( * ) PLANE_ANGLE_UNIT ( ) SI_UNIT ( $, .RADIAN. ) );
#5950 = EDGE_CURVE ( 'NONE', #1506, #1550, #1617, .T. ) ;
#5951 =( NAMED_UNIT ( * ) PLANE_ANGLE_UNIT ( ) SI_UNIT ( $, .RADIAN. ) );
#5952 = UNCERTAINTY_MEASURE_WITH_UNIT (LENGTH_MEASURE( 1.000000000000000100E-005 ), #5106, 'distance_accuracy_value', 'NONE');
#5953 = ORIENTED_EDGE ( 'NONE', *, *, #5285, .T. ) ;
#5954 = SURFACE_STYLE_USAGE ( .BOTH. , #1340 ) ;
#5955 = DIRECTION ( 'NONE',  ( -1.000000000000000000, 0.0000000000000000000, -0.0000000000000000000 ) ) ;
#5956 = ADVANCED_FACE ( 'NONE', ( #4899 ), #7271, .F. ) ;
#5957 = UNCERTAINTY_MEASURE_WITH_UNIT (LENGTH_MEASURE( 1.000000000000000100E-005 ), #6252, 'distance_accuracy_value', 'NONE');
#5958 = VECTOR ( 'NONE', #6074, 1000.000000000000000 ) ;
#5959 = DIRECTION ( 'NONE',  ( 0.0000000000000000000, 1.000000000000000000, -3.686287386450737200E-014 ) ) ;
#5960 = DIRECTION ( 'NONE',  ( -0.0000000000000000000, -0.1038294617367629000, 0.9945951150470496700 ) ) ;
#5961 = STYLED_ITEM ( 'NONE', ( #975 ), #4907 ) ;
#5962 = LINE ( 'NONE', #7281, #4198 ) ;
#5963 = LINE ( 'NONE', #551, #2644 ) ;
#5964 = DIRECTION ( 'NONE',  ( -0.0000000000000000000, 0.9945951150470497800, 0.1038294617367628200 ) ) ;
#5965 = CARTESIAN_POINT ( 'NONE',  ( 1.075000000000000200, 1.550000000000000000, 0.5635000000000010000 ) ) ;
#5966 = CARTESIAN_POINT ( 'NONE',  ( 0.8750000000000001100, 2.000000000000000000, 2.439454888092385000E-016 ) ) ;
#5967 = LINE ( 'NONE', #5375, #2443 ) ;
#5968 = CARTESIAN_POINT ( 'NONE',  ( 0.07500000000000019200, 1.550000000000000000, 0.5635000000000010000 ) ) ;
#5969 = LINE ( 'NONE', #1167, #7 ) ;
#5970 = MECHANICAL_DESIGN_GEOMETRIC_PRESENTATION_REPRESENTATION (  '', ( #5088 ), #6394 ) ;
#5971 = LINE ( 'NONE', #5938, #2450 ) ;
#5972 = SURFACE_SIDE_STYLE ('',( #3457 ) ) ;
#5973 = AXIS2_PLACEMENT_3D ( 'NONE', #307, #4906, #980 ) ;
#5974 = CARTESIAN_POINT ( 'NONE',  ( -2.125000000000000000, -1.500000000000000000, 0.5635000000000000000 ) ) ;
#5975 = FACE_OUTER_BOUND ( 'NONE', #4115, .T. ) ;
#5976 = SURFACE_STYLE_USAGE ( .BOTH. , #4004 ) ;
#5977 = EDGE_CURVE ( 'NONE', #7995, #6153, #2515, .T. ) ;
#5978 = CARTESIAN_POINT ( 'NONE',  ( 0.5750000000000001800, 1.550000000000000300, 0.4365000000000001100 ) ) ;
#5979 = PRESENTATION_STYLE_ASSIGNMENT (( #8367 ) ) ;
#5980 = ORIENTED_EDGE ( 'NONE', *, *, #5105, .T. ) ;
#5981 = AXIS2_PLACEMENT_3D ( 'NONE', #8188, #4239, #303 ) ;
#5982 = STYLED_ITEM ( 'NONE', ( #3999 ), #2554 ) ;
#5983 = CIRCLE ( 'NONE', #8534, 0.1999999999999999800 ) ;
#5984 = DIRECTION ( 'NONE',  ( 0.0000000000000000000, 0.0000000000000000000, -1.000000000000000000 ) ) ;
#5985 = DIRECTION ( 'NONE',  ( 0.0000000000000000000, 0.0000000000000000000, -1.000000000000000000 ) ) ;
#5986 = VERTEX_POINT ( 'NONE', #2047 ) ;
#5987 = ORIENTED_EDGE ( 'NONE', *, *, #6210, .T. ) ;
#5988 = SURFACE_SIDE_STYLE ('',( #5011 ) ) ;
#5989 = EDGE_CURVE ( 'NONE', #4778, #3567, #7587, .T. ) ;
#5990 = ORIENTED_EDGE ( 'NONE', *, *, #7183, .F. ) ;
#5991 = COLOUR_RGB ( '',1.000000000000000000, 1.000000000000000000, 1.000000000000000000 ) ;
#5992 = COLOUR_RGB ( '',1.000000000000000000, 1.000000000000000000, 1.000000000000000000 ) ;
#5993 = VERTEX_POINT ( 'NONE', #4686 ) ;
#5994 = SURFACE_SIDE_STYLE ('',( #269 ) ) ;
#5995 = ADVANCED_FACE ( 'NONE', ( #4286 ), #8016, .F. ) ;
#5996 = SURFACE_SIDE_STYLE ('',( #8422 ) ) ;
#5997 = CARTESIAN_POINT ( 'NONE',  ( -0.9249999999999998200, -2.000000000000000000, 0.1270000000000002500 ) ) ;
#5998 = EDGE_CURVE ( 'NONE', #1562, #5841, #2304, .T. ) ;
#5999 = ORIENTED_EDGE ( 'NONE', *, *, #5381, .F. ) ;
#6000 = CARTESIAN_POINT ( 'NONE',  ( 1.575000000000000200, 1.500000000000000400, 0.4365000000000020500 ) ) ;
#6001 = AXIS2_PLACEMENT_3D ( 'NONE', #4536, #7120, #1348 ) ;
#6002 = PRESENTATION_LAYER_ASSIGNMENT (  '', '', ( #5114 ) ) ;
#6003 = ORIENTED_EDGE ( 'NONE', *, *, #6379, .F. ) ;
#6004 = VECTOR ( 'NONE', #2217, 1000.000000000000000 ) ;
#6005 = DIRECTION ( 'NONE',  ( 0.0000000000000000000, 1.000000000000000000, -1.355252715606880500E-017 ) ) ;
#6006 = UNCERTAINTY_MEASURE_WITH_UNIT (LENGTH_MEASURE( 1.000000000000000100E-005 ), #7282, 'distance_accuracy_value', 'NONE');
#6007 = VECTOR ( 'NONE', #4338, 1000.000000000000000 ) ;
#6008 = CARTESIAN_POINT ( 'NONE',  ( 1.075000000000000200, -1.710000000000000200, 0.1270000000000002500 ) ) ;
#6009 = EDGE_LOOP ( 'NONE', ( #8184, #1051, #1666, #668 ) ) ;
#6010 = EDGE_CURVE ( 'NONE', #3423, #5683, #4068, .T. ) ;
#6011 = AXIS2_PLACEMENT_3D ( 'NONE', #4829, #4857, #7514 ) ;
#6012 = VECTOR ( 'NONE', #8031, 1000.000000000000100 ) ;
#6013 = CIRCLE ( 'NONE', #7409, 0.1999999999999999800 ) ;
#6014 = DIRECTION ( 'NONE',  ( -0.0000000000000000000, -0.0000000000000000000, 1.000000000000000000 ) ) ;
#6015 = VERTEX_POINT ( 'NONE', #2075 ) ;
#6016 = PLANE ( 'NONE',  #5926 ) ;
#6017 = ORIENTED_EDGE ( 'NONE', *, *, #6722, .T. ) ;
#6018 = DIRECTION ( 'NONE',  ( -0.0000000000000000000, -1.000000000000000000, -0.0000000000000000000 ) ) ;
#6019 =( NAMED_UNIT ( * ) PLANE_ANGLE_UNIT ( ) SI_UNIT ( $, .RADIAN. ) );
#6020 = VECTOR ( 'NONE', #4513, 1000.000000000000200 ) ;
#6021 = PLANE ( 'NONE',  #272 ) ;
#6022 = AXIS2_PLACEMENT_3D ( 'NONE', #8306, #4354, #423 ) ;
#6023 = PRESENTATION_STYLE_ASSIGNMENT (( #7852 ) ) ;
#6024 = DIRECTION ( 'NONE',  ( -0.0000000000000000000, -1.000000000000000000, 2.168404344971012800E-015 ) ) ;
#6025 = CARTESIAN_POINT ( 'NONE',  ( 0.07500000000000019200, -1.710000000000000200, 0.1270000000000002200 ) ) ;
#6026 = AXIS2_PLACEMENT_3D ( 'NONE', #6986, #3018, #6332 ) ;
#6027 = SURFACE_SIDE_STYLE ('',( #7125 ) ) ;
#6028 = VECTOR ( 'NONE', #6906, 1000.000000000000000 ) ;
#6029 = EDGE_CURVE ( 'NONE', #2285, #3128, #596, .T. ) ;
#6030 = MANIFOLD_SOLID_BREP ( 'Lead6', #5472 ) ;
#6031 = FILL_AREA_STYLE_COLOUR ( '', #3561 ) ;
#6032 = ORIENTED_EDGE ( 'NONE', *, *, #3770, .F. ) ;
#6033 = LINE ( 'NONE', #4257, #799 ) ;
#6034 = ORIENTED_EDGE ( 'NONE', *, *, #4634, .T. ) ;
#6035 = PLANE ( 'NONE',  #4176 ) ;
#6036 = DIRECTION ( 'NONE',  ( -0.0000000000000000000, 0.0000000000000000000, -1.000000000000000000 ) ) ;
#6037 =( NAMED_UNIT ( * ) SI_UNIT ( $, .STERADIAN. ) SOLID_ANGLE_UNIT ( ) );
#6038 = AXIS2_PLACEMENT_3D ( 'NONE', #2506, #7114, #3161 ) ;
#6039 = VERTEX_POINT ( 'NONE', #7372 ) ;
#6040 = CARTESIAN_POINT ( 'NONE',  ( 1.575000000000000200, -2.000000000000000000, 2.439454888092385000E-016 ) ) ;
#6041 = ADVANCED_FACE ( 'NONE', ( #7791 ), #7402, .F. ) ;
#6042 = PRESENTATION_STYLE_ASSIGNMENT (( #2154 ) ) ;
#6043 = ORIENTED_EDGE ( 'NONE', *, *, #6862, .F. ) ;
#6044 = VECTOR ( 'NONE', #6024, 1000.000000000000000 ) ;
#6045 = ORIENTED_EDGE ( 'NONE', *, *, #5836, .T. ) ;
#6046 = DIRECTION ( 'NONE',  ( 0.0000000000000000000, -0.1038294617367628800, -0.9945951150470496700 ) ) ;
#6047 = DIRECTION ( 'NONE',  ( 0.0000000000000000000, 0.1038294617367629000, 0.9945951150470496700 ) ) ;
#6048 = EDGE_LOOP ( 'NONE', ( #6215, #2380, #197, #5080 ) ) ;
#6049 = EDGE_CURVE ( 'NONE', #4986, #6122, #378, .T. ) ;
#6050 = ORIENTED_EDGE ( 'NONE', *, *, #1400, .F. ) ;
#6051 = VECTOR ( 'NONE', #6473, 1000.000000000000000 ) ;
#6052 = ORIENTED_EDGE ( 'NONE', *, *, #6317, .T. ) ;
#6053 = DIRECTION ( 'NONE',  ( 0.0000000000000000000, 1.000000000000000000, -2.168404344971013200E-015 ) ) ;
#6054 =( NAMED_UNIT ( * ) PLANE_ANGLE_UNIT ( ) SI_UNIT ( $, .RADIAN. ) );
#6055 = VECTOR ( 'NONE', #6445, 1000.000000000000000 ) ;
#6056 = VERTEX_POINT ( 'NONE', #4143 ) ;
#6057 = PRESENTATION_STYLE_ASSIGNMENT (( #2585 ) ) ;
#6058 = ORIENTED_EDGE ( 'NONE', *, *, #3219, .T. ) ;
#6059 =( GEOMETRIC_REPRESENTATION_CONTEXT ( 3 ) GLOBAL_UNCERTAINTY_ASSIGNED_CONTEXT ( ( #1150 ) ) GLOBAL_UNIT_ASSIGNED_CONTEXT ( ( #223, #5701, #8092 ) ) REPRESENTATION_CONTEXT ( 'NONE', 'WORKASPACE' ) );
#6060 = DIRECTION ( 'NONE',  ( 0.0000000000000000000, 0.1038294617367628000, 0.9945951150470496700 ) ) ;
#6061 =( GEOMETRIC_REPRESENTATION_CONTEXT ( 3 ) GLOBAL_UNCERTAINTY_ASSIGNED_CONTEXT ( ( #4023 ) ) GLOBAL_UNIT_ASSIGNED_CONTEXT ( ( #839, #5417, #1482 ) ) REPRESENTATION_CONTEXT ( 'NONE', 'WORKASPACE' ) );
#6062 =( LENGTH_UNIT ( ) NAMED_UNIT ( * ) SI_UNIT ( .MILLI., .METRE. ) );
#6063 = DIRECTION ( 'NONE',  ( -1.000000000000000000, 0.0000000000000000000, -0.0000000000000000000 ) ) ;
#6064 = DIRECTION ( 'NONE',  ( -0.0000000000000000000, -5.421010862427520200E-016, -1.000000000000000000 ) ) ;
#6065 = DIRECTION ( 'NONE',  ( -1.000000000000000000, -0.0000000000000000000, -0.0000000000000000000 ) ) ;
#6066 = ORIENTED_EDGE ( 'NONE', *, *, #7092, .T. ) ;
#6067 = ORIENTED_EDGE ( 'NONE', *, *, #4234, .F. ) ;
#6068 =( NAMED_UNIT ( * ) SI_UNIT ( $, .STERADIAN. ) SOLID_ANGLE_UNIT ( ) );
#6069 = VECTOR ( 'NONE', #168, 1000.000000000000200 ) ;
#6070 = EDGE_CURVE ( 'NONE', #5805, #5271, #906, .T. ) ;
#6071 = DIRECTION ( 'NONE',  ( -1.000000000000000000, 0.0000000000000000000, 0.0000000000000000000 ) ) ;
#6072 = DIRECTION ( 'NONE',  ( 0.0000000000000000000, -0.1038294617367628800, -0.9945951150470496700 ) ) ;
#6073 = AXIS2_PLACEMENT_3D ( 'NONE', #454, #5048, #1106 ) ;
#6074 = DIRECTION ( 'NONE',  ( -1.000000000000000000, 0.0000000000000000000, -0.0000000000000000000 ) ) ;
#6075 = PLANE ( 'NONE',  #6583 ) ;
#6076 = ORIENTED_EDGE ( 'NONE', *, *, #1093, .T. ) ;
#6077 = VECTOR ( 'NONE', #5249, 1000.000000000000000 ) ;
#6078 = ORIENTED_EDGE ( 'NONE', *, *, #2476, .F. ) ;
#6079 =( NAMED_UNIT ( * ) PLANE_ANGLE_UNIT ( ) SI_UNIT ( $, .RADIAN. ) );
#6080 = VERTEX_POINT ( 'NONE', #5444 ) ;
#6081 = DIRECTION ( 'NONE',  ( -0.0000000000000000000, -2.710505431213761100E-016, -1.000000000000000000 ) ) ;
#6082 = LINE ( 'NONE', #1072, #7819 ) ;
#6083 = DIRECTION ( 'NONE',  ( 0.0000000000000000000, 0.0000000000000000000, -1.000000000000000000 ) ) ;
#6084 = AXIS2_PLACEMENT_3D ( 'NONE', #5040, #1100, #4376 ) ;
#6085 =( NAMED_UNIT ( * ) SI_UNIT ( $, .STERADIAN. ) SOLID_ANGLE_UNIT ( ) );
#6086 = MANIFOLD_SOLID_BREP ( 'Lead13', #7868 ) ;
#6087 = VECTOR ( 'NONE', #1032, 1000.000000000000000 ) ;
#6088 = DIRECTION ( 'NONE',  ( -1.000000000000000000, 0.0000000000000000000, 0.0000000000000000000 ) ) ;
#6089 = ADVANCED_FACE ( 'NONE', ( #267 ), #4806, .T. ) ;
#6090 =( NAMED_UNIT ( * ) SI_UNIT ( $, .STERADIAN. ) SOLID_ANGLE_UNIT ( ) );
#6091 = DIRECTION ( 'NONE',  ( 0.0000000000000000000, 0.0000000000000000000, 1.000000000000000000 ) ) ;
#6092 = SURFACE_STYLE_FILL_AREA ( #8209 ) ;
#6093 =( NAMED_UNIT ( * ) SI_UNIT ( $, .STERADIAN. ) SOLID_ANGLE_UNIT ( ) );
#6094 = MECHANICAL_DESIGN_GEOMETRIC_PRESENTATION_REPRESENTATION (  '', ( #4319 ), #6516 ) ;
#6095 = ORIENTED_EDGE ( 'NONE', *, *, #1576, .F. ) ;
#6096 = SURFACE_SIDE_STYLE ('',( #1638 ) ) ;
#6097 = VERTEX_POINT ( 'NONE', #241 ) ;
#6098 = EDGE_CURVE ( 'NONE', #6334, #6097, #8195, .T. ) ;
#6099 = CARTESIAN_POINT ( 'NONE',  ( 1.075000000000000200, -1.500000000000000400, 0.4365000000000020500 ) ) ;
#6100 = SURFACE_SIDE_STYLE ('',( #5512 ) ) ;
#6101 = LINE ( 'NONE', #3921, #4339 ) ;
#6102 = CARTESIAN_POINT ( 'NONE',  ( 1.075000000000000200, 1.500000000000000000, 0.5635000000000020000 ) ) ;
#6103 = AXIS2_PLACEMENT_3D ( 'NONE', #7863, #3902, #8543 ) ;
#6104 = COLOUR_RGB ( '',1.000000000000000000, 1.000000000000000000, 1.000000000000000000 ) ;
#6105 = PLANE ( 'NONE',  #4548 ) ;
#6106 = AXIS2_PLACEMENT_3D ( 'NONE', #853, #5058, #10 ) ;
#6107 = CARTESIAN_POINT ( 'NONE',  ( 1.800000000000000000, 1.500000000000000000, 0.2999999999999999900 ) ) ;
#6108 = EDGE_CURVE ( 'NONE', #3555, #74, #4679, .T. ) ;
#6109 = CARTESIAN_POINT ( 'NONE',  ( -2.000000000000000000, -1.299999999999999800, 0.0000000000000000000 ) ) ;
#6110 = ORIENTED_EDGE ( 'NONE', *, *, #35, .T. ) ;
#6111 = ORIENTED_EDGE ( 'NONE', *, *, #2984, .F. ) ;
#6112 = CARTESIAN_POINT ( 'NONE',  ( -1.125000000000000000, -2.000000000000000000, 0.1270000000000002500 ) ) ;
#6113 = ORIENTED_EDGE ( 'NONE', *, *, #3738, .F. ) ;
#6114 = DIRECTION ( 'NONE',  ( 0.0000000000000000000, 0.0000000000000000000, -1.000000000000000000 ) ) ;
#6115 = EDGE_CURVE ( 'NONE', #6531, #878, #6429, .T. ) ;
#6116 = DIRECTION ( 'NONE',  ( 0.0000000000000000000, 0.0000000000000000000, 1.000000000000000000 ) ) ;
#6117 = PRESENTATION_LAYER_ASSIGNMENT (  '', '', ( #5226 ) ) ;
#6118 = EDGE_LOOP ( 'NONE', ( #3005, #1185, #8102, #6214, #8420, #5987 ) ) ;
#6119 = UNCERTAINTY_MEASURE_WITH_UNIT (LENGTH_MEASURE( 1.000000000000000100E-005 ), #4963, 'distance_accuracy_value', 'NONE');
#6120 = EDGE_LOOP ( 'NONE', ( #3688, #1147, #4534, #6538 ) ) ;
#6121 = VECTOR ( 'NONE', #2204, 1000.000000000000000 ) ;
#6122 = VERTEX_POINT ( 'NONE', #6844 ) ;
#6123 = CARTESIAN_POINT ( 'NONE',  ( -0.4249999999999998200, 1.550000000000000300, 0.4365000000000002200 ) ) ;
#6124 = SURFACE_STYLE_FILL_AREA ( #1982 ) ;
#6125 = LINE ( 'NONE', #7133, #4153 ) ;
#6126 = FILL_AREA_STYLE ('',( #2786 ) ) ;
#6127 = ORIENTED_EDGE ( 'NONE', *, *, #2780, .T. ) ;
#6128 = ORIENTED_EDGE ( 'NONE', *, *, #1868, .F. ) ;
#6129 = PLANE ( 'NONE',  #2422 ) ;
#6130 = ADVANCED_FACE ( 'NONE', ( #4485 ), #2709, .T. ) ;
#6131 = LINE ( 'NONE', #6619, #8083 ) ;
#6132 = STYLED_ITEM ( 'NONE', ( #2132 ), #218 ) ;
#6133 = AXIS2_PLACEMENT_3D ( 'NONE', #1289, #5898, #1926 ) ;
#6134 = CARTESIAN_POINT ( 'NONE',  ( 0.07500000000000019200, -2.000000000000000000, 0.1270000000000002500 ) ) ;
#6135 = CIRCLE ( 'NONE', #5849, 0.1269999999999999500 ) ;
#6136 =( NAMED_UNIT ( * ) SI_UNIT ( $, .STERADIAN. ) SOLID_ANGLE_UNIT ( ) );
#6137 =( NAMED_UNIT ( * ) PLANE_ANGLE_UNIT ( ) SI_UNIT ( $, .RADIAN. ) );
#6138 = VECTOR ( 'NONE', #5700, 1000.000000000000000 ) ;
#6139 = SURFACE_SIDE_STYLE ('',( #2513 ) ) ;
#6140 = CARTESIAN_POINT ( 'NONE',  ( -0.4249999999999998200, -1.500000000000000400, 0.4365000000000020500 ) ) ;
#6141 = LINE ( 'NONE', #238, #2609 ) ;
#6142 =( NAMED_UNIT ( * ) PLANE_ANGLE_UNIT ( ) SI_UNIT ( $, .RADIAN. ) );
#6143 = MECHANICAL_DESIGN_GEOMETRIC_PRESENTATION_REPRESENTATION (  '', ( #5248 ), #6567 ) ;
#6144 = LINE ( 'NONE', #6168, #904 ) ;
#6145 = DIRECTION ( 'NONE',  ( -1.000000000000000000, 0.0000000000000000000, 0.0000000000000000000 ) ) ;
#6146 = ORIENTED_EDGE ( 'NONE', *, *, #4941, .F. ) ;
#6147 = ORIENTED_EDGE ( 'NONE', *, *, #1837, .F. ) ;
#6148 =( NAMED_UNIT ( * ) PLANE_ANGLE_UNIT ( ) SI_UNIT ( $, .RADIAN. ) );
#6149 = PRESENTATION_LAYER_ASSIGNMENT (  '', '', ( #5692 ) ) ;
#6150 = EDGE_CURVE ( 'NONE', #1575, #5415, #1194, .T. ) ;
#6151 = PRESENTATION_STYLE_ASSIGNMENT (( #3956 ) ) ;
#6152 = VERTEX_POINT ( 'NONE', #4887 ) ;
#6153 = VERTEX_POINT ( 'NONE', #1622 ) ;
#6154 = DIRECTION ( 'NONE',  ( 0.0000000000000000000, -1.000000000000000000, 3.686287386450737200E-014 ) ) ;
#6155 = VECTOR ( 'NONE', #1461, 1000.000000000000000 ) ;
#6156 = ORIENTED_EDGE ( 'NONE', *, *, #5831, .F. ) ;
#6157 = CARTESIAN_POINT ( 'NONE',  ( 0.07500000000000019200, 1.550000000000000000, 0.5635000000000010000 ) ) ;
#6158 = STYLED_ITEM ( 'NONE', ( #758 ), #7313 ) ;
#6159 = ORIENTED_EDGE ( 'NONE', *, *, #7296, .F. ) ;
#6160 = CARTESIAN_POINT ( 'NONE',  ( -0.1249999999999998900, 1.500000000000000000, 0.5635000000000020000 ) ) ;
#6161 = EDGE_CURVE ( 'NONE', #1936, #7867, #999, .T. ) ;
#6162 = FACE_OUTER_BOUND ( 'NONE', #5072, .T. ) ;
#6163 = PRESENTATION_STYLE_ASSIGNMENT (( #3105 ) ) ;
#6164 = CARTESIAN_POINT ( 'NONE',  ( 1.375000000000000200, -1.550000000000000300, 0.4365000000000002200 ) ) ;
#6165 = VERTEX_POINT ( 'NONE', #5542 ) ;
#6166 = DIRECTION ( 'NONE',  ( -0.0000000000000000000, -0.0000000000000000000, 1.000000000000000000 ) ) ;
#6167 = VECTOR ( 'NONE', #6825, 1000.000000000000000 ) ;
#6168 = CARTESIAN_POINT ( 'NONE',  ( -0.6249999999999998900, 1.676313579610975200, 0.4496863416405709200 ) ) ;
#6169 = EDGE_CURVE ( 'NONE', #4299, #2049, #6033, .T. ) ;
#6170 = ORIENTED_EDGE ( 'NONE', *, *, #3465, .F. ) ;
#6171 = FACE_OUTER_BOUND ( 'NONE', #4123, .T. ) ;
#6172 = ORIENTED_EDGE ( 'NONE', *, *, #2308, .F. ) ;
#6173 = ADVANCED_FACE ( 'NONE', ( #4272 ), #964, .T. ) ;
#6174 =( LENGTH_UNIT ( ) NAMED_UNIT ( * ) SI_UNIT ( .MILLI., .METRE. ) );
#6175 = CARTESIAN_POINT ( 'NONE',  ( 1.075000000000000200, -1.583686420389025100, 0.1138136583594313900 ) ) ;
#6176 = VECTOR ( 'NONE', #4633, 1000.000000000000000 ) ;
#6177 =( NAMED_UNIT ( * ) PLANE_ANGLE_UNIT ( ) SI_UNIT ( $, .RADIAN. ) );
#6178 = ORIENTED_EDGE ( 'NONE', *, *, #7972, .F. ) ;
#6179 = EDGE_CURVE ( 'NONE', #6775, #1534, #2507, .T. ) ;
#6180 = DIRECTION ( 'NONE',  ( 0.0000000000000000000, -0.1038294617367628000, 0.9945951150470496700 ) ) ;
#6181 = STYLED_ITEM ( 'NONE', ( #6430 ), #4256 ) ;
#6182 = VECTOR ( 'NONE', #6465, 1000.000000000000000 ) ;
#6183 = DIRECTION ( 'NONE',  ( 0.0000000000000000000, 1.000000000000000000, 0.0000000000000000000 ) ) ;
#6184 = PRESENTATION_STYLE_ASSIGNMENT (( #293 ) ) ;
#6185 = DIRECTION ( 'NONE',  ( 0.0000000000000000000, 0.0000000000000000000, -1.000000000000000000 ) ) ;
#6186 = VERTEX_POINT ( 'NONE', #4922 ) ;
#6187 =( NAMED_UNIT ( * ) SI_UNIT ( $, .STERADIAN. ) SOLID_ANGLE_UNIT ( ) );
#6188 = CARTESIAN_POINT ( 'NONE',  ( 0.5750000000000001800, 1.676313579610975200, 0.4496863416405709200 ) ) ;
#6189 = MANIFOLD_SOLID_BREP ( 'Lead3', #3377 ) ;
#6190 =( GEOMETRIC_REPRESENTATION_CONTEXT ( 3 ) GLOBAL_UNCERTAINTY_ASSIGNED_CONTEXT ( ( #7476 ) ) GLOBAL_UNIT_ASSIGNED_CONTEXT ( ( #7306, #3353, #7986 ) ) REPRESENTATION_CONTEXT ( 'NONE', 'WORKASPACE' ) );
#6191 = SURFACE_STYLE_FILL_AREA ( #491 ) ;
#6192 = SURFACE_SIDE_STYLE ('',( #3433 ) ) ;
#6193 = VERTEX_POINT ( 'NONE', #6936 ) ;
#6194 = DIRECTION ( 'NONE',  ( 0.0000000000000000000, -1.000000000000000000, 0.0000000000000000000 ) ) ;
#6195 = PRESENTATION_LAYER_ASSIGNMENT (  '', '', ( #4854 ) ) ;
#6196 = EDGE_CURVE ( 'NONE', #5420, #5630, #3425, .T. ) ;
#6197 =( LENGTH_UNIT ( ) NAMED_UNIT ( * ) SI_UNIT ( .MILLI., .METRE. ) );
#6198 = EDGE_CURVE ( 'NONE', #544, #5511, #2294, .T. ) ;
#6199 = CARTESIAN_POINT ( 'NONE',  ( 0.07500000000000019200, -2.000000000000000000, 2.439454888092385000E-016 ) ) ;
#6200 = ORIENTED_EDGE ( 'NONE', *, *, #8044, .F. ) ;
#6201 = DIRECTION ( 'NONE',  ( 1.000000000000000000, 0.0000000000000000000, 0.0000000000000000000 ) ) ;
#6202 = LINE ( 'NONE', #4126, #7739 ) ;
#6203 = LINE ( 'NONE', #2623, #1149 ) ;
#6204 =( GEOMETRIC_REPRESENTATION_CONTEXT ( 3 ) GLOBAL_UNCERTAINTY_ASSIGNED_CONTEXT ( ( #5957 ) ) GLOBAL_UNIT_ASSIGNED_CONTEXT ( ( #6252, #2270, #6898 ) ) REPRESENTATION_CONTEXT ( 'NONE', 'WORKASPACE' ) );
#6205 = ORIENTED_EDGE ( 'NONE', *, *, #7626, .F. ) ;
#6206 = CARTESIAN_POINT ( 'NONE',  ( 0.07500000000000019200, 2.000000000000000000, 2.439454888092385000E-016 ) ) ;
#6207 = STYLED_ITEM ( 'NONE', ( #3190 ), #2030 ) ;
#6208 = PLANE ( 'NONE',  #7991 ) ;
#6209 = PLANE ( 'NONE',  #3347 ) ;
#6210 = EDGE_CURVE ( 'NONE', #7187, #6963, #4059, .T. ) ;
#6211 = VERTEX_POINT ( 'NONE', #8266 ) ;
#6212 = SURFACE_SIDE_STYLE ('',( #4644 ) ) ;
#6213 = CARTESIAN_POINT ( 'NONE',  ( -0.9249999999999998200, 1.710000000000000200, 0.1270000000000002500 ) ) ;
#6214 = ORIENTED_EDGE ( 'NONE', *, *, #2812, .T. ) ;
#6215 = ORIENTED_EDGE ( 'NONE', *, *, #8270, .F. ) ;
#6216 = ADVANCED_FACE ( 'NONE', ( #4998 ), #1046, .F. ) ;
#6217 = SURFACE_STYLE_FILL_AREA ( #7564 ) ;
#6218 = VECTOR ( 'NONE', #7463, 1000.000000000000000 ) ;
#6219 = DIRECTION ( 'NONE',  ( 0.0000000000000000000, 1.000000000000000000, -3.686287386450737200E-014 ) ) ;
#6220 = UNCERTAINTY_MEASURE_WITH_UNIT (LENGTH_MEASURE( 1.000000000000000100E-005 ), #2185, 'distance_accuracy_value', 'NONE');
#6221 = VERTEX_POINT ( 'NONE', #1578 ) ;
#6222 = ORIENTED_EDGE ( 'NONE', *, *, #8085, .T. ) ;
#6223 =( GEOMETRIC_REPRESENTATION_CONTEXT ( 3 ) GLOBAL_UNCERTAINTY_ASSIGNED_CONTEXT ( ( #7254 ) ) GLOBAL_UNIT_ASSIGNED_CONTEXT ( ( #434, #7608, #7633 ) ) REPRESENTATION_CONTEXT ( 'NONE', 'WORKASPACE' ) );
#6224 = LINE ( 'NONE', #3624, #4461 ) ;
#6225 = DIRECTION ( 'NONE',  ( 0.0000000000000000000, -1.000000000000000000, 1.168321306557656000E-016 ) ) ;
#6226 = ORIENTED_EDGE ( 'NONE', *, *, #990, .F. ) ;
#6227 = CARTESIAN_POINT ( 'NONE',  ( 1.075000000000000200, -1.550000000000000300, 0.4365000000000001100 ) ) ;
#6228 = LINE ( 'NONE', #1434, #7970 ) ;
#6229 = DIRECTION ( 'NONE',  ( 0.0000000000000000000, 0.0000000000000000000, -1.000000000000000000 ) ) ;
#6230 = UNCERTAINTY_MEASURE_WITH_UNIT (LENGTH_MEASURE( 1.000000000000000100E-005 ), #4002, 'distance_accuracy_value', 'NONE');
#6231 = EDGE_LOOP ( 'NONE', ( #2481, #6330, #7996, #5793 ) ) ;
#6232 = CARTESIAN_POINT ( 'NONE',  ( 1.375000000000000200, 1.710000000000000200, 2.710505431213761100E-016 ) ) ;
#6233 = ORIENTED_EDGE ( 'NONE', *, *, #4488, .T. ) ;
#6234 = EDGE_CURVE ( 'NONE', #3395, #869, #4377, .T. ) ;
#6235 = PLANE ( 'NONE',  #3081 ) ;
#6236 = MECHANICAL_DESIGN_GEOMETRIC_PRESENTATION_REPRESENTATION (  '', ( #5339 ), #6669 ) ;
#6237 = FACE_OUTER_BOUND ( 'NONE', #7459, .T. ) ;
#6238 = ORIENTED_EDGE ( 'NONE', *, *, #4103, .F. ) ;
#6239 = SURFACE_SIDE_STYLE ('',( #4425 ) ) ;
#6240 = CIRCLE ( 'NONE', #3404, 0.2000000000000000100 ) ;
#6241 = SURFACE_STYLE_USAGE ( .BOTH. , #1630 ) ;
#6242 = DIRECTION ( 'NONE',  ( 0.0000000000000000000, 0.0000000000000000000, 1.000000000000000000 ) ) ;
#6243 = CARTESIAN_POINT ( 'NONE',  ( 1.375000000000000200, -2.000000000000000000, 0.1270000000000002500 ) ) ;
#6244 = CARTESIAN_POINT ( 'NONE',  ( 1.800000000000000000, 1.500000000000000200, 0.9000000000000001300 ) ) ;
#6245 = PRESENTATION_LAYER_ASSIGNMENT (  '', '', ( #7101 ) ) ;
#6246 = ORIENTED_EDGE ( 'NONE', *, *, #2376, .F. ) ;
#6247 = VECTOR ( 'NONE', #4862, 1000.000000000000000 ) ;
#6248 =( LENGTH_UNIT ( ) NAMED_UNIT ( * ) SI_UNIT ( .MILLI., .METRE. ) );
#6249 = EDGE_CURVE ( 'NONE', #7941, #5729, #2603, .T. ) ;
#6250 = COLOUR_RGB ( '',1.000000000000000000, 1.000000000000000000, 1.000000000000000000 ) ;
#6251 = ORIENTED_EDGE ( 'NONE', *, *, #1412, .F. ) ;
#6252 =( LENGTH_UNIT ( ) NAMED_UNIT ( * ) SI_UNIT ( .MILLI., .METRE. ) );
#6253 = EDGE_LOOP ( 'NONE', ( #2252, #7130, #1092, #7006, #3360, #3640, #6437, #7340, #993, #6713 ) ) ;
#6254 = ORIENTED_EDGE ( 'NONE', *, *, #1698, .F. ) ;
#6255 =( NAMED_UNIT ( * ) PLANE_ANGLE_UNIT ( ) SI_UNIT ( $, .RADIAN. ) );
#6256 = ORIENTED_EDGE ( 'NONE', *, *, #5170, .F. ) ;
#6257 =( GEOMETRIC_REPRESENTATION_CONTEXT ( 3 ) GLOBAL_UNCERTAINTY_ASSIGNED_CONTEXT ( ( #7747 ) ) GLOBAL_UNIT_ASSIGNED_CONTEXT ( ( #3026, #7660, #3690 ) ) REPRESENTATION_CONTEXT ( 'NONE', 'WORKASPACE' ) );
#6258 = ADVANCED_FACE ( 'NONE', ( #5930 ), #686, .T. ) ;
#6259 = DIRECTION ( 'NONE',  ( 1.000000000000000000, 0.0000000000000000000, 0.0000000000000000000 ) ) ;
#6260 = CARTESIAN_POINT ( 'NONE',  ( -0.4249999999999998200, -1.583686420389025100, 0.1138136583594313900 ) ) ;
#6261 = ORIENTED_EDGE ( 'NONE', *, *, #4051, .F. ) ;
#6262 = AXIS2_PLACEMENT_3D ( 'NONE', #3726, #4388, #8368 ) ;
#6263 = VECTOR ( 'NONE', #3741, 1000.000000000000000 ) ;
#6264 = ORIENTED_EDGE ( 'NONE', *, *, #3439, .T. ) ;
#6265 = DIRECTION ( 'NONE',  ( -1.000000000000000000, -0.0000000000000000000, -0.0000000000000000000 ) ) ;
#6266 = COLOUR_RGB ( '',1.000000000000000000, 1.000000000000000000, 1.000000000000000000 ) ;
#6267 = DIRECTION ( 'NONE',  ( 0.0000000000000000000, 1.000000000000000000, 0.0000000000000000000 ) ) ;
#6268 = EDGE_CURVE ( 'NONE', #8278, #5603, #4164, .T. ) ;
#6269 = ORIENTED_EDGE ( 'NONE', *, *, #5665, .F. ) ;
#6270 = DIRECTION ( 'NONE',  ( 0.0000000000000000000, -1.000000000000000000, -3.686287386450737200E-014 ) ) ;
#6271 =( NAMED_UNIT ( * ) SI_UNIT ( $, .STERADIAN. ) SOLID_ANGLE_UNIT ( ) );
#6272 = AXIS2_PLACEMENT_3D ( 'NONE', #3723, #426, #8366 ) ;
#6273 = VECTOR ( 'NONE', #7381, 1000.000000000000000 ) ;
#6274 = ORIENTED_EDGE ( 'NONE', *, *, #5263, .T. ) ;
#6275 = AXIS2_PLACEMENT_3D ( 'NONE', #5506, #5662, #2869 ) ;
#6276 = DIRECTION ( 'NONE',  ( -1.000000000000000000, 0.0000000000000000000, 0.0000000000000000000 ) ) ;
#6277 = EDGE_CURVE ( 'NONE', #4048, #3631, #7877, .T. ) ;
#6278 = PRESENTATION_STYLE_ASSIGNMENT (( #4979 ) ) ;
#6279 = EDGE_LOOP ( 'NONE', ( #1446, #642, #422, #4067 ) ) ;
#6280 = SURFACE_STYLE_USAGE ( .BOTH. , #1672 ) ;
#6281 = APPLICATION_PROTOCOL_DEFINITION ( 'draft international standard', 'automotive_design', 1998, #1673 ) ;
#6282 = FACE_OUTER_BOUND ( 'NONE', #7162, .T. ) ;
#6283 = EDGE_CURVE ( 'NONE', #4696, #8432, #2399, .T. ) ;
#6284 = AXIS2_PLACEMENT_3D ( 'NONE', #3829, #352, #2495 ) ;
#6285 = MECHANICAL_DESIGN_GEOMETRIC_PRESENTATION_REPRESENTATION (  '', ( #5395 ), #6726 ) ;
#6286 = CARTESIAN_POINT ( 'NONE',  ( -1.800000000000000000, 1.300000000000000300, 0.7000000000000000700 ) ) ;
#6287 = PRESENTATION_STYLE_ASSIGNMENT (( #418 ) ) ;
#6288 = FILL_AREA_STYLE_COLOUR ( '', #7511 ) ;
#6289 = VERTEX_POINT ( 'NONE', #5069 ) ;
#6290 =( LENGTH_UNIT ( ) NAMED_UNIT ( * ) SI_UNIT ( .MILLI., .METRE. ) );
#6291 = FILL_AREA_STYLE ('',( #360 ) ) ;
#6292 = FILL_AREA_STYLE ('',( #5613 ) ) ;
#6293 = LINE ( 'NONE', #1048, #1238 ) ;
#6294 = AXIS2_PLACEMENT_3D ( 'NONE', #7726, #3094, #7054 ) ;
#6295 = FILL_AREA_STYLE_COLOUR ( '', #6451 ) ;
#6296 = AXIS2_PLACEMENT_3D ( 'NONE', #1755, #6358, #2395 ) ;
#6297 = DIRECTION ( 'NONE',  ( 0.0000000000000000000, 0.0000000000000000000, 1.000000000000000000 ) ) ;
#6298 = CARTESIAN_POINT ( 'NONE',  ( 1.800000000000000000, -1.499999999999999800, 0.4365000000000000000 ) ) ;
#6299 = UNCERTAINTY_MEASURE_WITH_UNIT (LENGTH_MEASURE( 1.000000000000000100E-005 ), #1869, 'distance_accuracy_value', 'NONE');
#6300 = VERTEX_POINT ( 'NONE', #3743 ) ;
#6301 =( NAMED_UNIT ( * ) SI_UNIT ( $, .STERADIAN. ) SOLID_ANGLE_UNIT ( ) );
#6302 =( GEOMETRIC_REPRESENTATION_CONTEXT ( 3 ) GLOBAL_UNCERTAINTY_ASSIGNED_CONTEXT ( ( #4571 ) ) GLOBAL_UNIT_ASSIGNED_CONTEXT ( ( #5856, #1881, #6501 ) ) REPRESENTATION_CONTEXT ( 'NONE', 'WORKASPACE' ) );
#6303 = LINE ( 'NONE', #6588, #2972 ) ;
#6304 = DIRECTION ( 'NONE',  ( 0.0000000000000000000, 0.0000000000000000000, 1.000000000000000000 ) ) ;
#6305 = AXIS2_PLACEMENT_3D ( 'NONE', #5228, #1287, #5894 ) ;
#6306 =( NAMED_UNIT ( * ) PLANE_ANGLE_UNIT ( ) SI_UNIT ( $, .RADIAN. ) );
#6307 = EDGE_CURVE ( 'NONE', #8436, #5986, #7243, .T. ) ;
#6308 = ORIENTED_EDGE ( 'NONE', *, *, #6414, .F. ) ;
#6309 = CARTESIAN_POINT ( 'NONE',  ( 1.800000000000000000, -1.299999999999999800, 0.5635000000000000000 ) ) ;
#6310 = CARTESIAN_POINT ( 'NONE',  ( -0.6249999999999998900, -1.583686420389025100, 0.1138136583594313900 ) ) ;
#6311 = DIRECTION ( 'NONE',  ( -1.000000000000000000, 0.0000000000000000000, -0.0000000000000000000 ) ) ;
#6312 = COLOUR_RGB ( '',1.000000000000000000, 1.000000000000000000, 1.000000000000000000 ) ;
#6313 = AXIS2_PLACEMENT_3D ( 'NONE', #7516, #3572, #8539 ) ;
#6314 = CARTESIAN_POINT ( 'NONE',  ( -0.9249999999999998200, 1.500000000000000000, 0.5635000000000020000 ) ) ;
#6315 = VECTOR ( 'NONE', #2847, 1000.000000000000000 ) ;
#6316 = PRESENTATION_STYLE_ASSIGNMENT (( #4749 ) ) ;
#6317 = EDGE_CURVE ( 'NONE', #2767, #8201, #5714, .T. ) ;
#6318 = UNCERTAINTY_MEASURE_WITH_UNIT (LENGTH_MEASURE( 1.000000000000000100E-005 ), #4431, 'distance_accuracy_value', 'NONE');
#6319 = CARTESIAN_POINT ( 'NONE',  ( -0.9249999999999998200, -1.500000000000000400, 0.4365000000000020500 ) ) ;
#6320 = EDGE_LOOP ( 'NONE', ( #7896, #3097, #7145, #4661 ) ) ;
#6321 = PLANE ( 'NONE',  #3577 ) ;
#6322 = FACE_OUTER_BOUND ( 'NONE', #7803, .T. ) ;
#6323 = ORIENTED_EDGE ( 'NONE', *, *, #5989, .T. ) ;
#6324 = ORIENTED_EDGE ( 'NONE', *, *, #7940, .T. ) ;
#6325 = SURFACE_SIDE_STYLE ('',( #5581 ) ) ;
#6326 = FILL_AREA_STYLE ('',( #1598 ) ) ;
#6327 = ORIENTED_EDGE ( 'NONE', *, *, #5170, .T. ) ;
#6328 = AXIS2_PLACEMENT_3D ( 'NONE', #294, #4889, #965 ) ;
#6329 = CARTESIAN_POINT ( 'NONE',  ( 1.575000000000000200, 1.583686420389025100, 0.1138136583594313900 ) ) ;
#6330 = ORIENTED_EDGE ( 'NONE', *, *, #1632, .F. ) ;
#6331 = VECTOR ( 'NONE', #5960, 1000.000000000000200 ) ;
#6332 = DIRECTION ( 'NONE',  ( 0.0000000000000000000, 3.414809992080329100E-015, 1.000000000000000000 ) ) ;
#6333 = DIRECTION ( 'NONE',  ( 0.0000000000000000000, 0.0000000000000000000, 1.000000000000000000 ) ) ;
#6334 = VERTEX_POINT ( 'NONE', #510 ) ;
#6335 = DIRECTION ( 'NONE',  ( -0.0000000000000000000, 1.000000000000000000, 1.168321306557656000E-016 ) ) ;
#6336 = EDGE_CURVE ( 'NONE', #4503, #8395, #1980, .T. ) ;
#6337 = CARTESIAN_POINT ( 'NONE',  ( 2.000000000000000000, 1.500000000000000000, 0.1000000000000000100 ) ) ;
#6338 = FILL_AREA_STYLE ('',( #5640 ) ) ;
#6339 =( GEOMETRIC_REPRESENTATION_CONTEXT ( 3 ) GLOBAL_UNCERTAINTY_ASSIGNED_CONTEXT ( ( #419 ) ) GLOBAL_UNIT_ASSIGNED_CONTEXT ( ( #3868, #8509, #4544 ) ) REPRESENTATION_CONTEXT ( 'NONE', 'WORKASPACE' ) );
#6340 =( LENGTH_UNIT ( ) NAMED_UNIT ( * ) SI_UNIT ( .MILLI., .METRE. ) );
#6341 = VERTEX_POINT ( 'NONE', #7745 ) ;
#6342 = CARTESIAN_POINT ( 'NONE',  ( 1.575000000000000200, -1.550000000000000300, 0.4365000000000002200 ) ) ;
#6343 =( NAMED_UNIT ( * ) PLANE_ANGLE_UNIT ( ) SI_UNIT ( $, .RADIAN. ) );
#6344 = ORIENTED_EDGE ( 'NONE', *, *, #3692, .T. ) ;
#6345 = LINE ( 'NONE', #2260, #1294 ) ;
#6346 = FILL_AREA_STYLE_COLOUR ( '', #3912 ) ;
#6347 = DIRECTION ( 'NONE',  ( 0.0000000000000000000, 1.000000000000000000, 3.686287386450737200E-014 ) ) ;
#6348 = VERTEX_POINT ( 'NONE', #1155 ) ;
#6349 = STYLED_ITEM ( 'NONE', ( #4928 ), #5344 ) ;
#6350 = PLANE ( 'NONE',  #7397 ) ;
#6351 = AXIS2_PLACEMENT_3D ( 'NONE', #1440, #67, #5382 ) ;
#6352 = LINE ( 'NONE', #4028, #3029 ) ;
#6353 = CARTESIAN_POINT ( 'NONE',  ( 0.8750000000000001100, 2.000000000000000000, 2.439454888092385000E-016 ) ) ;
#6354 = DIRECTION ( 'NONE',  ( 0.0000000000000000000, -2.710505431213761100E-016, -1.000000000000000000 ) ) ;
#6355 = DIRECTION ( 'NONE',  ( -1.000000000000000000, 0.0000000000000000000, 0.0000000000000000000 ) ) ;
#6356 = CYLINDRICAL_SURFACE ( 'NONE', #6899, 0.1270000000000008600 ) ;
#6357 = VECTOR ( 'NONE', #7091, 1000.000000000000000 ) ;
#6358 = DIRECTION ( 'NONE',  ( 0.0000000000000000000, -2.168404344971013200E-015, -1.000000000000000000 ) ) ;
#6359 = PRESENTATION_LAYER_ASSIGNMENT (  '', '', ( #5471 ) ) ;
#6360 =( NAMED_UNIT ( * ) SI_UNIT ( $, .STERADIAN. ) SOLID_ANGLE_UNIT ( ) );
#6361 = PRESENTATION_LAYER_ASSIGNMENT (  '', '', ( #6799 ) ) ;
#6362 = LINE ( 'NONE', #2190, #1317 ) ;
#6363 = DIRECTION ( 'NONE',  ( 0.0000000000000000000, 0.0000000000000000000, 1.000000000000000000 ) ) ;
#6364 = DIRECTION ( 'NONE',  ( -1.000000000000000000, 0.0000000000000000000, -0.0000000000000000000 ) ) ;
#6365 = EDGE_CURVE ( 'NONE', #1179, #2343, #481, .T. ) ;
#6366 = PRESENTATION_STYLE_ASSIGNMENT (( #4218 ) ) ;
#6367 = CARTESIAN_POINT ( 'NONE',  ( -1.424999999999999800, -1.676313579610975200, 0.4496863416405709200 ) ) ;
#6368 = VECTOR ( 'NONE', #7935, 1000.000000000000000 ) ;
#6369 = DIRECTION ( 'NONE',  ( -1.000000000000000000, -0.0000000000000000000, -0.0000000000000000000 ) ) ;
#6370 = SURFACE_STYLE_USAGE ( .BOTH. , #1766 ) ;
#6371 = DIRECTION ( 'NONE',  ( 0.0000000000000000000, 2.168404344971013200E-015, -1.000000000000000000 ) ) ;
#6372 = SURFACE_STYLE_USAGE ( .BOTH. , #1770 ) ;
#6373 = MECHANICAL_DESIGN_GEOMETRIC_PRESENTATION_REPRESENTATION (  '', ( #5052 ), #6811 ) ;
#6374 = COLOUR_RGB ( '',1.000000000000000000, 1.000000000000000000, 1.000000000000000000 ) ;
#6375 = EDGE_LOOP ( 'NONE', ( #4505, #6395, #1894, #498 ) ) ;
#6376 = CARTESIAN_POINT ( 'NONE',  ( -1.800000000000000000, -1.299999999999999800, 0.6999999999999997300 ) ) ;
#6377 = CARTESIAN_POINT ( 'NONE',  ( -0.6249999999999998900, 1.710000000000000200, 0.1270000000000002200 ) ) ;
#6378 = ADVANCED_FACE ( 'NONE', ( #3729 ), #5126, .F. ) ;
#6379 = EDGE_CURVE ( 'NONE', #3193, #3925, #4672, .T. ) ;
#6380 = STYLED_ITEM ( 'NONE', ( #4091 ), #3850 ) ;
#6381 = VECTOR ( 'NONE', #3374, 1000.000000000000000 ) ;
#6382 = PLANE ( 'NONE',  #6084 ) ;
#6383 = CARTESIAN_POINT ( 'NONE',  ( 0.8750000000000001100, -1.550000000000000300, 0.4365000000000001100 ) ) ;
#6384 = PRESENTATION_STYLE_ASSIGNMENT (( #102 ) ) ;
#6385 = CARTESIAN_POINT ( 'NONE',  ( 0.5750000000000001800, -1.710000000000000200, 2.710505431213761100E-016 ) ) ;
#6386 = FILL_AREA_STYLE_COLOUR ( '', #8320 ) ;
#6387 = AXIS2_PLACEMENT_3D ( 'NONE', #119, #4705, #795 ) ;
#6388 = CARTESIAN_POINT ( 'NONE',  ( 2.000000000000000000, 1.500000000000000000, 0.4365000000000000000 ) ) ;
#6389 = CARTESIAN_POINT ( 'NONE',  ( 1.575000000000000200, 1.550000000000000300, 0.4365000000000002200 ) ) ;
#6390 = DIRECTION ( 'NONE',  ( -0.0000000000000000000, 2.710505431213761100E-016, 1.000000000000000000 ) ) ;
#6391 = SURFACE_STYLE_FILL_AREA ( #7875 ) ;
#6392 = CARTESIAN_POINT ( 'NONE',  ( 0.5750000000000001800, 1.583686420389025100, 0.1138136583594313900 ) ) ;
#6393 = VECTOR ( 'NONE', #5476, 1000.000000000000000 ) ;
#6394 =( GEOMETRIC_REPRESENTATION_CONTEXT ( 3 ) GLOBAL_UNCERTAINTY_ASSIGNED_CONTEXT ( ( #6749 ) ) GLOBAL_UNIT_ASSIGNED_CONTEXT ( ( #7461, #3486, #8124 ) ) REPRESENTATION_CONTEXT ( 'NONE', 'WORKASPACE' ) );
#6395 = ORIENTED_EDGE ( 'NONE', *, *, #5045, .F. ) ;
#6396 = DIRECTION ( 'NONE',  ( -1.000000000000000000, 0.0000000000000000000, -0.0000000000000000000 ) ) ;
#6397 = FACE_OUTER_BOUND ( 'NONE', #816, .T. ) ;
#6398 = SURFACE_SIDE_STYLE ('',( #5161 ) ) ;
#6399 = STYLED_ITEM ( 'NONE', ( #8086 ), #1418 ) ;
#6400 = FILL_AREA_STYLE ('',( #3078 ) ) ;
#6401 = EDGE_CURVE ( 'NONE', #2784, #7479, #8185, .T. ) ;
#6402 = FILL_AREA_STYLE ('',( #7715 ) ) ;
#6403 = ORIENTED_EDGE ( 'NONE', *, *, #7989, .T. ) ;
#6404 = FILL_AREA_STYLE ('',( #5759 ) ) ;
#6405 = ORIENTED_EDGE ( 'NONE', *, *, #545, .T. ) ;
#6406 = PRESENTATION_LAYER_ASSIGNMENT (  '', '', ( #5524 ) ) ;
#6407 = AXIS2_PLACEMENT_3D ( 'NONE', #3932, #2659, #7696 ) ;
#6408 = ORIENTED_EDGE ( 'NONE', *, *, #4838, .F. ) ;
#6409 = FACE_OUTER_BOUND ( 'NONE', #6431, .T. ) ;
#6410 =( NAMED_UNIT ( * ) SI_UNIT ( $, .STERADIAN. ) SOLID_ANGLE_UNIT ( ) );
#6411 = ORIENTED_EDGE ( 'NONE', *, *, #4234, .T. ) ;
#6412 = ADVANCED_FACE ( 'NONE', ( #7982 ), #6467, .F. ) ;
#6413 = CARTESIAN_POINT ( 'NONE',  ( -1.625000000000000000, -2.000000000000000000, 0.1270000000000002500 ) ) ;
#6414 = EDGE_CURVE ( 'NONE', #6122, #5993, #6240, .T. ) ;
#6415 = CARTESIAN_POINT ( 'NONE',  ( 0.07500000000000019200, -2.000000000000000000, 2.439454888092385000E-016 ) ) ;
#6416 = LINE ( 'NONE', #4487, #4472 ) ;
#6417 = SURFACE_STYLE_FILL_AREA ( #1112 ) ;
#6418 = SURFACE_SIDE_STYLE ('',( #580 ) ) ;
#6419 = DIRECTION ( 'NONE',  ( -1.000000000000000000, -0.0000000000000000000, -0.0000000000000000000 ) ) ;
#6420 = ORIENTED_EDGE ( 'NONE', *, *, #2606, .F. ) ;
#6421 = ORIENTED_EDGE ( 'NONE', *, *, #1452, .T. ) ;
#6422 = LINE ( 'NONE', #6493, #2703 ) ;
#6423 =( LENGTH_UNIT ( ) NAMED_UNIT ( * ) SI_UNIT ( .MILLI., .METRE. ) );
#6424 = EDGE_CURVE ( 'NONE', #3128, #3395, #6422, .T. ) ;
#6425 = AXIS2_PLACEMENT_3D ( 'NONE', #1904, #8502, #590 ) ;
#6426 = MECHANICAL_DESIGN_GEOMETRIC_PRESENTATION_REPRESENTATION (  '', ( #5114 ), #6874 ) ;
#6427 = CARTESIAN_POINT ( 'NONE',  ( -0.1249999999999998900, -1.583686420389025100, 0.1138136583594313900 ) ) ;
#6428 = CARTESIAN_POINT ( 'NONE',  ( 0.07500000000000019200, -2.000000000000000000, 2.439454888092385000E-016 ) ) ;
#6429 = LINE ( 'NONE', #6199, #6247 ) ;
#6430 = PRESENTATION_STYLE_ASSIGNMENT (( #8013 ) ) ;
#6431 = EDGE_LOOP ( 'NONE', ( #1597, #8177, #3790, #3543 ) ) ;
#6432 = EDGE_CURVE ( 'NONE', #869, #6039, #4476, .T. ) ;
#6433 = ORIENTED_EDGE ( 'NONE', *, *, #6268, .F. ) ;
#6434 = CARTESIAN_POINT ( 'NONE',  ( -2.000000000000000000, -1.299999999999999800, 0.6999999999999997300 ) ) ;
#6435 = FILL_AREA_STYLE ('',( #4463 ) ) ;
#6436 = STYLED_ITEM ( 'NONE', ( #3322 ), #4521 ) ;
#6437 = ORIENTED_EDGE ( 'NONE', *, *, #6336, .T. ) ;
#6438 = LINE ( 'NONE', #4790, #1403 ) ;
#6439 = VERTEX_POINT ( 'NONE', #1271 ) ;
#6440 = ORIENTED_EDGE ( 'NONE', *, *, #2652, .F. ) ;
#6441 = CARTESIAN_POINT ( 'NONE',  ( -2.000000000000000000, -1.299999999999999800, 0.3000000000000000400 ) ) ;
#6442 = ORIENTED_EDGE ( 'NONE', *, *, #8250, .T. ) ;
#6443 = FILL_AREA_STYLE ('',( #6709 ) ) ;
#6444 = VECTOR ( 'NONE', #1126, 1000.000000000000000 ) ;
#6445 = DIRECTION ( 'NONE',  ( 0.0000000000000000000, -3.414809992080329100E-015, -1.000000000000000000 ) ) ;
#6446 = ORIENTED_EDGE ( 'NONE', *, *, #4385, .T. ) ;
#6447 = DIRECTION ( 'NONE',  ( 0.0000000000000000000, 0.0000000000000000000, -1.000000000000000000 ) ) ;
#6448 = DIRECTION ( 'NONE',  ( -1.000000000000000000, 0.0000000000000000000, -0.0000000000000000000 ) ) ;
#6449 = DIRECTION ( 'NONE',  ( -1.000000000000000000, -0.0000000000000000000, -0.0000000000000000000 ) ) ;
#6450 = STYLED_ITEM ( 'NONE', ( #2629 ), #5595 ) ;
#6451 = COLOUR_RGB ( '',1.000000000000000000, 1.000000000000000000, 1.000000000000000000 ) ;
#6452 = CARTESIAN_POINT ( 'NONE',  ( -0.1249999999999998900, 1.500000000000000400, 0.4365000000000020500 ) ) ;
#6453 = STYLED_ITEM ( 'NONE', ( #199 ), #836 ) ;
#6454 = VECTOR ( 'NONE', #2723, 1000.000000000000000 ) ;
#6455 = PRESENTATION_STYLE_ASSIGNMENT (( #3429 ) ) ;
#6456 = EDGE_CURVE ( 'NONE', #224, #317, #2901, .T. ) ;
#6457 = DIRECTION ( 'NONE',  ( 0.0000000000000000000, 0.0000000000000000000, 1.000000000000000000 ) ) ;
#6458 = ADVANCED_FACE ( 'NONE', ( #794 ), #1907, .F. ) ;
#6459 = DIRECTION ( 'NONE',  ( 0.0000000000000000000, 0.0000000000000000000, -1.000000000000000000 ) ) ;
#6460 =( NAMED_UNIT ( * ) SI_UNIT ( $, .STERADIAN. ) SOLID_ANGLE_UNIT ( ) );
#6461 = PRESENTATION_LAYER_ASSIGNMENT (  '', '', ( #5585 ) ) ;
#6462 = VECTOR ( 'NONE', #3981, 1000.000000000000100 ) ;
#6463 = AXIS2_PLACEMENT_3D ( 'NONE', #4462, #535, #5125 ) ;
#6464 = SURFACE_STYLE_FILL_AREA ( #5901 ) ;
#6465 = DIRECTION ( 'NONE',  ( 0.0000000000000000000, 1.000000000000000000, 2.168404344971012800E-015 ) ) ;
#6466 = CARTESIAN_POINT ( 'NONE',  ( -0.4249999999999998200, 1.710000000000000200, 0.1270000000000002500 ) ) ;
#6467 = PLANE ( 'NONE',  #3847 ) ;
#6468 = EDGE_CURVE ( 'NONE', #4591, #7228, #161, .T. ) ;
#6469 = ADVANCED_FACE ( 'NONE', ( #5188 ), #2596, .F. ) ;
#6470 = UNCERTAINTY_MEASURE_WITH_UNIT (LENGTH_MEASURE( 1.000000000000000100E-005 ), #5370, 'distance_accuracy_value', 'NONE');
#6471 = EDGE_LOOP ( 'NONE', ( #3711, #6863, #7256, #8074, #727, #2192, #7168, #8419, #6408, #6753, #3028, #8212 ) ) ;
#6472 = FACE_OUTER_BOUND ( 'NONE', #809, .T. ) ;
#6473 = DIRECTION ( 'NONE',  ( -1.000000000000000000, -0.0000000000000000000, -0.0000000000000000000 ) ) ;
#6474 = CARTESIAN_POINT ( 'NONE',  ( 2.125000000000000000, -1.500000000000000000, 0.5635000000000000000 ) ) ;
#6475 = ORIENTED_EDGE ( 'NONE', *, *, #4706, .T. ) ;
#6476 = ADVANCED_FACE ( 'NONE', ( #6947 ), #5261, .F. ) ;
#6477 = CARTESIAN_POINT ( 'NONE',  ( -1.800000000000000000, -1.499999999999999800, 0.5635000000000000000 ) ) ;
#6478 = VECTOR ( 'NONE', #6934, 1000.000000000000100 ) ;
#6479 = DIRECTION ( 'NONE',  ( -1.000000000000000000, -0.0000000000000000000, -0.0000000000000000000 ) ) ;
#6480 = CARTESIAN_POINT ( 'NONE',  ( -0.4249999999999998200, -1.583686420389025100, 0.1138136583594313900 ) ) ;
#6481 = SURFACE_STYLE_FILL_AREA ( #8253 ) ;
#6482 = CARTESIAN_POINT ( 'NONE',  ( 1.575000000000000200, -1.500000000000000000, 0.5635000000000020000 ) ) ;
#6483 = PRESENTATION_STYLE_ASSIGNMENT (( #1453 ) ) ;
#6484 = CIRCLE ( 'NONE', #6929, 0.1999999999999999800 ) ;
#6485 = CARTESIAN_POINT ( 'NONE',  ( -0.4249999999999998200, -1.500000000000000400, 0.4365000000000020500 ) ) ;
#6486 =( NAMED_UNIT ( * ) PLANE_ANGLE_UNIT ( ) SI_UNIT ( $, .RADIAN. ) );
#6487 = EDGE_CURVE ( 'NONE', #5242, #8494, #2805, .T. ) ;
#6488 = ORIENTED_EDGE ( 'NONE', *, *, #8073, .T. ) ;
#6489 = PRESENTATION_LAYER_ASSIGNMENT (  '', '', ( #5614 ) ) ;
#6490 = CARTESIAN_POINT ( 'NONE',  ( 1.800000000000000000, 1.300000000000000300, 0.7000000000000000700 ) ) ;
#6491 = LINE ( 'NONE', #6524, #8260 ) ;
#6492 = PLANE ( 'NONE',  #1874 ) ;
#6493 = CARTESIAN_POINT ( 'NONE',  ( 0.8750000000000001100, 1.500000000000000000, 0.5635000000000020000 ) ) ;
#6494 =( NAMED_UNIT ( * ) SI_UNIT ( $, .STERADIAN. ) SOLID_ANGLE_UNIT ( ) );
#6495 = SURFACE_STYLE_FILL_AREA ( #6949 ) ;
#6496 = ORIENTED_EDGE ( 'NONE', *, *, #2446, .F. ) ;
#6497 = DIRECTION ( 'NONE',  ( -1.000000000000000000, 0.0000000000000000000, 0.0000000000000000000 ) ) ;
#6498 = AXIS2_PLACEMENT_3D ( 'NONE', #1115, #5715, #1772 ) ;
#6499 = VECTOR ( 'NONE', #373, 1000.000000000000000 ) ;
#6500 = ADVANCED_FACE ( 'NONE', ( #4566 ), #4369, .T. ) ;
#6501 =( NAMED_UNIT ( * ) SI_UNIT ( $, .STERADIAN. ) SOLID_ANGLE_UNIT ( ) );
#6502 = CYLINDRICAL_SURFACE ( 'NONE', #6640, 0.1269999999999999500 ) ;
#6503 = DIRECTION ( 'NONE',  ( -1.000000000000000000, -0.0000000000000000000, -0.0000000000000000000 ) ) ;
#6504 = STYLED_ITEM ( 'NONE', ( #6287 ), #340 ) ;
#6505 = SURFACE_STYLE_USAGE ( .BOTH. , #1884 ) ;
#6506 = EDGE_LOOP ( 'NONE', ( #4282, #5187, #1941, #3826 ) ) ;
#6507 = DIRECTION ( 'NONE',  ( -0.0000000000000000000, 1.000000000000000000, 1.168321306557656000E-016 ) ) ;
#6508 = VECTOR ( 'NONE', #4159, 1000.000000000000000 ) ;
#6509 = DIRECTION ( 'NONE',  ( 1.000000000000000000, 0.0000000000000000000, 0.0000000000000000000 ) ) ;
#6510 = CARTESIAN_POINT ( 'NONE',  ( 1.575000000000000200, -1.710000000000000200, 0.1270000000000002200 ) ) ;
#6511 =( NAMED_UNIT ( * ) SI_UNIT ( $, .STERADIAN. ) SOLID_ANGLE_UNIT ( ) );
#6512 = LINE ( 'NONE', #1553, #3000 ) ;
#6513 = DIRECTION ( 'NONE',  ( -1.000000000000000000, 0.0000000000000000000, -0.0000000000000000000 ) ) ;
#6515 = ORIENTED_EDGE ( 'NONE', *, *, #5319, .F. ) ;
#6514 = FILL_AREA_STYLE ('',( #465 ) ) ;
#6516 =( GEOMETRIC_REPRESENTATION_CONTEXT ( 3 ) GLOBAL_UNCERTAINTY_ASSIGNED_CONTEXT ( ( #8517 ) ) GLOBAL_UNIT_ASSIGNED_CONTEXT ( ( #1939, #6565, #2607 ) ) REPRESENTATION_CONTEXT ( 'NONE', 'WORKASPACE' ) );
#6517 =( NAMED_UNIT ( * ) SI_UNIT ( $, .STERADIAN. ) SOLID_ANGLE_UNIT ( ) );
#6518 = UNCERTAINTY_MEASURE_WITH_UNIT (LENGTH_MEASURE( 1.000000000000000100E-005 ), #8363, 'distance_accuracy_value', 'NONE');
#6519 = EDGE_CURVE ( 'NONE', #3506, #4317, #6131, .T. ) ;
#6520 = CARTESIAN_POINT ( 'NONE',  ( 1.375000000000000200, -1.710000000000000200, 0.1270000000000002500 ) ) ;
#6521 = EDGE_LOOP ( 'NONE', ( #7772, #1607, #4057, #344, #8486, #4802, #4639, #4467, #5204, #8340 ) ) ;
#6522 = EDGE_LOOP ( 'NONE', ( #7438, #8152, #2267, #7473 ) ) ;
#6523 = EDGE_LOOP ( 'NONE', ( #3002, #5022, #3447, #3238 ) ) ;
#6524 = CARTESIAN_POINT ( 'NONE',  ( 1.075000000000000200, 1.676313579610975200, 0.4496863416405709200 ) ) ;
#6525 = FILL_AREA_STYLE_COLOUR ( '', #2501 ) ;
#6526 = CARTESIAN_POINT ( 'NONE',  ( -0.4249999999999998200, 1.676313579610975200, 0.4496863416405709200 ) ) ;
#6527 = STYLED_ITEM ( 'NONE', ( #3904 ), #7770 ) ;
#6528 = COLOUR_RGB ( '',1.000000000000000000, 1.000000000000000000, 1.000000000000000000 ) ;
#6529 = CARTESIAN_POINT ( 'NONE',  ( -1.424999999999999800, 1.500000000000000400, 0.4365000000000020500 ) ) ;
#6530 = MECHANICAL_DESIGN_GEOMETRIC_PRESENTATION_REPRESENTATION (  '', ( #5656 ), #6979 ) ;
#6531 = VERTEX_POINT ( 'NONE', #7261 ) ;
#6532 = ORIENTED_EDGE ( 'NONE', *, *, #3517, .T. ) ;
#6533 = ORIENTED_EDGE ( 'NONE', *, *, #4254, .F. ) ;
#6534 = FILL_AREA_STYLE_COLOUR ( '', #1516 ) ;
#6535 = EDGE_CURVE ( 'NONE', #1550, #1202, #1078, .T. ) ;
#6536 =( LENGTH_UNIT ( ) NAMED_UNIT ( * ) SI_UNIT ( .MILLI., .METRE. ) );
#6537 = DIRECTION ( 'NONE',  ( -1.000000000000000000, -0.0000000000000000000, -0.0000000000000000000 ) ) ;
#6538 = ORIENTED_EDGE ( 'NONE', *, *, #897, .T. ) ;
#6539 = SURFACE_SIDE_STYLE ('',( #6686 ) ) ;
#6540 = ORIENTED_EDGE ( 'NONE', *, *, #6921, .F. ) ;
#6541 = ORIENTED_EDGE ( 'NONE', *, *, #104, .T. ) ;
#6542 = EDGE_CURVE ( 'NONE', #4656, #3004, #2595, .T. ) ;
#6543 = DIRECTION ( 'NONE',  ( -1.000000000000000000, -0.0000000000000000000, -0.0000000000000000000 ) ) ;
#6544 = MECHANICAL_DESIGN_GEOMETRIC_PRESENTATION_REPRESENTATION (  '', ( #5226 ), #6989 ) ;
#6545 = PLANE ( 'NONE',  #4537 ) ;
#6546 = SURFACE_SIDE_STYLE ('',( #1214 ) ) ;
#6547 = FILL_AREA_STYLE ('',( #1830 ) ) ;
#6548 = ADVANCED_FACE ( 'NONE', ( #2390 ), #7460, .T. ) ;
#6549 = ORIENTED_EDGE ( 'NONE', *, *, #4532, .F. ) ;
#6550 = CIRCLE ( 'NONE', #7163, 0.1999999999999999800 ) ;
#6551 = VECTOR ( 'NONE', #761, 1000.000000000000200 ) ;
#6552 = CARTESIAN_POINT ( 'NONE',  ( -1.125000000000000000, -1.550000000000000300, 0.4365000000000002200 ) ) ;
#6553 = ORIENTED_EDGE ( 'NONE', *, *, #135, .F. ) ;
#6554 = LINE ( 'NONE', #2404, #1521 ) ;
#6555 = AXIS2_PLACEMENT_3D ( 'NONE', #1662, #5593, #1010 ) ;
#6556 = CARTESIAN_POINT ( 'NONE',  ( -0.1249999999999998900, 2.000000000000000000, 2.439454888092385000E-016 ) ) ;
#6557 = AXIS2_PLACEMENT_3D ( 'NONE', #7174, #3221, #7846 ) ;
#6558 = CARTESIAN_POINT ( 'NONE',  ( 0.3750000000000001100, -2.000000000000000000, 0.1270000000000002500 ) ) ;
#6559 = DIRECTION ( 'NONE',  ( 0.0000000000000000000, -0.1038294617367628000, -0.9945951150470496700 ) ) ;
#6560 = DIRECTION ( 'NONE',  ( -1.000000000000000000, -0.0000000000000000000, -0.0000000000000000000 ) ) ;
#6561 =( NAMED_UNIT ( * ) PLANE_ANGLE_UNIT ( ) SI_UNIT ( $, .RADIAN. ) );
#6562 = DIRECTION ( 'NONE',  ( -0.0000000000000000000, 3.686287386450737200E-014, 1.000000000000000000 ) ) ;
#6563 =( NAMED_UNIT ( * ) SI_UNIT ( $, .STERADIAN. ) SOLID_ANGLE_UNIT ( ) );
#6564 = DIRECTION ( 'NONE',  ( -1.000000000000000000, -0.0000000000000000000, -0.0000000000000000000 ) ) ;
#6565 =( NAMED_UNIT ( * ) PLANE_ANGLE_UNIT ( ) SI_UNIT ( $, .RADIAN. ) );
#6566 = FACE_OUTER_BOUND ( 'NONE', #5482, .T. ) ;
#6567 =( GEOMETRIC_REPRESENTATION_CONTEXT ( 3 ) GLOBAL_UNCERTAINTY_ASSIGNED_CONTEXT ( ( #638 ) ) GLOBAL_UNIT_ASSIGNED_CONTEXT ( ( #6655, #2690, #7300 ) ) REPRESENTATION_CONTEXT ( 'NONE', 'WORKASPACE' ) );
#6568 = VECTOR ( 'NONE', #734, 1000.000000000000000 ) ;
#6569 = DIRECTION ( 'NONE',  ( -0.0000000000000000000, -0.1038294617367629000, 0.9945951150470496700 ) ) ;
#6570 = MECHANICAL_DESIGN_GEOMETRIC_PRESENTATION_REPRESENTATION (  '', ( #5692 ), #7011 ) ;
#6571 = DIRECTION ( 'NONE',  ( -0.0000000000000000000, 0.1038294617367628000, -0.9945951150470496700 ) ) ;
#6572 =( NAMED_UNIT ( * ) PLANE_ANGLE_UNIT ( ) SI_UNIT ( $, .RADIAN. ) );
#6573 = UNCERTAINTY_MEASURE_WITH_UNIT (LENGTH_MEASURE( 1.000000000000000100E-005 ), #6981, 'distance_accuracy_value', 'NONE');
#6574 = EDGE_CURVE ( 'NONE', #2168, #4131, #7664, .T. ) ;
#6575 = DIRECTION ( 'NONE',  ( 0.0000000000000000000, 3.414809992080329100E-015, 1.000000000000000000 ) ) ;
#6576 = PRESENTATION_STYLE_ASSIGNMENT (( #1820 ) ) ;
#6577 = LINE ( 'NONE', #7297, #8339 ) ;
#6578 = CARTESIAN_POINT ( 'NONE',  ( -0.4249999999999998200, -1.550000000000000300, 0.4365000000000002200 ) ) ;
#6579 = PRESENTATION_STYLE_ASSIGNMENT (( #2870 ) ) ;
#6580 = ADVANCED_FACE ( 'NONE', ( #3939 ), #5705, .T. ) ;
#6581 = DIRECTION ( 'NONE',  ( 0.0000000000000000000, -3.686287386450737200E-014, 1.000000000000000000 ) ) ;
#6582 = SURFACE_SIDE_STYLE ('',( #6464 ) ) ;
#6583 = AXIS2_PLACEMENT_3D ( 'NONE', #846, #5432, #1490 ) ;
#6584 = UNCERTAINTY_MEASURE_WITH_UNIT (LENGTH_MEASURE( 1.000000000000000100E-005 ), #6536, 'distance_accuracy_value', 'NONE');
#6585 = DIRECTION ( 'NONE',  ( -0.0000000000000000000, 0.0000000000000000000, -1.000000000000000000 ) ) ;
#6586 = STYLED_ITEM ( 'NONE', ( #7826 ), #2512 ) ;
#6587 = FACE_OUTER_BOUND ( 'NONE', #7586, .T. ) ;
#6588 = CARTESIAN_POINT ( 'NONE',  ( -0.9249999999999998200, 1.550000000000000300, 0.4365000000000002200 ) ) ;
#6589 =( LENGTH_UNIT ( ) NAMED_UNIT ( * ) SI_UNIT ( .MILLI., .METRE. ) );
#6590 = LINE ( 'NONE', #4244, #8350 ) ;
#6591 = DIRECTION ( 'NONE',  ( 0.0000000000000000000, -3.414809992080329100E-015, -1.000000000000000000 ) ) ;
#6592 = EDGE_CURVE ( 'NONE', #6341, #7037, #2174, .T. ) ;
#6593 = PRESENTATION_STYLE_ASSIGNMENT (( #2880 ) ) ;
#6594 = SURFACE_SIDE_STYLE ('',( #3072 ) ) ;
#6595 = LINE ( 'NONE', #6342, #8355 ) ;
#6596 = DIRECTION ( 'NONE',  ( -1.000000000000000000, -0.0000000000000000000, -0.0000000000000000000 ) ) ;
#6597 = ADVANCED_FACE ( 'NONE', ( #5491 ), #6016, .F. ) ;
#6598 = CARTESIAN_POINT ( 'NONE',  ( -0.9249999999999998200, -1.710000000000000200, 2.710505431213761100E-016 ) ) ;
#6599 = ORIENTED_EDGE ( 'NONE', *, *, #3710, .F. ) ;
#6600 =( LENGTH_UNIT ( ) NAMED_UNIT ( * ) SI_UNIT ( .MILLI., .METRE. ) );
#6601 = EDGE_CURVE ( 'NONE', #3481, #3193, #6632, .T. ) ;
#6602 = LINE ( 'NONE', #3650, #8359 ) ;
#6603 = DIRECTION ( 'NONE',  ( 0.0000000000000000000, 0.0000000000000000000, 1.000000000000000000 ) ) ;
#6604 = FACE_OUTER_BOUND ( 'NONE', #771, .T. ) ;
#6605 = STYLED_ITEM ( 'NONE', ( #3990 ), #3330 ) ;
#6606 = STYLED_ITEM ( 'NONE', ( #2724 ), #8192 ) ;
#6607 = SURFACE_STYLE_FILL_AREA ( #6443 ) ;
#6608 = ORIENTED_EDGE ( 'NONE', *, *, #5644, .T. ) ;
#6609 =( NAMED_UNIT ( * ) PLANE_ANGLE_UNIT ( ) SI_UNIT ( $, .RADIAN. ) );
#6610 = CYLINDRICAL_SURFACE ( 'NONE', #6272, 0.1270000000000008600 ) ;
#6611 = VECTOR ( 'NONE', #2428, 1000.000000000000000 ) ;
#6612 = EDGE_CURVE ( 'NONE', #2155, #1131, #8393, .T. ) ;
#6613 = PRESENTATION_LAYER_ASSIGNMENT (  '', '', ( #6181 ) ) ;
#6614 = VERTEX_POINT ( 'NONE', #7361 ) ;
#6615 = SURFACE_SIDE_STYLE ('',( #6124 ) ) ;
#6616 = LINE ( 'NONE', #4557, #8375 ) ;
#6617 = ORIENTED_EDGE ( 'NONE', *, *, #2887, .F. ) ;
#6618 = ORIENTED_EDGE ( 'NONE', *, *, #4295, .F. ) ;
#6619 = CARTESIAN_POINT ( 'NONE',  ( -1.125000000000000000, -1.676313579610975200, 0.4496863416405709200 ) ) ;
#6620 = DIRECTION ( 'NONE',  ( -0.0000000000000000000, 1.000000000000000000, 1.168321306557656000E-016 ) ) ;
#6621 = EDGE_LOOP ( 'NONE', ( #6420, #2451, #4058, #4273 ) ) ;
#6622 = DIRECTION ( 'NONE',  ( 1.000000000000000000, 0.0000000000000000000, 0.0000000000000000000 ) ) ;
#6623 = ORIENTED_EDGE ( 'NONE', *, *, #2750, .F. ) ;
#6624 = PRESENTATION_LAYER_ASSIGNMENT (  '', '', ( #7058 ) ) ;
#6625 = EDGE_LOOP ( 'NONE', ( #5135, #4898, #1104, #1102 ) ) ;
#6626 = CARTESIAN_POINT ( 'NONE',  ( 1.075000000000000200, 1.500000000000000000, 0.5635000000000020000 ) ) ;
#6627 = MECHANICAL_DESIGN_GEOMETRIC_PRESENTATION_REPRESENTATION (  '', ( #4854 ), #7061 ) ;
#6628 = COLOUR_RGB ( '',1.000000000000000000, 1.000000000000000000, 1.000000000000000000 ) ;
#6629 = CARTESIAN_POINT ( 'NONE',  ( -0.9249999999999998200, -1.500000000000000000, 0.5635000000000020000 ) ) ;
#6630 = EDGE_CURVE ( 'NONE', #3423, #6991, #3104, .T. ) ;
#6631 = ORIENTED_EDGE ( 'NONE', *, *, #3137, .T. ) ;
#6632 = LINE ( 'NONE', #2066, #1590 ) ;
#6633 =( LENGTH_UNIT ( ) NAMED_UNIT ( * ) SI_UNIT ( .MILLI., .METRE. ) );
#6634 = ORIENTED_EDGE ( 'NONE', *, *, #4501, .T. ) ;
#6635 = CARTESIAN_POINT ( 'NONE',  ( -0.4249999999999998200, 1.500000000000000000, 0.5635000000000020000 ) ) ;
#6636 = LINE ( 'NONE', #8336, #1594 ) ;
#6637 = UNCERTAINTY_MEASURE_WITH_UNIT (LENGTH_MEASURE( 1.000000000000000100E-005 ), #6706, 'distance_accuracy_value', 'NONE');
#6638 = SURFACE_SIDE_STYLE ('',( #6724 ) ) ;
#6639 = DIRECTION ( 'NONE',  ( 0.0000000000000000000, 0.0000000000000000000, -1.000000000000000000 ) ) ;
#6640 = AXIS2_PLACEMENT_3D ( 'NONE', #4958, #1682, #4321 ) ;
#6641 = ADVANCED_FACE ( 'NONE', ( #6409 ), #1471, .F. ) ;
#6642 = DIRECTION ( 'NONE',  ( 0.0000000000000000000, -0.1038294617367628000, -0.9945951150470496700 ) ) ;
#6643 = EDGE_CURVE ( 'NONE', #7375, #2073, #2279, .T. ) ;
#6644 = LINE ( 'NONE', #4253, #4885 ) ;
#6645 = ORIENTED_EDGE ( 'NONE', *, *, #5475, .T. ) ;
#6646 = VERTEX_POINT ( 'NONE', #6107 ) ;
#6647 = FILL_AREA_STYLE ('',( #4704 ) ) ;
#6648 = CARTESIAN_POINT ( 'NONE',  ( 0.8750000000000001100, 1.710000000000000200, 0.1270000000000002500 ) ) ;
#6649 = VERTEX_POINT ( 'NONE', #2797 ) ;
#6650 =( LENGTH_UNIT ( ) NAMED_UNIT ( * ) SI_UNIT ( .MILLI., .METRE. ) );
#6651 = CARTESIAN_POINT ( 'NONE',  ( -1.625000000000000000, 1.710000000000000200, 0.1270000000000002500 ) ) ;
#6652 =( LENGTH_UNIT ( ) NAMED_UNIT ( * ) SI_UNIT ( .MILLI., .METRE. ) );
#6653 = ORIENTED_EDGE ( 'NONE', *, *, #7341, .F. ) ;
#6654 = VECTOR ( 'NONE', #2096, 1000.000000000000000 ) ;
#6655 =( LENGTH_UNIT ( ) NAMED_UNIT ( * ) SI_UNIT ( .MILLI., .METRE. ) );
#6656 = ORIENTED_EDGE ( 'NONE', *, *, #5304, .T. ) ;
#6657 = EDGE_LOOP ( 'NONE', ( #5953, #789, #937, #4243 ) ) ;
#6658 = CARTESIAN_POINT ( 'NONE',  ( -1.424999999999999800, 1.500000000000000000, 0.5635000000000020000 ) ) ;
#6659 = ORIENTED_EDGE ( 'NONE', *, *, #5304, .F. ) ;
#6660 = VECTOR ( 'NONE', #7861, 1000.000000000000000 ) ;
#6661 = ORIENTED_EDGE ( 'NONE', *, *, #4871, .F. ) ;
#6662 = PLANE ( 'NONE',  #3250 ) ;
#6663 = EDGE_LOOP ( 'NONE', ( #4698, #7966, #3749, #7629 ) ) ;
#6664 = UNCERTAINTY_MEASURE_WITH_UNIT (LENGTH_MEASURE( 1.000000000000000100E-005 ), #3859, 'distance_accuracy_value', 'NONE');
#6665 = SURFACE_SIDE_STYLE ('',( #7919 ) ) ;
#6666 = ORIENTED_EDGE ( 'NONE', *, *, #4323, .T. ) ;
#6667 = ORIENTED_EDGE ( 'NONE', *, *, #5392, .F. ) ;
#6668 = EDGE_CURVE ( 'NONE', #4022, #8471, #574, .T. ) ;
#6669 =( GEOMETRIC_REPRESENTATION_CONTEXT ( 3 ) GLOBAL_UNCERTAINTY_ASSIGNED_CONTEXT ( ( #4093 ) ) GLOBAL_UNIT_ASSIGNED_CONTEXT ( ( #2254, #6886, #2917 ) ) REPRESENTATION_CONTEXT ( 'NONE', 'WORKASPACE' ) );
#6670 = VECTOR ( 'NONE', #4417, 1000.000000000000000 ) ;
#6671 = CARTESIAN_POINT ( 'NONE',  ( 1.375000000000000200, 1.550000000000000000, 0.5635000000000010000 ) ) ;
#6672 = ORIENTED_EDGE ( 'NONE', *, *, #2193, .T. ) ;
#6673 = LINE ( 'NONE', #4931, #1417 ) ;
#6674 = SURFACE_SIDE_STYLE ('',( #6826 ) ) ;
#6675 =( LENGTH_UNIT ( ) NAMED_UNIT ( * ) SI_UNIT ( .MILLI., .METRE. ) );
#6676 = ORIENTED_EDGE ( 'NONE', *, *, #447, .T. ) ;
#6677 = LINE ( 'NONE', #4137, #1634 ) ;
#6678 = FILL_AREA_STYLE_COLOUR ( '', #3473 ) ;
#6679 = EDGE_LOOP ( 'NONE', ( #5485, #562, #6666, #2464 ) ) ;
#6680 = DIRECTION ( 'NONE',  ( -1.000000000000000000, -0.0000000000000000000, -0.0000000000000000000 ) ) ;
#6681 = AXIS2_PLACEMENT_3D ( 'NONE', #3591, #8226, #4274 ) ;
#6682 = FACE_OUTER_BOUND ( 'NONE', #117, .T. ) ;
#6683 = CARTESIAN_POINT ( 'NONE',  ( 0.07500000000000019200, -2.000000000000000000, 0.1270000000000002500 ) ) ;
#6684 = SURFACE_STYLE_USAGE ( .BOTH. , #2711 ) ;
#6685 = FILL_AREA_STYLE ('',( #2679 ) ) ;
#6686 = SURFACE_STYLE_FILL_AREA ( #1919 ) ;
#6687 = VECTOR ( 'NONE', #7266, 1000.000000000000100 ) ;
#6688 = FILL_AREA_STYLE_COLOUR ( '', #6250 ) ;
#6689 = ADVANCED_FACE ( 'NONE', ( #5596 ), #7420, .T. ) ;
#6690 = CARTESIAN_POINT ( 'NONE',  ( 1.575000000000000200, 1.500000000000000000, 0.5635000000000020000 ) ) ;
#6691 = VECTOR ( 'NONE', #6449, 1000.000000000000000 ) ;
#6692 = DIRECTION ( 'NONE',  ( 0.0000000000000000000, 0.0000000000000000000, 1.000000000000000000 ) ) ;
#6693 =( LENGTH_UNIT ( ) NAMED_UNIT ( * ) SI_UNIT ( .MILLI., .METRE. ) );
#6694 = CARTESIAN_POINT ( 'NONE',  ( 2.125000000000000000, -1.500000000000000000, 0.4365000000000000000 ) ) ;
#6695 = DIRECTION ( 'NONE',  ( 0.0000000000000000000, 1.000000000000000000, -2.168404344971013200E-015 ) ) ;
#6696 = PRESENTATION_LAYER_ASSIGNMENT (  '', '', ( #5362 ) ) ;
#6697 = LINE ( 'NONE', #397, #6478 ) ;
#6698 = CARTESIAN_POINT ( 'NONE',  ( -1.800000000000000000, 1.300000000000000000, 0.4365000000000000000 ) ) ;
#6699 = DIRECTION ( 'NONE',  ( 0.0000000000000000000, 0.9945951150470497800, -0.1038294617367629000 ) ) ;
#6700 = EDGE_CURVE ( 'NONE', #3402, #4773, #3204, .T. ) ;
#6701 = CARTESIAN_POINT ( 'NONE',  ( 1.575000000000000200, -1.500000000000000000, 0.5635000000000020000 ) ) ;
#6702 = DIRECTION ( 'NONE',  ( 0.0000000000000000000, 0.0000000000000000000, 1.000000000000000000 ) ) ;
#6703 = FACE_OUTER_BOUND ( 'NONE', #1778, .T. ) ;
#6704 = EDGE_LOOP ( 'NONE', ( #2334, #4855, #5284, #3195 ) ) ;
#6705 = VECTOR ( 'NONE', #4056, 1000.000000000000000 ) ;
#6706 =( LENGTH_UNIT ( ) NAMED_UNIT ( * ) SI_UNIT ( .MILLI., .METRE. ) );
#6707 = DIRECTION ( 'NONE',  ( -1.000000000000000000, 0.0000000000000000000, -0.0000000000000000000 ) ) ;
#6708 = MECHANICAL_DESIGN_GEOMETRIC_PRESENTATION_REPRESENTATION (  '', ( #5822 ), #7126 ) ;
#6709 = FILL_AREA_STYLE_COLOUR ( '', #4844 ) ;
#6710 = STYLED_ITEM ( 'NONE', ( #1545 ), #2676 ) ;
#6711 = VECTOR ( 'NONE', #3061, 1000.000000000000000 ) ;
#6712 = CARTESIAN_POINT ( 'NONE',  ( -1.424999999999999800, 1.710000000000000200, 2.710505431213761100E-016 ) ) ;
#6713 = ORIENTED_EDGE ( 'NONE', *, *, #6921, .T. ) ;
#6714 = EDGE_CURVE ( 'NONE', #1891, #7171, #8497, .T. ) ;
#6715 = ORIENTED_EDGE ( 'NONE', *, *, #6432, .F. ) ;
#6716 =( NAMED_UNIT ( * ) PLANE_ANGLE_UNIT ( ) SI_UNIT ( $, .RADIAN. ) );
#6717 = DIRECTION ( 'NONE',  ( 0.0000000000000000000, 0.1038294617367628800, -0.9945951150470496700 ) ) ;
#6718 = UNCERTAINTY_MEASURE_WITH_UNIT (LENGTH_MEASURE( 1.000000000000000100E-005 ), #2313, 'distance_accuracy_value', 'NONE');
#6719 = DIRECTION ( 'NONE',  ( -0.0000000000000000000, -1.000000000000000000, -0.0000000000000000000 ) ) ;
#6720 = FILL_AREA_STYLE_COLOUR ( '', #3843 ) ;
#6721 = CARTESIAN_POINT ( 'NONE',  ( -0.4249999999999998200, 1.550000000000000000, 0.5635000000000010000 ) ) ;
#6722 = EDGE_CURVE ( 'NONE', #5271, #2147, #1487, .T. ) ;
#6723 = PRESENTATION_LAYER_ASSIGNMENT (  '', '', ( #4947 ) ) ;
#6724 = SURFACE_STYLE_FILL_AREA ( #696 ) ;
#6725 = SURFACE_STYLE_FILL_AREA ( #8115 ) ;
#6726 =( GEOMETRIC_REPRESENTATION_CONTEXT ( 3 ) GLOBAL_UNCERTAINTY_ASSIGNED_CONTEXT ( ( #1355 ) ) GLOBAL_UNIT_ASSIGNED_CONTEXT ( ( #6836, #2872, #7512 ) ) REPRESENTATION_CONTEXT ( 'NONE', 'WORKASPACE' ) );
#6727 = VECTOR ( 'NONE', #8251, 1000.000000000000000 ) ;
#6728 = ORIENTED_EDGE ( 'NONE', *, *, #248, .F. ) ;
#6729 = DIRECTION ( 'NONE',  ( 0.0000000000000000000, 0.0000000000000000000, 1.000000000000000000 ) ) ;
#6730 = EDGE_LOOP ( 'NONE', ( #1816, #8404, #2673, #6327 ) ) ;
#6731 = DIRECTION ( 'NONE',  ( 0.0000000000000000000, -1.000000000000000000, -3.686287386450737200E-014 ) ) ;
#6732 = SURFACE_SIDE_STYLE ('',( #4397 ) ) ;
#6733 = CLOSED_SHELL ( 'NONE', ( #2197, #4820, #3988, #4521, #6835, #6843, #6041, #3898, #5736, #995, #7938, #386 ) ) ;
#6734 = ADVANCED_FACE ( 'NONE', ( #4984 ), #7477, .F. ) ;
#6735 = AXIS2_PLACEMENT_3D ( 'NONE', #1813, #5770, #1168 ) ;
#6736 = STYLED_ITEM ( 'NONE', ( #7668 ), #4636 ) ;
#6737 = LINE ( 'NONE', #6134, #1484 ) ;
#6738 =( LENGTH_UNIT ( ) NAMED_UNIT ( * ) SI_UNIT ( .MILLI., .METRE. ) );
#6739 = ORIENTED_EDGE ( 'NONE', *, *, #1024, .T. ) ;
#6740 = VECTOR ( 'NONE', #910, 1000.000000000000200 ) ;
#6741 = SURFACE_SIDE_STYLE ('',( #8173 ) ) ;
#6742 = ORIENTED_EDGE ( 'NONE', *, *, #8073, .F. ) ;
#6743 = CARTESIAN_POINT ( 'NONE',  ( -0.6249999999999998900, -1.676313579610975200, 0.4496863416405709200 ) ) ;
#6744 = SURFACE_STYLE_FILL_AREA ( #2497 ) ;
#6745 = ORIENTED_EDGE ( 'NONE', *, *, #5154, .T. ) ;
#6746 = CARTESIAN_POINT ( 'NONE',  ( 0.07500000000000019200, -1.710000000000000200, 0.1270000000000002500 ) ) ;
#6747 = AXIS2_PLACEMENT_3D ( 'NONE', #7817, #3848, #8498 ) ;
#6748 = VECTOR ( 'NONE', #6990, 1000.000000000000100 ) ;
#6749 = UNCERTAINTY_MEASURE_WITH_UNIT (LENGTH_MEASURE( 1.000000000000000100E-005 ), #7461, 'distance_accuracy_value', 'NONE');
#6750 = EDGE_CURVE ( 'NONE', #7466, #31, #6512, .T. ) ;
#6751 = ORIENTED_EDGE ( 'NONE', *, *, #2780, .F. ) ;
#6752 = COLOUR_RGB ( '',1.000000000000000000, 1.000000000000000000, 1.000000000000000000 ) ;
#6753 = ORIENTED_EDGE ( 'NONE', *, *, #7774, .F. ) ;
#6754 =( LENGTH_UNIT ( ) NAMED_UNIT ( * ) SI_UNIT ( .MILLI., .METRE. ) );
#6755 = STYLED_ITEM ( 'NONE', ( #8262 ), #7188 ) ;
#6756 = COLOUR_RGB ( '',1.000000000000000000, 1.000000000000000000, 1.000000000000000000 ) ;
#6757 =( LENGTH_UNIT ( ) NAMED_UNIT ( * ) SI_UNIT ( .MILLI., .METRE. ) );
#6758 = PRESENTATION_LAYER_ASSIGNMENT (  '', '', ( #5873 ) ) ;
#6759 = PRESENTATION_STYLE_ASSIGNMENT (( #2205 ) ) ;
#6760 = DIRECTION ( 'NONE',  ( 0.0000000000000000000, 1.000000000000000000, -0.0000000000000000000 ) ) ;
#6761 = EDGE_CURVE ( 'NONE', #6221, #4358, #8075, .T. ) ;
#6762 = DIRECTION ( 'NONE',  ( 0.0000000000000000000, 3.414809992080329100E-015, -1.000000000000000000 ) ) ;
#6763 = FACE_OUTER_BOUND ( 'NONE', #4357, .T. ) ;
#6764 = DIRECTION ( 'NONE',  ( -1.000000000000000000, -0.0000000000000000000, 0.0000000000000000000 ) ) ;
#6765 = CLOSED_SHELL ( 'NONE', ( #7069, #487, #4256, #5435, #4732, #3251, #7723, #2554, #875, #48, #7178, #6089 ) ) ;
#6766 = VECTOR ( 'NONE', #1343, 1000.000000000000000 ) ;
#6767 = ORIENTED_EDGE ( 'NONE', *, *, #8133, .T. ) ;
#6768 = STYLED_ITEM ( 'NONE', ( #8240 ), #3206 ) ;
#6769 = CARTESIAN_POINT ( 'NONE',  ( -0.4249999999999998200, 1.500000000000000000, 0.5635000000000020000 ) ) ;
#6770 = PRESENTATION_LAYER_ASSIGNMENT (  '', '', ( #5888 ) ) ;
#6771 = ADVANCED_FACE ( 'NONE', ( #6322 ), #6834, .F. ) ;
#6772 = DIRECTION ( 'NONE',  ( -0.0000000000000000000, -1.000000000000000000, 1.355252715606880500E-017 ) ) ;
#6773 = DIRECTION ( 'NONE',  ( -0.0000000000000000000, 1.000000000000000000, 1.168321306557656000E-016 ) ) ;
#6774 = ORIENTED_EDGE ( 'NONE', *, *, #8489, .T. ) ;
#6775 = VERTEX_POINT ( 'NONE', #1579 ) ;
#6776 = EDGE_CURVE ( 'NONE', #4007, #774, #1276, .T. ) ;
#6777 = FILL_AREA_STYLE ('',( #1515 ) ) ;
#6778 = DIRECTION ( 'NONE',  ( 0.0000000000000000000, 1.000000000000000000, 0.0000000000000000000 ) ) ;
#6779 = PRESENTATION_LAYER_ASSIGNMENT (  '', '', ( #7206 ) ) ;
#6780 = SURFACE_STYLE_USAGE ( .BOTH. , #2142 ) ;
#6781 = FILL_AREA_STYLE ('',( #821 ) ) ;
#6782 = FACE_OUTER_BOUND ( 'NONE', #3827, .T. ) ;
#6783 = DIRECTION ( 'NONE',  ( 0.0000000000000000000, 0.0000000000000000000, 1.000000000000000000 ) ) ;
#6784 = CARTESIAN_POINT ( 'NONE',  ( 1.075000000000000200, 1.550000000000000300, 0.4365000000000001100 ) ) ;
#6785 = SURFACE_STYLE_USAGE ( .BOTH. , #8416 ) ;
#6786 = CIRCLE ( 'NONE', #6954, 0.2000000000000000100 ) ;
#6787 = PRESENTATION_LAYER_ASSIGNMENT (  '', '', ( #6349 ) ) ;
#6788 = SURFACE_STYLE_FILL_AREA ( #6647 ) ;
#6789 =( LENGTH_UNIT ( ) NAMED_UNIT ( * ) SI_UNIT ( .MILLI., .METRE. ) );
#6790 =( NAMED_UNIT ( * ) SI_UNIT ( $, .STERADIAN. ) SOLID_ANGLE_UNIT ( ) );
#6791 = PRESENTATION_LAYER_ASSIGNMENT (  '', '', ( #5917 ) ) ;
#6792 = SURFACE_STYLE_FILL_AREA ( #5266 ) ;
#6793 = VECTOR ( 'NONE', #1953, 1000.000000000000000 ) ;
#6794 = SURFACE_SIDE_STYLE ('',( #7682 ) ) ;
#6795 = LINE ( 'NONE', #1604, #3272 ) ;
#6796 = ORIENTED_EDGE ( 'NONE', *, *, #7358, .F. ) ;
#6797 = CARTESIAN_POINT ( 'NONE',  ( 0.5750000000000001800, 1.550000000000000000, 0.5635000000000010000 ) ) ;
#6798 = MECHANICAL_DESIGN_GEOMETRIC_PRESENTATION_REPRESENTATION (  '', ( #5471 ), #7230 ) ;
#6799 = STYLED_ITEM ( 'NONE', ( #1573 ), #1913 ) ;
#6800 = ORIENTED_EDGE ( 'NONE', *, *, #1124, .F. ) ;
#6801 = FACE_OUTER_BOUND ( 'NONE', #5479, .T. ) ;
#6802 = VERTEX_POINT ( 'NONE', #5533 ) ;
#6803 = EDGE_CURVE ( 'NONE', #5415, #4334, #2796, .T. ) ;
#6804 = DIRECTION ( 'NONE',  ( 0.0000000000000000000, -0.1038294617367628000, -0.9945951150470496700 ) ) ;
#6805 = CARTESIAN_POINT ( 'NONE',  ( -2.000000000000000000, 1.300000000000000000, 0.4365000000000000000 ) ) ;
#6806 = ADVANCED_FACE ( 'NONE', ( #7857 ), #5909, .T. ) ;
#6807 = CARTESIAN_POINT ( 'NONE',  ( 1.075000000000000200, -1.550000000000000300, 0.4365000000000002200 ) ) ;
#6808 = ORIENTED_EDGE ( 'NONE', *, *, #6468, .F. ) ;
#6809 = PRESENTATION_STYLE_ASSIGNMENT (( #3411 ) ) ;
#6810 = SURFACE_STYLE_FILL_AREA ( #6326 ) ;
#6811 =( GEOMETRIC_REPRESENTATION_CONTEXT ( 3 ) GLOBAL_UNCERTAINTY_ASSIGNED_CONTEXT ( ( #4836 ) ) GLOBAL_UNIT_ASSIGNED_CONTEXT ( ( #232, #4617, #7490 ) ) REPRESENTATION_CONTEXT ( 'NONE', 'WORKASPACE' ) );
#6812 = CARTESIAN_POINT ( 'NONE',  ( -0.9249999999999998200, -1.500000000000000000, 0.5635000000000020000 ) ) ;
#6813 = CARTESIAN_POINT ( 'NONE',  ( 1.800000000000000000, 1.300000000000000300, 0.4365000000000000500 ) ) ;
#6814 = CARTESIAN_POINT ( 'NONE',  ( -0.6249999999999998900, -1.500000000000000400, 0.4365000000000020500 ) ) ;
#6815 = FILL_AREA_STYLE_COLOUR ( '', #4168 ) ;
#6816 = ORIENTED_EDGE ( 'NONE', *, *, #1757, .F. ) ;
#6817 =( NAMED_UNIT ( * ) SI_UNIT ( $, .STERADIAN. ) SOLID_ANGLE_UNIT ( ) );
#6818 = DIRECTION ( 'NONE',  ( 0.0000000000000000000, 3.414809992080329100E-015, -1.000000000000000000 ) ) ;
#6819 = FACE_OUTER_BOUND ( 'NONE', #2002, .T. ) ;
#6820 = EDGE_CURVE ( 'NONE', #5222, #1890, #4361, .T. ) ;
#6821 = AXIS2_PLACEMENT_3D ( 'NONE', #8078, #4124, #204 ) ;
#6822 = ORIENTED_EDGE ( 'NONE', *, *, #2970, .F. ) ;
#6823 = ORIENTED_EDGE ( 'NONE', *, *, #8024, .F. ) ;
#6824 = PRODUCT_DEFINITION_CONTEXT ( 'detailed design', #1673, 'design' ) ;
#6825 = DIRECTION ( 'NONE',  ( -0.0000000000000000000, -0.0000000000000000000, 1.000000000000000000 ) ) ;
#6826 = SURFACE_STYLE_FILL_AREA ( #2032 ) ;
#6827 = CIRCLE ( 'NONE', #4755, 0.1270000000000008600 ) ;
#6828 = CARTESIAN_POINT ( 'NONE',  ( 2.125000000000000000, 1.500000000000000000, 0.4365000000000000000 ) ) ;
#6829 = CARTESIAN_POINT ( 'NONE',  ( 0.3750000000000001100, -1.500000000000000000, 0.5635000000000020000 ) ) ;
#6830 = PRESENTATION_LAYER_ASSIGNMENT (  '', '', ( #5961 ) ) ;
#6831 = UNCERTAINTY_MEASURE_WITH_UNIT (LENGTH_MEASURE( 1.000000000000000100E-005 ), #856, 'distance_accuracy_value', 'NONE');
#6832 = VERTEX_POINT ( 'NONE', #4913 ) ;
#6833 = DIRECTION ( 'NONE',  ( 0.0000000000000000000, 1.000000000000000000, 2.168404344971012800E-015 ) ) ;
#6834 = PLANE ( 'NONE',  #4432 ) ;
#6835 = ADVANCED_FACE ( 'NONE', ( #4150 ), #314, .F. ) ;
#6836 =( LENGTH_UNIT ( ) NAMED_UNIT ( * ) SI_UNIT ( .MILLI., .METRE. ) );
#6837 = CARTESIAN_POINT ( 'NONE',  ( -2.125000000000000000, 1.500000000000000000, 0.5635000000000000000 ) ) ;
#6838 = LINE ( 'NONE', #2905, #1795 ) ;
#6839 =( NAMED_UNIT ( * ) SI_UNIT ( $, .STERADIAN. ) SOLID_ANGLE_UNIT ( ) );
#6840 = UNCERTAINTY_MEASURE_WITH_UNIT (LENGTH_MEASURE( 1.000000000000000100E-005 ), #6589, 'distance_accuracy_value', 'NONE');
#6841 = VERTEX_POINT ( 'NONE', #7569 ) ;
#6842 = STYLED_ITEM ( 'NONE', ( #5307 ), #6089 ) ;
#6843 = ADVANCED_FACE ( 'NONE', ( #44 ), #1016, .F. ) ;
#6844 = CARTESIAN_POINT ( 'NONE',  ( 1.800000000000000000, -1.299999999999999800, 0.1000000000000000500 ) ) ;
#6845 = ORIENTED_EDGE ( 'NONE', *, *, #2424, .F. ) ;
#6846 = SURFACE_SIDE_STYLE ('',( #8351 ) ) ;
#6847 = AXIS2_PLACEMENT_3D ( 'NONE', #3587, #339, #4936 ) ;
#6848 = ORIENTED_EDGE ( 'NONE', *, *, #5437, .F. ) ;
#6849 = EDGE_CURVE ( 'NONE', #4079, #8527, #5282, .T. ) ;
#6850 = FILL_AREA_STYLE_COLOUR ( '', #2653 ) ;
#6851 = LINE ( 'NONE', #5409, #1612 ) ;
#6852 = SURFACE_SIDE_STYLE ('',( #927 ) ) ;
#6853 = ORIENTED_EDGE ( 'NONE', *, *, #7092, .F. ) ;
#6854 = DIRECTION ( 'NONE',  ( -1.000000000000000000, 0.0000000000000000000, -0.0000000000000000000 ) ) ;
#6855 = VERTEX_POINT ( 'NONE', #1702 ) ;
#6856 =( LENGTH_UNIT ( ) NAMED_UNIT ( * ) SI_UNIT ( .MILLI., .METRE. ) );
#6857 = MECHANICAL_DESIGN_GEOMETRIC_PRESENTATION_REPRESENTATION (  '', ( #5524 ), #7288 ) ;
#6858 = DIRECTION ( 'NONE',  ( -1.000000000000000000, 0.0000000000000000000, -0.0000000000000000000 ) ) ;
#6859 = SURFACE_SIDE_STYLE ('',( #7151 ) ) ;
#6860 = PRESENTATION_LAYER_ASSIGNMENT (  '', '', ( #5982 ) ) ;
#6861 = LINE ( 'NONE', #541, #5116 ) ;
#6862 = EDGE_CURVE ( 'NONE', #2073, #5256, #6224, .T. ) ;
#6863 = ORIENTED_EDGE ( 'NONE', *, *, #660, .T. ) ;
#6864 = VECTOR ( 'NONE', #3090, 1000.000000000000000 ) ;
#6865 = FACE_OUTER_BOUND ( 'NONE', #4689, .T. ) ;
#6866 = ORIENTED_EDGE ( 'NONE', *, *, #2391, .F. ) ;
#6867 = ORIENTED_EDGE ( 'NONE', *, *, #7423, .T. ) ;
#6868 = CARTESIAN_POINT ( 'NONE',  ( -1.625000000000000000, -1.710000000000000200, 2.710505431213761100E-016 ) ) ;
#6869 = FILL_AREA_STYLE_COLOUR ( '', #1323 ) ;
#6870 = EDGE_CURVE ( 'NONE', #6917, #7882, #7965, .T. ) ;
#6871 = PRESENTATION_LAYER_ASSIGNMENT (  '', '', ( #5537 ) ) ;
#6872 = EDGE_LOOP ( 'NONE', ( #1322, #3293, #4529, #4064, #1804, #6233, #6745, #3531, #659, #4975 ) ) ;
#6873 = DIRECTION ( 'NONE',  ( -1.000000000000000000, 0.0000000000000000000, -0.0000000000000000000 ) ) ;
#6874 =( GEOMETRIC_REPRESENTATION_CONTEXT ( 3 ) GLOBAL_UNCERTAINTY_ASSIGNED_CONTEXT ( ( #5309 ) ) GLOBAL_UNIT_ASSIGNED_CONTEXT ( ( #1439, #6054, #2068 ) ) REPRESENTATION_CONTEXT ( 'NONE', 'WORKASPACE' ) );
#6875 = ORIENTED_EDGE ( 'NONE', *, *, #1826, .T. ) ;
#6876 = CARTESIAN_POINT ( 'NONE',  ( 1.800000000000000000, -1.299999999999999800, 0.6999999999999997300 ) ) ;
#6877 = DIRECTION ( 'NONE',  ( -1.000000000000000000, -0.0000000000000000000, -0.0000000000000000000 ) ) ;
#6878 = PLANE ( 'NONE',  #437 ) ;
#6879 = DIRECTION ( 'NONE',  ( -1.000000000000000000, -0.0000000000000000000, -0.0000000000000000000 ) ) ;
#6880 = DIRECTION ( 'NONE',  ( 0.0000000000000000000, 0.0000000000000000000, -1.000000000000000000 ) ) ;
#6881 = VERTEX_POINT ( 'NONE', #2335 ) ;
#6882 = LINE ( 'NONE', #2547, #3151 ) ;
#6883 = VERTEX_POINT ( 'NONE', #3653 ) ;
#6884 = EDGE_CURVE ( 'NONE', #4011, #7259, #7758, .T. ) ;
#6885 = LINE ( 'NONE', #5799, #1645 ) ;
#6886 =( NAMED_UNIT ( * ) PLANE_ANGLE_UNIT ( ) SI_UNIT ( $, .RADIAN. ) );
#6887 = AXIS2_PLACEMENT_3D ( 'NONE', #962, #2238, #6873 ) ;
#6888 = COLOUR_RGB ( '',1.000000000000000000, 1.000000000000000000, 1.000000000000000000 ) ;
#6889 = CARTESIAN_POINT ( 'NONE',  ( -0.6249999999999998900, 1.710000000000000200, 0.1270000000000002500 ) ) ;
#6890 = CARTESIAN_POINT ( 'NONE',  ( 1.575000000000000200, -1.710000000000000200, 0.1270000000000002200 ) ) ;
#6891 = DIRECTION ( 'NONE',  ( 0.0000000000000000000, -1.000000000000000000, -3.686287386450737200E-014 ) ) ;
#6892 = ADVANCED_FACE ( 'NONE', ( #2885 ), #1727, .F. ) ;
#6893 = EDGE_LOOP ( 'NONE', ( #2328, #1577, #6553, #4541, #2873, #6751, #8156, #7955, #7988, #5160 ) ) ;
#6894 =( NAMED_UNIT ( * ) SI_UNIT ( $, .STERADIAN. ) SOLID_ANGLE_UNIT ( ) );
#6895 = COLOUR_RGB ( '',1.000000000000000000, 1.000000000000000000, 1.000000000000000000 ) ;
#6896 = UNCERTAINTY_MEASURE_WITH_UNIT (LENGTH_MEASURE( 1.000000000000000100E-005 ), #61, 'distance_accuracy_value', 'NONE');
#6897 = CARTESIAN_POINT ( 'NONE',  ( 0.5750000000000001800, -2.000000000000000000, 2.439454888092385000E-016 ) ) ;
#6898 =( NAMED_UNIT ( * ) SI_UNIT ( $, .STERADIAN. ) SOLID_ANGLE_UNIT ( ) );
#6899 = AXIS2_PLACEMENT_3D ( 'NONE', #2290, #6854, #6297 ) ;
#6900 = ORIENTED_EDGE ( 'NONE', *, *, #4506, .F. ) ;
#6901 = VECTOR ( 'NONE', #2381, 1000.000000000000000 ) ;
#6902 = FILL_AREA_STYLE ('',( #2234 ) ) ;
#6903 = EDGE_LOOP ( 'NONE', ( #4897, #670, #2785, #1177 ) ) ;
#6904 = SURFACE_STYLE_USAGE ( .BOTH. , #2934 ) ;
#6905 = AXIS2_PLACEMENT_3D ( 'NONE', #3052, #7681, #3707 ) ;
#6906 = DIRECTION ( 'NONE',  ( -1.000000000000000000, 0.0000000000000000000, -0.0000000000000000000 ) ) ;
#6907 =( NAMED_UNIT ( * ) PLANE_ANGLE_UNIT ( ) SI_UNIT ( $, .RADIAN. ) );
#6908 = EDGE_CURVE ( 'NONE', #4304, #1848, #1171, .T. ) ;
#6909 = DIRECTION ( 'NONE',  ( -1.000000000000000000, -0.0000000000000000000, 0.0000000000000000000 ) ) ;
#6910 = CARTESIAN_POINT ( 'NONE',  ( 1.575000000000000200, -1.710000000000000200, 0.1270000000000002500 ) ) ;
#6911 = PRESENTATION_STYLE_ASSIGNMENT (( #3264 ) ) ;
#6912 = DIRECTION ( 'NONE',  ( 0.0000000000000000000, 0.1038294617367628000, 0.9945951150470496700 ) ) ;
#6913 = VERTEX_POINT ( 'NONE', #2364 ) ;
#6914 = DIRECTION ( 'NONE',  ( 1.000000000000000000, 0.0000000000000000000, 0.0000000000000000000 ) ) ;
#6915 = VECTOR ( 'NONE', #5824, 1000.000000000000000 ) ;
#6916 = MECHANICAL_DESIGN_GEOMETRIC_PRESENTATION_REPRESENTATION (  '', ( #5585 ), #7350 ) ;
#6917 = VERTEX_POINT ( 'NONE', #438 ) ;
#6918 = AXIS2_PLACEMENT_3D ( 'NONE', #5176, #1242, #5848 ) ;
#6919 = CARTESIAN_POINT ( 'NONE',  ( -1.800000000000000000, 1.300000000000000300, 0.7000000000000000700 ) ) ;
#6920 = FILL_AREA_STYLE_COLOUR ( '', #1910 ) ;
#6921 = EDGE_CURVE ( 'NONE', #5603, #6945, #7553, .T. ) ;
#6922 = CARTESIAN_POINT ( 'NONE',  ( -0.6249999999999998900, -1.710000000000000200, 0.1270000000000002200 ) ) ;
#6923 =( NAMED_UNIT ( * ) PLANE_ANGLE_UNIT ( ) SI_UNIT ( $, .RADIAN. ) );
#6924 = VERTEX_POINT ( 'NONE', #1088 ) ;
#6925 = DIRECTION ( 'NONE',  ( -0.0000000000000000000, 2.710505431213761100E-016, 1.000000000000000000 ) ) ;
#6926 = ORIENTED_EDGE ( 'NONE', *, *, #832, .F. ) ;
#6927 = STYLED_ITEM ( 'NONE', ( #636 ), #3089 ) ;
#6928 = VECTOR ( 'NONE', #1180, 1000.000000000000000 ) ;
#6929 = AXIS2_PLACEMENT_3D ( 'NONE', #8097, #4144, #220 ) ;
#6930 =( NAMED_UNIT ( * ) PLANE_ANGLE_UNIT ( ) SI_UNIT ( $, .RADIAN. ) );
#6931 = ORIENTED_EDGE ( 'NONE', *, *, #2266, .F. ) ;
#6932 = CARTESIAN_POINT ( 'NONE',  ( 1.075000000000000200, -1.500000000000000400, 0.4365000000000020500 ) ) ;
#6933 = VECTOR ( 'NONE', #876, 1000.000000000000000 ) ;
#6934 = DIRECTION ( 'NONE',  ( -0.0000000000000000000, 0.1038294617367628000, -0.9945951150470496700 ) ) ;
#6935 = EDGE_LOOP ( 'NONE', ( #8121, #1689, #6599, #2768 ) ) ;
#6936 = CARTESIAN_POINT ( 'NONE',  ( -0.4249999999999998200, 1.500000000000000000, 0.5635000000000020000 ) ) ;
#6937 =( NAMED_UNIT ( * ) SI_UNIT ( $, .STERADIAN. ) SOLID_ANGLE_UNIT ( ) );
#6938 = VERTEX_POINT ( 'NONE', #6353 ) ;
#6939 =( NAMED_UNIT ( * ) PLANE_ANGLE_UNIT ( ) SI_UNIT ( $, .RADIAN. ) );
#6940 = EDGE_CURVE ( 'NONE', #3909, #1832, #2687, .T. ) ;
#6941 = SURFACE_STYLE_USAGE ( .BOTH. , #2314 ) ;
#6942 = MECHANICAL_DESIGN_GEOMETRIC_PRESENTATION_REPRESENTATION (  '', ( #5614 ), #7387 ) ;
#6943 = FACE_OUTER_BOUND ( 'NONE', #798, .T. ) ;
#6944 = EDGE_LOOP ( 'NONE', ( #3030, #123, #7958, #4156, #1023, #662, #6264, #2921, #6656, #534 ) ) ;
#6945 = VERTEX_POINT ( 'NONE', #3049 ) ;
#6946 = PLANE ( 'NONE',  #3422 ) ;
#6947 = FACE_OUTER_BOUND ( 'NONE', #3666, .T. ) ;
#6948 = CARTESIAN_POINT ( 'NONE',  ( 1.575000000000000200, 1.710000000000000200, 0.1270000000000002200 ) ) ;
#6949 = FILL_AREA_STYLE ('',( #4302 ) ) ;
#6950 = UNCERTAINTY_MEASURE_WITH_UNIT (LENGTH_MEASURE( 1.000000000000000100E-005 ), #4044, 'distance_accuracy_value', 'NONE');
#6951 = SURFACE_STYLE_FILL_AREA ( #3683 ) ;
#6952 = DIRECTION ( 'NONE',  ( -1.000000000000000000, -0.0000000000000000000, -0.0000000000000000000 ) ) ;
#6953 = DIRECTION ( 'NONE',  ( 0.0000000000000000000, -3.686287386450737200E-014, 1.000000000000000000 ) ) ;
#6954 = AXIS2_PLACEMENT_3D ( 'NONE', #2444, #7059, #3100 ) ;
#6955 = VERTEX_POINT ( 'NONE', #7678 ) ;
#6956 = EDGE_LOOP ( 'NONE', ( #4609, #8357, #5508, #1191 ) ) ;
#6957 = CARTESIAN_POINT ( 'NONE',  ( -0.9249999999999998200, 2.000000000000000000, 0.1270000000000002500 ) ) ;
#6958 = CARTESIAN_POINT ( 'NONE',  ( 0.07500000000000019200, -1.500000000000000000, 0.5635000000000020000 ) ) ;
#6959 = AXIS2_PLACEMENT_3D ( 'NONE', #8326, #445, #480 ) ;
#6960 = VECTOR ( 'NONE', #4777, 1000.000000000000100 ) ;
#6961 = LINE ( 'NONE', #1555, #1715 ) ;
#6962 = CARTESIAN_POINT ( 'NONE',  ( -1.625000000000000000, -1.676313579610975200, 0.4496863416405709200 ) ) ;
#6963 = VERTEX_POINT ( 'NONE', #4403 ) ;
#6964 = ORIENTED_EDGE ( 'NONE', *, *, #362, .F. ) ;
#6965 = PRESENTATION_STYLE_ASSIGNMENT (( #2894 ) ) ;
#6966 = AXIS2_PLACEMENT_3D ( 'NONE', #5235, #1293, #5904 ) ;
#6967 = CYLINDRICAL_SURFACE ( 'NONE', #7661, 0.1269999999999999500 ) ;
#6968 = PLANE ( 'NONE',  #1143 ) ;
#6969 = CARTESIAN_POINT ( 'NONE',  ( -0.6249999999999998900, 1.710000000000000200, 0.1270000000000002500 ) ) ;
#6970 = LINE ( 'NONE', #7264, #3234 ) ;
#6971 =( LENGTH_UNIT ( ) NAMED_UNIT ( * ) SI_UNIT ( .MILLI., .METRE. ) );
#6972 = FILL_AREA_STYLE ('',( #8241 ) ) ;
#6973 = LINE ( 'NONE', #1372, #6766 ) ;
#6974 = EDGE_CURVE ( 'NONE', #6289, #2168, #2486, .T. ) ;
#6975 = PRESENTATION_LAYER_ASSIGNMENT (  '', '', ( #6527 ) ) ;
#6976 = ORIENTED_EDGE ( 'NONE', *, *, #7764, .F. ) ;
#6977 = DIRECTION ( 'NONE',  ( -1.000000000000000000, 0.0000000000000000000, 0.0000000000000000000 ) ) ;
#6978 = VERTEX_POINT ( 'NONE', #1117 ) ;
#6979 =( GEOMETRIC_REPRESENTATION_CONTEXT ( 3 ) GLOBAL_UNCERTAINTY_ASSIGNED_CONTEXT ( ( #3929 ) ) GLOBAL_UNIT_ASSIGNED_CONTEXT ( ( #1040, #735, #4643 ) ) REPRESENTATION_CONTEXT ( 'NONE', 'WORKASPACE' ) );
#6980 = SURFACE_STYLE_FILL_AREA ( #7470 ) ;
#6981 =( LENGTH_UNIT ( ) NAMED_UNIT ( * ) SI_UNIT ( .MILLI., .METRE. ) );
#6982 = EDGE_CURVE ( 'NONE', #918, #6855, #972, .T. ) ;
#6983 = ORIENTED_EDGE ( 'NONE', *, *, #3965, .T. ) ;
#6984 = COLOUR_RGB ( '',1.000000000000000000, 1.000000000000000000, 1.000000000000000000 ) ;
#6985 = DIRECTION ( 'NONE',  ( 0.0000000000000000000, 1.000000000000000000, 2.168404344971012800E-015 ) ) ;
#6986 = CARTESIAN_POINT ( 'NONE',  ( -0.4249999999999998200, -1.500000000000000000, 0.5635000000000020000 ) ) ;
#6987 = PRESENTATION_STYLE_ASSIGNMENT (( #5279 ) ) ;
#6988 = EDGE_CURVE ( 'NONE', #4877, #4503, #4027, .T. ) ;
#6989 =( GEOMETRIC_REPRESENTATION_CONTEXT ( 3 ) GLOBAL_UNCERTAINTY_ASSIGNED_CONTEXT ( ( #7799 ) ) GLOBAL_UNIT_ASSIGNED_CONTEXT ( ( #1339, #5951, #1976 ) ) REPRESENTATION_CONTEXT ( 'NONE', 'WORKASPACE' ) );
#6990 = DIRECTION ( 'NONE',  ( 0.0000000000000000000, -0.1038294617367628000, -0.9945951150470496700 ) ) ;
#6991 = VERTEX_POINT ( 'NONE', #470 ) ;
#6992 = DIRECTION ( 'NONE',  ( -1.000000000000000000, 0.0000000000000000000, -0.0000000000000000000 ) ) ;
#6993 = CARTESIAN_POINT ( 'NONE',  ( -1.800000000000000000, -1.299999999999999800, 0.6999999999999997300 ) ) ;
#6994 = DIRECTION ( 'NONE',  ( 0.0000000000000000000, -1.000000000000000000, -1.084202172485504400E-016 ) ) ;
#6995 = SURFACE_STYLE_USAGE ( .BOTH. , #2375 ) ;
#6996 = FILL_AREA_STYLE_COLOUR ( '', #1671 ) ;
#6997 = DIRECTION ( 'NONE',  ( -1.000000000000000000, -0.0000000000000000000, -0.0000000000000000000 ) ) ;
#6998 = PRESENTATION_LAYER_ASSIGNMENT (  '', '', ( #6132 ) ) ;
#6999 = SURFACE_SIDE_STYLE ('',( #7392 ) ) ;
#7000 = ORIENTED_EDGE ( 'NONE', *, *, #2057, .T. ) ;
#7001 = DIRECTION ( 'NONE',  ( -1.000000000000000000, -0.0000000000000000000, 0.0000000000000000000 ) ) ;
#7002 = STYLED_ITEM ( 'NONE', ( #5185 ), #4781 ) ;
#7003 = DIRECTION ( 'NONE',  ( -1.000000000000000000, -0.0000000000000000000, -0.0000000000000000000 ) ) ;
#7004 = UNCERTAINTY_MEASURE_WITH_UNIT (LENGTH_MEASURE( 1.000000000000000100E-005 ), #543, 'distance_accuracy_value', 'NONE');
#7005 = CARTESIAN_POINT ( 'NONE',  ( 0.3750000000000001100, -2.000000000000000000, 2.439454888092385000E-016 ) ) ;
#7006 = ORIENTED_EDGE ( 'NONE', *, *, #5708, .T. ) ;
#7007 =( NAMED_UNIT ( * ) PLANE_ANGLE_UNIT ( ) SI_UNIT ( $, .RADIAN. ) );
#7008 =( LENGTH_UNIT ( ) NAMED_UNIT ( * ) SI_UNIT ( .MILLI., .METRE. ) );
#7009 = CARTESIAN_POINT ( 'NONE',  ( 0.5750000000000001800, -1.550000000000000000, 0.5635000000000010000 ) ) ;
#7010 = FILL_AREA_STYLE_COLOUR ( '', #1911 ) ;
#7011 =( GEOMETRIC_REPRESENTATION_CONTEXT ( 3 ) GLOBAL_UNCERTAINTY_ASSIGNED_CONTEXT ( ( #5024 ) ) GLOBAL_UNIT_ASSIGNED_CONTEXT ( ( #6757, #2789, #7412 ) ) REPRESENTATION_CONTEXT ( 'NONE', 'WORKASPACE' ) );
#7012 = FACE_OUTER_BOUND ( 'NONE', #5811, .T. ) ;
#7013 = VECTOR ( 'NONE', #1231, 1000.000000000000000 ) ;
#7014 = CARTESIAN_POINT ( 'NONE',  ( 0.3750000000000001100, 1.710000000000000200, 0.1270000000000002500 ) ) ;
#7015 = EDGE_CURVE ( 'NONE', #2248, #1013, #5586, .T. ) ;
#7016 = CARTESIAN_POINT ( 'NONE',  ( -1.125000000000000000, -1.550000000000000000, 0.5635000000000010000 ) ) ;
#7017 =( NAMED_UNIT ( * ) PLANE_ANGLE_UNIT ( ) SI_UNIT ( $, .RADIAN. ) );
#7018 = SURFACE_STYLE_USAGE ( .BOTH. , #2400 ) ;
#7019 = PRESENTATION_LAYER_ASSIGNMENT (  '', '', ( #6158 ) ) ;
#7020 = ORIENTED_EDGE ( 'NONE', *, *, #1733, .F. ) ;
#7021 = AXIS2_PLACEMENT_3D ( 'NONE', #1620, #744, #6909 ) ;
#7022 = DIRECTION ( 'NONE',  ( -0.0000000000000000000, -1.000000000000000000, -0.0000000000000000000 ) ) ;
#7023 = COLOUR_RGB ( '',1.000000000000000000, 1.000000000000000000, 1.000000000000000000 ) ;
#7024 = CARTESIAN_POINT ( 'NONE',  ( 2.000000000000000000, 1.300000000000000300, 0.3000000000000000400 ) ) ;
#7025 = LINE ( 'NONE', #2167, #5075 ) ;
#7026 = EDGE_CURVE ( 'NONE', #6938, #7918, #3811, .T. ) ;
#7027 =( NAMED_UNIT ( * ) PLANE_ANGLE_UNIT ( ) SI_UNIT ( $, .RADIAN. ) );
#7028 = ORIENTED_EDGE ( 'NONE', *, *, #1420, .T. ) ;
#7029 =( NAMED_UNIT ( * ) PLANE_ANGLE_UNIT ( ) SI_UNIT ( $, .RADIAN. ) );
#7030 = ORIENTED_EDGE ( 'NONE', *, *, #5694, .F. ) ;
#7031 = LINE ( 'NONE', #7971, #1783 ) ;
#7032 = EDGE_CURVE ( 'NONE', #2405, #6841, #2060, .T. ) ;
#7033 =( NAMED_UNIT ( * ) SI_UNIT ( $, .STERADIAN. ) SOLID_ANGLE_UNIT ( ) );
#7034 = AXIS2_PLACEMENT_3D ( 'NONE', #5787, #1262, #7138 ) ;
#7035 = AXIS2_PLACEMENT_3D ( 'NONE', #3055, #7684, #3714 ) ;
#7036 = DIRECTION ( 'NONE',  ( 0.0000000000000000000, 0.0000000000000000000, 1.000000000000000000 ) ) ;
#7037 = VERTEX_POINT ( 'NONE', #3102 ) ;
#7038 = DIRECTION ( 'NONE',  ( 0.0000000000000000000, 0.0000000000000000000, 1.000000000000000000 ) ) ;
#7039 = FACE_OUTER_BOUND ( 'NONE', #6956, .T. ) ;
#7040 = DIRECTION ( 'NONE',  ( -1.000000000000000000, 0.0000000000000000000, -0.0000000000000000000 ) ) ;
#7041 = VERTEX_POINT ( 'NONE', #7730 ) ;
#7042 = ORIENTED_EDGE ( 'NONE', *, *, #7583, .T. ) ;
#7043 = VERTEX_POINT ( 'NONE', #4453 ) ;
#7044 = DIRECTION ( 'NONE',  ( -1.000000000000000000, -0.0000000000000000000, -0.0000000000000000000 ) ) ;
#7045 = PRESENTATION_STYLE_ASSIGNMENT (( #7097 ) ) ;
#7046 = EDGE_CURVE ( 'NONE', #648, #4375, #5385, .T. ) ;
#7047 = DIRECTION ( 'NONE',  ( 0.0000000000000000000, 0.0000000000000000000, -1.000000000000000000 ) ) ;
#7048 = MECHANICAL_DESIGN_GEOMETRIC_PRESENTATION_REPRESENTATION (  '', ( #6181 ), #7498 ) ;
#7049 = LINE ( 'NONE', #321, #1603 ) ;
#7050 = VERTEX_POINT ( 'NONE', #522 ) ;
#7051 = SURFACE_STYLE_FILL_AREA ( #921 ) ;
#7052 = CARTESIAN_POINT ( 'NONE',  ( 0.3750000000000001100, 1.500000000000000000, 0.5635000000000020000 ) ) ;
#7053 = FILL_AREA_STYLE_COLOUR ( '', #3287 ) ;
#7054 = DIRECTION ( 'NONE',  ( 0.0000000000000000000, 0.0000000000000000000, -1.000000000000000000 ) ) ;
#7055 = CARTESIAN_POINT ( 'NONE',  ( -0.1249999999999998900, -1.676313579610975200, 0.4496863416405709200 ) ) ;
#7056 = VECTOR ( 'NONE', #4601, 1000.000000000000000 ) ;
#7057 = ORIENTED_EDGE ( 'NONE', *, *, #2033, .T. ) ;
#7058 = STYLED_ITEM ( 'NONE', ( #7274 ), #5464 ) ;
#7059 = DIRECTION ( 'NONE',  ( 0.0000000000000000000, 1.000000000000000000, 0.0000000000000000000 ) ) ;
#7060 = VERTEX_POINT ( 'NONE', #3763 ) ;
#7061 =( GEOMETRIC_REPRESENTATION_CONTEXT ( 3 ) GLOBAL_UNCERTAINTY_ASSIGNED_CONTEXT ( ( #5283 ) ) GLOBAL_UNIT_ASSIGNED_CONTEXT ( ( #8171, #3540, #7513 ) ) REPRESENTATION_CONTEXT ( 'NONE', 'WORKASPACE' ) );
#7062 = COLOUR_RGB ( '',1.000000000000000000, 1.000000000000000000, 1.000000000000000000 ) ;
#7063 = VERTEX_POINT ( 'NONE', #6427 ) ;
#7064 = EDGE_CURVE ( 'NONE', #672, #6039, #3398, .T. ) ;
#7065 = VECTOR ( 'NONE', #3776, 1000.000000000000200 ) ;
#7066 = VERTEX_POINT ( 'NONE', #2477 ) ;
#7067 = ORIENTED_EDGE ( 'NONE', *, *, #5931, .T. ) ;
#7068 = SURFACE_SIDE_STYLE ('',( #4812 ) ) ;
#7069 = ADVANCED_FACE ( 'NONE', ( #5173 ), #8443, .F. ) ;
#7070 = SURFACE_STYLE_FILL_AREA ( #3777 ) ;
#7071 = LINE ( 'NONE', #1181, #3553 ) ;
#7072 = SURFACE_STYLE_USAGE ( .BOTH. , #2456 ) ;
#7073 = ORIENTED_EDGE ( 'NONE', *, *, #6542, .F. ) ;
#7074 = STYLED_ITEM ( 'NONE', ( #7655 ), #6843 ) ;
#7075 = MANIFOLD_SOLID_BREP ( 'Lead4', #2591 ) ;
#7076 = MECHANICAL_DESIGN_GEOMETRIC_PRESENTATION_REPRESENTATION (  '', ( #6207 ), #7524 ) ;
#7077 = SURFACE_STYLE_USAGE ( .BOTH. , #2458 ) ;
#7078 = EDGE_CURVE ( 'NONE', #5078, #1275, #3919, .T. ) ;
#7079 = SURFACE_STYLE_FILL_AREA ( #136 ) ;
#7080 = ORIENTED_EDGE ( 'NONE', *, *, #8101, .T. ) ;
#7081 = CARTESIAN_POINT ( 'NONE',  ( 1.075000000000000200, 2.000000000000000000, 2.439454888092385000E-016 ) ) ;
#7082 = DIRECTION ( 'NONE',  ( 0.0000000000000000000, 1.000000000000000000, -1.168321306557656000E-016 ) ) ;
#7083 =( LENGTH_UNIT ( ) NAMED_UNIT ( * ) SI_UNIT ( .MILLI., .METRE. ) );
#7084 = STYLED_ITEM ( 'NONE', ( #8145 ), #2941 ) ;
#7085 = CARTESIAN_POINT ( 'NONE',  ( -1.424999999999999800, 2.000000000000000000, 2.439454888092385000E-016 ) ) ;
#7086 =( NAMED_UNIT ( * ) SI_UNIT ( $, .STERADIAN. ) SOLID_ANGLE_UNIT ( ) );
#7087 = LINE ( 'NONE', #5546, #3570 ) ;
#7088 = VECTOR ( 'NONE', #4275, 1000.000000000000000 ) ;
#7089 = DIRECTION ( 'NONE',  ( -1.000000000000000000, -0.0000000000000000000, -0.0000000000000000000 ) ) ;
#7090 = CYLINDRICAL_SURFACE ( 'NONE', #3280, 0.1270000000000008600 ) ;
#7091 = DIRECTION ( 'NONE',  ( -1.000000000000000000, 0.0000000000000000000, 0.0000000000000000000 ) ) ;
#7092 = EDGE_CURVE ( 'NONE', #1259, #6165, #1066, .T. ) ;
#7093 = UNCERTAINTY_MEASURE_WITH_UNIT (LENGTH_MEASURE( 1.000000000000000100E-005 ), #266, 'distance_accuracy_value', 'NONE');
#7094 = CARTESIAN_POINT ( 'NONE',  ( 0.5750000000000001800, -1.676313579610975200, 0.4496863416405709200 ) ) ;
#7095 = LINE ( 'NONE', #1083, #6901 ) ;
#7096 = CARTESIAN_POINT ( 'NONE',  ( 1.075000000000000200, -1.500000000000000000, 0.5635000000000020000 ) ) ;
#7097 = SURFACE_STYLE_USAGE ( .BOTH. , #2487 ) ;
#7098 = FACE_OUTER_BOUND ( 'NONE', #7795, .T. ) ;
#7099 = UNCERTAINTY_MEASURE_WITH_UNIT (LENGTH_MEASURE( 1.000000000000000100E-005 ), #4328, 'distance_accuracy_value', 'NONE');
#7100 = CARTESIAN_POINT ( 'NONE',  ( 1.375000000000000200, -1.550000000000000000, 0.5635000000000010000 ) ) ;
#7101 = STYLED_ITEM ( 'NONE', ( #7960 ), #5169 ) ;
#7102 = ADVANCED_FACE ( 'NONE', ( #3705 ), #3846, .F. ) ;
#7103 = CARTESIAN_POINT ( 'NONE',  ( -1.125000000000000000, -1.500000000000000400, 0.4365000000000020500 ) ) ;
#7104 = ORIENTED_EDGE ( 'NONE', *, *, #2858, .T. ) ;
#7105 = ORIENTED_EDGE ( 'NONE', *, *, #5816, .F. ) ;
#7106 = CARTESIAN_POINT ( 'NONE',  ( -1.125000000000000000, -1.583686420389025100, 0.1138136583594313900 ) ) ;
#7107 = FACE_OUTER_BOUND ( 'NONE', #1137, .T. ) ;
#7108 = SURFACE_SIDE_STYLE ('',( #6744 ) ) ;
#7109 = CIRCLE ( 'NONE', #1245, 0.2000000000000000100 ) ;
#7110 = ORIENTED_EDGE ( 'NONE', *, *, #6519, .F. ) ;
#7111 = VECTOR ( 'NONE', #4515, 1000.000000000000000 ) ;
#7112 = CARTESIAN_POINT ( 'NONE',  ( 1.575000000000000200, 1.710000000000000200, 0.1270000000000002500 ) ) ;
#7113 = DIRECTION ( 'NONE',  ( 0.0000000000000000000, 1.168321306557656000E-016, 1.000000000000000000 ) ) ;
#7114 = DIRECTION ( 'NONE',  ( 0.0000000000000000000, -1.000000000000000000, 3.414809992080329100E-015 ) ) ;
#7115 = STYLED_ITEM ( 'NONE', ( #7045 ), #6378 ) ;
#7116 = ORIENTED_EDGE ( 'NONE', *, *, #1855, .T. ) ;
#7117 = CARTESIAN_POINT ( 'NONE',  ( 1.075000000000000200, -2.000000000000000000, 0.1270000000000002500 ) ) ;
#7118 = MECHANICAL_DESIGN_GEOMETRIC_PRESENTATION_REPRESENTATION (  '', ( #5362 ), #7579 ) ;
#7119 = EDGE_CURVE ( 'NONE', #7060, #2803, #6616, .T. ) ;
#7120 = DIRECTION ( 'NONE',  ( 0.0000000000000000000, 1.168321306557656000E-016, 1.000000000000000000 ) ) ;
#7121 = VECTOR ( 'NONE', #1796, 1000.000000000000000 ) ;
#7122 = ORIENTED_EDGE ( 'NONE', *, *, #104, .F. ) ;
#7123 = CARTESIAN_POINT ( 'NONE',  ( 0.5750000000000001800, 1.710000000000000200, 0.1270000000000002200 ) ) ;
#7124 = LINE ( 'NONE', #8084, #8488 ) ;
#7125 = SURFACE_STYLE_FILL_AREA ( #1421 ) ;
#7126 =( GEOMETRIC_REPRESENTATION_CONTEXT ( 3 ) GLOBAL_UNCERTAINTY_ASSIGNED_CONTEXT ( ( #5952 ) ) GLOBAL_UNIT_ASSIGNED_CONTEXT ( ( #5106, #1166, #5769 ) ) REPRESENTATION_CONTEXT ( 'NONE', 'WORKASPACE' ) );
#7127 = ORIENTED_EDGE ( 'NONE', *, *, #5201, .F. ) ;
#7128 = FILL_AREA_STYLE ('',( #7920 ) ) ;
#7129 = PRESENTATION_LAYER_ASSIGNMENT (  '', '', ( #6710 ) ) ;
#7130 = ORIENTED_EDGE ( 'NONE', *, *, #3910, .T. ) ;
#7131 = DIRECTION ( 'NONE',  ( -1.000000000000000000, 0.0000000000000000000, -0.0000000000000000000 ) ) ;
#7132 = EDGE_CURVE ( 'NONE', #781, #2049, #3087, .T. ) ;
#7133 = CARTESIAN_POINT ( 'NONE',  ( -1.424999999999999800, 1.710000000000000200, 0.1270000000000002500 ) ) ;
#7134 = SURFACE_STYLE_USAGE ( .BOTH. , #2527 ) ;
#7135 = EDGE_CURVE ( 'NONE', #1711, #5242, #4856, .T. ) ;
#7136 = DIRECTION ( 'NONE',  ( 0.0000000000000000000, -1.000000000000000000, 1.168321306557656000E-016 ) ) ;
#7137 = MECHANICAL_DESIGN_GEOMETRIC_PRESENTATION_REPRESENTATION (  '', ( #4947 ), #7602 ) ;
#7138 = DIRECTION ( 'NONE',  ( 0.0000000000000000000, -1.000000000000000000, -1.168321306557656000E-016 ) ) ;
#7139 = DIRECTION ( 'NONE',  ( -1.000000000000000000, 0.0000000000000000000, -0.0000000000000000000 ) ) ;
#7140 = ADVANCED_FACE ( 'NONE', ( #1158 ), #6545, .F. ) ;
#7141 = DIRECTION ( 'NONE',  ( 0.0000000000000000000, 1.084202172485504400E-015, -1.000000000000000000 ) ) ;
#7142 = UNCERTAINTY_MEASURE_WITH_UNIT (LENGTH_MEASURE( 1.000000000000000100E-005 ), #6754, 'distance_accuracy_value', 'NONE');
#7143 = FACE_OUTER_BOUND ( 'NONE', #36, .T. ) ;
#7144 = AXIS2_PLACEMENT_3D ( 'NONE', #5740, #1134, #5076 ) ;
#7145 = ORIENTED_EDGE ( 'NONE', *, *, #840, .F. ) ;
#7146 = FILL_AREA_STYLE ('',( #3169 ) ) ;
#7147 = CARTESIAN_POINT ( 'NONE',  ( 1.800000000000000000, -1.299999999999999800, 0.3000000000000000400 ) ) ;
#7148 = PRESENTATION_LAYER_ASSIGNMENT (  '', '', ( #6736 ) ) ;
#7149 = PRESENTATION_STYLE_ASSIGNMENT (( #837 ) ) ;
#7150 = ORIENTED_EDGE ( 'NONE', *, *, #115, .F. ) ;
#7151 = SURFACE_STYLE_FILL_AREA ( #2225 ) ;
#7152 = EDGE_LOOP ( 'NONE', ( #5383, #4823, #7559, #8479, #6900, #6111, #18, #643, #158, #4989 ) ) ;
#7153 = FILL_AREA_STYLE ('',( #4519 ) ) ;
#7154 = VECTOR ( 'NONE', #13, 1000.000000000000000 ) ;
#7155 = DIRECTION ( 'NONE',  ( -1.000000000000000000, -0.0000000000000000000, -0.0000000000000000000 ) ) ;
#7156 = ORIENTED_EDGE ( 'NONE', *, *, #1049, .T. ) ;
#7157 = FILL_AREA_STYLE ('',( #601 ) ) ;
#7158 = PRESENTATION_STYLE_ASSIGNMENT (( #1248 ) ) ;
#7159 = CIRCLE ( 'NONE', #864, 0.1269999999999999500 ) ;
#7160 = VERTEX_POINT ( 'NONE', #3247 ) ;
#7161 =( NAMED_UNIT ( * ) PLANE_ANGLE_UNIT ( ) SI_UNIT ( $, .RADIAN. ) );
#7162 = EDGE_LOOP ( 'NONE', ( #7205, #5980, #2928, #4155, #1954, #3284, #4031, #807, #4489, #7611 ) ) ;
#7163 = AXIS2_PLACEMENT_3D ( 'NONE', #3899, #8542, #4578 ) ;
#7164 = PRESENTATION_STYLE_ASSIGNMENT (( #3032 ) ) ;
#7165 = CARTESIAN_POINT ( 'NONE',  ( 1.375000000000000200, -1.550000000000000300, 0.4365000000000001100 ) ) ;
#7166 = STYLED_ITEM ( 'NONE', ( #6057 ), #995 ) ;
#7167 = FILL_AREA_STYLE ('',( #4531 ) ) ;
#7168 = ORIENTED_EDGE ( 'NONE', *, *, #7551, .T. ) ;
#7169 = CIRCLE ( 'NONE', #2900, 0.2000000000000000900 ) ;
#7170 = FACE_OUTER_BOUND ( 'NONE', #7650, .T. ) ;
#7171 = VERTEX_POINT ( 'NONE', #7229 ) ;
#7172 = EDGE_CURVE ( 'NONE', #484, #6289, #555, .T. ) ;
#7173 = CARTESIAN_POINT ( 'NONE',  ( -0.9249999999999998200, -1.500000000000000400, 0.4365000000000020500 ) ) ;
#7174 = CARTESIAN_POINT ( 'NONE',  ( -1.424999999999999800, -2.000000000000000000, 2.439454888092385000E-016 ) ) ;
#7175 = AXIS2_PLACEMENT_3D ( 'NONE', #3301, #7937, #3970 ) ;
#7176 = DIRECTION ( 'NONE',  ( 0.0000000000000000000, -1.000000000000000000, -1.168321306557656000E-016 ) ) ;
#7177 = MECHANICAL_DESIGN_GEOMETRIC_PRESENTATION_REPRESENTATION (  '', ( #5873 ), #7634 ) ;
#7178 = ADVANCED_FACE ( 'NONE', ( #2259 ), #3944, .F. ) ;
#7179 = CARTESIAN_POINT ( 'NONE',  ( 2.000000000000000000, 0.0000000000000000000, 0.0000000000000000000 ) ) ;
#7180 = FILL_AREA_STYLE ('',( #6525 ) ) ;
#7181 = VECTOR ( 'NONE', #6543, 1000.000000000000000 ) ;
#7182 = SURFACE_STYLE_USAGE ( .BOTH. , #2561 ) ;
#7183 = EDGE_CURVE ( 'NONE', #1064, #479, #4965, .T. ) ;
#7184 = CARTESIAN_POINT ( 'NONE',  ( 0.07500000000000019200, 1.500000000000000000, 0.5635000000000020000 ) ) ;
#7185 = PRESENTATION_STYLE_ASSIGNMENT (( #2966 ) ) ;
#7186 = CARTESIAN_POINT ( 'NONE',  ( -0.4249999999999998200, 1.500000000000000400, 0.4365000000000020500 ) ) ;
#7187 = VERTEX_POINT ( 'NONE', #4635 ) ;
#7188 = ADVANCED_FACE ( 'NONE', ( #1676 ), #725, .F. ) ;
#7189 = PLANE ( 'NONE',  #2130 ) ;
#7190 =( NAMED_UNIT ( * ) SI_UNIT ( $, .STERADIAN. ) SOLID_ANGLE_UNIT ( ) );
#7191 = CARTESIAN_POINT ( 'NONE',  ( 0.5750000000000001800, -1.710000000000000200, 0.1270000000000002500 ) ) ;
#7192 = DIRECTION ( 'NONE',  ( -1.000000000000000000, 0.0000000000000000000, -0.0000000000000000000 ) ) ;
#7193 = AXIS2_PLACEMENT_3D ( 'NONE', #5900, #5600, #6072 ) ;
#7194 = MECHANICAL_DESIGN_GEOMETRIC_PRESENTATION_REPRESENTATION (  '', ( #5888 ), #7648 ) ;
#7195 =( LENGTH_UNIT ( ) NAMED_UNIT ( * ) SI_UNIT ( .MILLI., .METRE. ) );
#7196 = VERTEX_POINT ( 'NONE', #84 ) ;
#7197 = VECTOR ( 'NONE', #3154, 1000.000000000000000 ) ;
#7198 = DIRECTION ( 'NONE',  ( -0.0000000000000000000, -0.0000000000000000000, 1.000000000000000000 ) ) ;
#7199 = UNCERTAINTY_MEASURE_WITH_UNIT (LENGTH_MEASURE( 1.000000000000000100E-005 ), #7258, 'distance_accuracy_value', 'NONE');
#7200 = FACE_OUTER_BOUND ( 'NONE', #2637, .T. ) ;
#7201 = FILL_AREA_STYLE_COLOUR ( '', #2877 ) ;
#7202 = PRESENTATION_STYLE_ASSIGNMENT (( #1933 ) ) ;
#7203 =( LENGTH_UNIT ( ) NAMED_UNIT ( * ) SI_UNIT ( .MILLI., .METRE. ) );
#7204 = EDGE_CURVE ( 'NONE', #1550, #2759, #2564, .T. ) ;
#7205 = ORIENTED_EDGE ( 'NONE', *, *, #1518, .T. ) ;
#7206 = STYLED_ITEM ( 'NONE', ( #3443 ), #4170 ) ;
#7207 = LINE ( 'NONE', #3967, #2141 ) ;
#7208 = FILL_AREA_STYLE_COLOUR ( '', #8500 ) ;
#7209 = DIRECTION ( 'NONE',  ( 0.0000000000000000000, 1.000000000000000000, -3.686287386450737200E-014 ) ) ;
#7210 = COLOUR_RGB ( '',1.000000000000000000, 1.000000000000000000, 1.000000000000000000 ) ;
#7211 = SURFACE_STYLE_FILL_AREA ( #6685 ) ;
#7212 = DIRECTION ( 'NONE',  ( -0.0000000000000000000, 2.710505431213761100E-016, 1.000000000000000000 ) ) ;
#7213 = CARTESIAN_POINT ( 'NONE',  ( 0.5750000000000001800, 1.676313579610975200, 0.4496863416405709200 ) ) ;
#7214 = CARTESIAN_POINT ( 'NONE',  ( 1.075000000000000200, -1.710000000000000200, 0.1270000000000002200 ) ) ;
#7215 = VERTEX_POINT ( 'NONE', #6671 ) ;
#7216 = DIRECTION ( 'NONE',  ( -0.0000000000000000000, -1.000000000000000000, 2.168404344971012800E-015 ) ) ;
#7217 = PRESENTATION_STYLE_ASSIGNMENT (( #6370 ) ) ;
#7218 = ORIENTED_EDGE ( 'NONE', *, *, #928, .F. ) ;
#7219 = MECHANICAL_DESIGN_GEOMETRIC_PRESENTATION_REPRESENTATION (  '', ( #6349 ), #7672 ) ;
#7220 = CARTESIAN_POINT ( 'NONE',  ( 1.575000000000000200, -1.500000000000000000, 0.5635000000000020000 ) ) ;
#7221 = PRESENTATION_STYLE_ASSIGNMENT (( #7018 ) ) ;
#7222 = CARTESIAN_POINT ( 'NONE',  ( -1.125000000000000000, 1.676313579610975200, 0.4496863416405709200 ) ) ;
#7223 = MECHANICAL_DESIGN_GEOMETRIC_PRESENTATION_REPRESENTATION (  '', ( #5917 ), #7676 ) ;
#7224 = VECTOR ( 'NONE', #3186, 1000.000000000000000 ) ;
#7225 = ORIENTED_EDGE ( 'NONE', *, *, #4, .F. ) ;
#7226 = VECTOR ( 'NONE', #6219, 1000.000000000000000 ) ;
#7227 = CYLINDRICAL_SURFACE ( 'NONE', #5929, 0.1269999999999999500 ) ;
#7228 = VERTEX_POINT ( 'NONE', #7310 ) ;
#7229 = CARTESIAN_POINT ( 'NONE',  ( 0.3750000000000001100, 1.550000000000000000, 0.5635000000000010000 ) ) ;
#7230 =( GEOMETRIC_REPRESENTATION_CONTEXT ( 3 ) GLOBAL_UNCERTAINTY_ASSIGNED_CONTEXT ( ( #2863 ) ) GLOBAL_UNIT_ASSIGNED_CONTEXT ( ( #7396, #3424, #8059 ) ) REPRESENTATION_CONTEXT ( 'NONE', 'WORKASPACE' ) );
#7231 = DIRECTION ( 'NONE',  ( 1.000000000000000000, 0.0000000000000000000, -0.0000000000000000000 ) ) ;
#7232 = ORIENTED_EDGE ( 'NONE', *, *, #7431, .F. ) ;
#7233 = AXIS2_PLACEMENT_3D ( 'NONE', #4785, #4147, #222 ) ;
#7234 = ADVANCED_FACE ( 'NONE', ( #865 ), #4026, .F. ) ;
#7235 = EDGE_CURVE ( 'NONE', #2675, #2168, #5264, .T. ) ;
#7236 =( NAMED_UNIT ( * ) SI_UNIT ( $, .STERADIAN. ) SOLID_ANGLE_UNIT ( ) );
#7237 = COLOUR_RGB ( '',1.000000000000000000, 1.000000000000000000, 1.000000000000000000 ) ;
#7238 =( NAMED_UNIT ( * ) SI_UNIT ( $, .STERADIAN. ) SOLID_ANGLE_UNIT ( ) );
#7239 = CARTESIAN_POINT ( 'NONE',  ( 0.07500000000000019200, -1.710000000000000200, 2.710505431213761100E-016 ) ) ;
#7240 = FACE_OUTER_BOUND ( 'NONE', #4768, .T. ) ;
#7241 = PLANE ( 'NONE',  #3950 ) ;
#7242 =( NAMED_UNIT ( * ) SI_UNIT ( $, .STERADIAN. ) SOLID_ANGLE_UNIT ( ) );
#7243 = LINE ( 'NONE', #4412, #5499 ) ;
#7244 = SURFACE_SIDE_STYLE ('',( #5730 ) ) ;
#7245 = ORIENTED_EDGE ( 'NONE', *, *, #289, .T. ) ;
#7246 =( NAMED_UNIT ( * ) SI_UNIT ( $, .STERADIAN. ) SOLID_ANGLE_UNIT ( ) );
#7247 = DIRECTION ( 'NONE',  ( -1.000000000000000000, 0.0000000000000000000, -0.0000000000000000000 ) ) ;
#7248 = EDGE_LOOP ( 'NONE', ( #4758, #4491, #8294, #5167 ) ) ;
#7249 = DIRECTION ( 'NONE',  ( 0.0000000000000000000, -1.168321306557656000E-016, 1.000000000000000000 ) ) ;
#7250 = EDGE_CURVE ( 'NONE', #4145, #648, #1948, .T. ) ;
#7251 = DIRECTION ( 'NONE',  ( 0.0000000000000000000, 0.9945951150470497800, -0.1038294617367629000 ) ) ;
#7252 = PRESENTATION_LAYER_ASSIGNMENT (  '', '', ( #6380 ) ) ;
#7253 = CARTESIAN_POINT ( 'NONE',  ( 1.375000000000000200, -1.583686420389025100, 0.1138136583594313900 ) ) ;
#7254 = UNCERTAINTY_MEASURE_WITH_UNIT (LENGTH_MEASURE( 1.000000000000000100E-005 ), #434, 'distance_accuracy_value', 'NONE');
#7255 = ORIENTED_EDGE ( 'NONE', *, *, #5061, .F. ) ;
#7256 = ORIENTED_EDGE ( 'NONE', *, *, #5270, .T. ) ;
#7257 = ORIENTED_EDGE ( 'NONE', *, *, #3642, .F. ) ;
#7258 =( LENGTH_UNIT ( ) NAMED_UNIT ( * ) SI_UNIT ( .MILLI., .METRE. ) );
#7259 = VERTEX_POINT ( 'NONE', #1459 ) ;
#7260 = VERTEX_POINT ( 'NONE', #8025 ) ;
#7261 = CARTESIAN_POINT ( 'NONE',  ( 0.07500000000000019200, -1.710000000000000200, 2.710505431213761100E-016 ) ) ;
#7262 = MECHANICAL_DESIGN_GEOMETRIC_PRESENTATION_REPRESENTATION (  '', ( #5961 ), #7722 ) ;
#7263 = ORIENTED_EDGE ( 'NONE', *, *, #3312, .T. ) ;
#7264 = CARTESIAN_POINT ( 'NONE',  ( -0.9249999999999998200, 2.000000000000000000, 0.1270000000000002500 ) ) ;
#7265 = ORIENTED_EDGE ( 'NONE', *, *, #5252, .F. ) ;
#7266 = DIRECTION ( 'NONE',  ( -0.0000000000000000000, 0.1038294617367628000, -0.9945951150470496700 ) ) ;
#7267 = VECTOR ( 'NONE', #1787, 1000.000000000000100 ) ;
#7268 = CYLINDRICAL_SURFACE ( 'NONE', #4085, 0.1270000000000008600 ) ;
#7269 = FILL_AREA_STYLE_COLOUR ( '', #3372 ) ;
#7270 = ADVANCED_FACE ( 'NONE', ( #7012 ), #6075, .T. ) ;
#7271 = PLANE ( 'NONE',  #7902 ) ;
#7272 = DIRECTION ( 'NONE',  ( -1.000000000000000000, -0.0000000000000000000, -0.0000000000000000000 ) ) ;
#7273 = DIRECTION ( 'NONE',  ( -1.000000000000000000, 0.0000000000000000000, -0.0000000000000000000 ) ) ;
#7274 = PRESENTATION_STYLE_ASSIGNMENT (( #814 ) ) ;
#7275 = PRESENTATION_STYLE_ASSIGNMENT (( #3482 ) ) ;
#7276 = ORIENTED_EDGE ( 'NONE', *, *, #4219, .T. ) ;
#7277 = PRESENTATION_LAYER_ASSIGNMENT (  '', '', ( #6842 ) ) ;
#7278 = VECTOR ( 'NONE', #5108, 1000.000000000000000 ) ;
#7279 =( NAMED_UNIT ( * ) SI_UNIT ( $, .STERADIAN. ) SOLID_ANGLE_UNIT ( ) );
#7280 = PRESENTATION_LAYER_ASSIGNMENT (  '', '', ( #6399 ) ) ;
#7281 = CARTESIAN_POINT ( 'NONE',  ( 1.575000000000000200, 1.676313579610975200, 0.4496863416405709200 ) ) ;
#7282 =( LENGTH_UNIT ( ) NAMED_UNIT ( * ) SI_UNIT ( .MILLI., .METRE. ) );
#7283 = EDGE_CURVE ( 'NONE', #6649, #5090, #7947, .T. ) ;
#7284 =( LENGTH_UNIT ( ) NAMED_UNIT ( * ) SI_UNIT ( .MILLI., .METRE. ) );
#7285 = FACE_OUTER_BOUND ( 'NONE', #4508, .T. ) ;
#7286 = ORIENTED_EDGE ( 'NONE', *, *, #1124, .T. ) ;
#7287 = CARTESIAN_POINT ( 'NONE',  ( -1.625000000000000000, 1.710000000000000200, 0.1270000000000002200 ) ) ;
#7288 =( GEOMETRIC_REPRESENTATION_CONTEXT ( 3 ) GLOBAL_UNCERTAINTY_ASSIGNED_CONTEXT ( ( #4033 ) ) GLOBAL_UNIT_ASSIGNED_CONTEXT ( ( #5592, #1661, #6271 ) ) REPRESENTATION_CONTEXT ( 'NONE', 'WORKASPACE' ) );
#7289 = VECTOR ( 'NONE', #6014, 1000.000000000000000 ) ;
#7290 = MECHANICAL_DESIGN_GEOMETRIC_PRESENTATION_REPRESENTATION (  '', ( #5982 ), #7749 ) ;
#7291 = FACE_OUTER_BOUND ( 'NONE', #2286, .T. ) ;
#7292 = ORIENTED_EDGE ( 'NONE', *, *, #4692, .F. ) ;
#7293 = CARTESIAN_POINT ( 'NONE',  ( 2.000000000000000000, -1.299999999999999800, 0.8999999999999998000 ) ) ;
#7294 = COLOUR_RGB ( '',1.000000000000000000, 1.000000000000000000, 1.000000000000000000 ) ;
#7295 =( NAMED_UNIT ( * ) SI_UNIT ( $, .STERADIAN. ) SOLID_ANGLE_UNIT ( ) );
#7296 = EDGE_CURVE ( 'NONE', #3325, #7063, #1148, .T. ) ;
#7297 = CARTESIAN_POINT ( 'NONE',  ( 1.375000000000000200, 1.710000000000000200, 0.1270000000000002500 ) ) ;
#7298 =( NAMED_UNIT ( * ) SI_UNIT ( $, .STERADIAN. ) SOLID_ANGLE_UNIT ( ) );
#7299 =( NAMED_UNIT ( * ) SI_UNIT ( $, .STERADIAN. ) SOLID_ANGLE_UNIT ( ) );
#7300 =( NAMED_UNIT ( * ) SI_UNIT ( $, .STERADIAN. ) SOLID_ANGLE_UNIT ( ) );
#7301 = EDGE_CURVE ( 'NONE', #1848, #1259, #6202, .T. ) ;
#7302 = LINE ( 'NONE', #8519, #5554 ) ;
#7303 = DIRECTION ( 'NONE',  ( -1.000000000000000000, 0.0000000000000000000, -0.0000000000000000000 ) ) ;
#7304 = SURFACE_STYLE_FILL_AREA ( #4084 ) ;
#7305 = MECHANICAL_DESIGN_GEOMETRIC_PRESENTATION_REPRESENTATION (  '', ( #5537 ), #7765 ) ;
#7306 =( LENGTH_UNIT ( ) NAMED_UNIT ( * ) SI_UNIT ( .MILLI., .METRE. ) );
#7307 = VERTEX_POINT ( 'NONE', #3448 ) ;
#7308 = PLANE ( 'NONE',  #1095 ) ;
#7309 = VERTEX_POINT ( 'NONE', #206 ) ;
#7310 = CARTESIAN_POINT ( 'NONE',  ( 0.3750000000000001100, 1.676313579610975200, 0.4496863416405709200 ) ) ;
#7311 = VECTOR ( 'NONE', #546, 1000.000000000000000 ) ;
#7312 = DIRECTION ( 'NONE',  ( -0.0000000000000000000, 1.000000000000000000, 1.084202172485504400E-016 ) ) ;
#7313 = ADVANCED_FACE ( 'NONE', ( #2466 ), #1519, .F. ) ;
#7314 = VECTOR ( 'NONE', #567, 1000.000000000000000 ) ;
#7315 = EDGE_CURVE ( 'NONE', #6165, #1575, #3593, .T. ) ;
#7316 = PRESENTATION_LAYER_ASSIGNMENT (  '', '', ( #6436 ) ) ;
#7317 =( LENGTH_UNIT ( ) NAMED_UNIT ( * ) SI_UNIT ( .MILLI., .METRE. ) );
#7318 = CLOSED_SHELL ( 'NONE', ( #2241, #7810, #1944, #6734, #2052, #6412, #4685, #1950, #2161, #5215, #3528, #6173, #4484, #1373, #6258, #6580, #1870, #129, #615, #920, #1993, #3430, #793, #1210, #6130, #6806, #1288, #3077, #6500, #1163, #318, #6548, #5780, #2602, #8148, #709, #3913, #5165 ) ) ;
#7319 = VECTOR ( 'NONE', #27, 1000.000000000000000 ) ;
#7320 = CARTESIAN_POINT ( 'NONE',  ( 1.075000000000000200, 1.583686420389025100, 0.1138136583594313900 ) ) ;
#7321 = VECTOR ( 'NONE', #2257, 1000.000000000000000 ) ;
#7322 = VERTEX_POINT ( 'NONE', #6157 ) ;
#7323 = FILL_AREA_STYLE ('',( #4678 ) ) ;
#7324 = VECTOR ( 'NONE', #4999, 1000.000000000000000 ) ;
#7325 = VECTOR ( 'NONE', #2945, 1000.000000000000000 ) ;
#7326 = FILL_AREA_STYLE_COLOUR ( '', #5724 ) ;
#7327 = ORIENTED_EDGE ( 'NONE', *, *, #7172, .T. ) ;
#7328 = FILL_AREA_STYLE ('',( #4040 ) ) ;
#7330 = DIRECTION ( 'NONE',  ( 1.000000000000000000, 0.0000000000000000000, 0.0000000000000000000 ) ) ;
#7329 = VECTOR ( 'NONE', #7705, 1000.000000000000000 ) ;
#7331 = FILL_AREA_STYLE ('',( #6688 ) ) ;
#7332 = CARTESIAN_POINT ( 'NONE',  ( 1.075000000000000200, 1.710000000000000200, 0.1270000000000002500 ) ) ;
#7333 = ADVANCED_FACE ( 'NONE', ( #1849 ), #871, .F. ) ;
#7334 = AXIS2_PLACEMENT_3D ( 'NONE', #6948, #3639, #8276 ) ;
#7335 = VERTEX_POINT ( 'NONE', #2842 ) ;
#7336 = CARTESIAN_POINT ( 'NONE',  ( 1.075000000000000200, -1.710000000000000200, 0.1270000000000002500 ) ) ;
#7337 = AXIS2_PLACEMENT_3D ( 'NONE', #5098, #7651, #6304 ) ;
#7338 = LINE ( 'NONE', #2663, #3814 ) ;
#7339 =( NAMED_UNIT ( * ) SI_UNIT ( $, .STERADIAN. ) SOLID_ANGLE_UNIT ( ) );
#7340 = ORIENTED_EDGE ( 'NONE', *, *, #4693, .T. ) ;
#7341 = EDGE_CURVE ( 'NONE', #676, #924, #3088, .T. ) ;
#7342 = ORIENTED_EDGE ( 'NONE', *, *, #3439, .F. ) ;
#7343 = ORIENTED_EDGE ( 'NONE', *, *, #7638, .T. ) ;
#7344 = SURFACE_STYLE_FILL_AREA ( #4797 ) ;
#7345 = CARTESIAN_POINT ( 'NONE',  ( -0.9249999999999998200, 1.710000000000000200, 0.1270000000000002200 ) ) ;
#7346 = ORIENTED_EDGE ( 'NONE', *, *, #3974, .F. ) ;
#7347 = DIRECTION ( 'NONE',  ( 1.000000000000000000, 0.0000000000000000000, 0.0000000000000000000 ) ) ;
#7348 = VECTOR ( 'NONE', #3095, 1000.000000000000000 ) ;
#7349 = DIRECTION ( 'NONE',  ( 0.0000000000000000000, 3.414809992080329100E-015, 1.000000000000000000 ) ) ;
#7350 =( GEOMETRIC_REPRESENTATION_CONTEXT ( 3 ) GLOBAL_UNCERTAINTY_ASSIGNED_CONTEXT ( ( #4314 ) ) GLOBAL_UNIT_ASSIGNED_CONTEXT ( ( #5166, #1232, #5840 ) ) REPRESENTATION_CONTEXT ( 'NONE', 'WORKASPACE' ) );
#7351 = ORIENTED_EDGE ( 'NONE', *, *, #4945, .F. ) ;
#7352 = ORIENTED_EDGE ( 'NONE', *, *, #425, .F. ) ;
#7353 = EDGE_LOOP ( 'NONE', ( #6058, #4043, #3964, #8095 ) ) ;
#7354 = DIRECTION ( 'NONE',  ( 1.000000000000000000, 0.0000000000000000000, -0.0000000000000000000 ) ) ;
#7355 = AXIS2_PLACEMENT_3D ( 'NONE', #5152, #5820, #1856 ) ;
#7356 = PLANE ( 'NONE',  #1308 ) ;
#7357 = CARTESIAN_POINT ( 'NONE',  ( 1.575000000000000200, -1.583686420389025100, 0.1138136583594313900 ) ) ;
#7358 = EDGE_CURVE ( 'NONE', #862, #3402, #1365, .T. ) ;
#7359 = ORIENTED_EDGE ( 'NONE', *, *, #715, .T. ) ;
#7360 = ORIENTED_EDGE ( 'NONE', *, *, #2446, .T. ) ;
#7361 = CARTESIAN_POINT ( 'NONE',  ( -1.125000000000000000, 1.710000000000000200, 0.1270000000000002500 ) ) ;
#7362 = EDGE_LOOP ( 'NONE', ( #1360, #1822, #6128, #8377 ) ) ;
#7363 = PRESENTATION_STYLE_ASSIGNMENT (( #4952 ) ) ;
#7364 = ORIENTED_EDGE ( 'NONE', *, *, #7204, .F. ) ;
#7365 = DIRECTION ( 'NONE',  ( -1.000000000000000000, 0.0000000000000000000, 0.0000000000000000000 ) ) ;
#7366 = SURFACE_STYLE_USAGE ( .BOTH. , #3396 ) ;
#7367 = AXIS2_PLACEMENT_3D ( 'NONE', #4753, #1395, #6695 ) ;
#7368 = VECTOR ( 'NONE', #3432, 1000.000000000000000 ) ;
#7369 = CARTESIAN_POINT ( 'NONE',  ( -0.9249999999999998200, -1.676313579610975200, 0.4496863416405709200 ) ) ;
#7370 = AXIS2_PLACEMENT_3D ( 'NONE', #6746, #2778, #7404 ) ;
#7371 = ADVANCED_FACE ( 'NONE', ( #2879 ), #2860, .F. ) ;
#7372 = CARTESIAN_POINT ( 'NONE',  ( 0.8750000000000001100, 1.583686420389025100, 0.1138136583594313900 ) ) ;
#7373 = ORIENTED_EDGE ( 'NONE', *, *, #6630, .T. ) ;
#7374 = FILL_AREA_STYLE_COLOUR ( '', #320 ) ;
#7375 = VERTEX_POINT ( 'NONE', #5523 ) ;
#7376 = VECTOR ( 'NONE', #4720, 1000.000000000000000 ) ;
#7377 = VECTOR ( 'NONE', #2844, 1000.000000000000000 ) ;
#7378 = ORIENTED_EDGE ( 'NONE', *, *, #6884, .T. ) ;
#7379 = CARTESIAN_POINT ( 'NONE',  ( -0.4249999999999998200, -1.500000000000000000, 0.5635000000000020000 ) ) ;
#7380 = UNCERTAINTY_MEASURE_WITH_UNIT (LENGTH_MEASURE( 1.000000000000000100E-005 ), #2726, 'distance_accuracy_value', 'NONE');
#7381 = DIRECTION ( 'NONE',  ( 0.0000000000000000000, -1.000000000000000000, 1.168321306557656000E-016 ) ) ;
#7382 = ORIENTED_EDGE ( 'NONE', *, *, #1937, .F. ) ;
#7383 = VECTOR ( 'NONE', #1295, 1000.000000000000000 ) ;
#7384 = VERTEX_POINT ( 'NONE', #4903 ) ;
#7385 = EDGE_CURVE ( 'NONE', #2542, #6221, #4018, .T. ) ;
#7386 = CARTESIAN_POINT ( 'NONE',  ( 1.075000000000000200, -2.000000000000000000, 2.439454888092385000E-016 ) ) ;
#7387 =( GEOMETRIC_REPRESENTATION_CONTEXT ( 3 ) GLOBAL_UNCERTAINTY_ASSIGNED_CONTEXT ( ( #6518 ) ) GLOBAL_UNIT_ASSIGNED_CONTEXT ( ( #8363, #4415, #486 ) ) REPRESENTATION_CONTEXT ( 'NONE', 'WORKASPACE' ) );
#7388 = VECTOR ( 'NONE', #7131, 1000.000000000000000 ) ;
#7389 = SURFACE_SIDE_STYLE ('',( #25 ) ) ;
#7390 = VERTEX_POINT ( 'NONE', #7499 ) ;
#7391 =( LENGTH_UNIT ( ) NAMED_UNIT ( * ) SI_UNIT ( .MILLI., .METRE. ) );
#7392 = SURFACE_STYLE_FILL_AREA ( #2378 ) ;
#7393 = CARTESIAN_POINT ( 'NONE',  ( 0.07500000000000019200, -1.676313579610975200, 0.4496863416405709200 ) ) ;
#7394 = VECTOR ( 'NONE', #412, 1000.000000000000000 ) ;
#7395 = ORIENTED_EDGE ( 'NONE', *, *, #3601, .F. ) ;
#7396 =( LENGTH_UNIT ( ) NAMED_UNIT ( * ) SI_UNIT ( .MILLI., .METRE. ) );
#7397 = AXIS2_PLACEMENT_3D ( 'NONE', #2385, #3069, #7702 ) ;
#7398 =( NAMED_UNIT ( * ) SI_UNIT ( $, .STERADIAN. ) SOLID_ANGLE_UNIT ( ) );
#7399 = MECHANICAL_DESIGN_GEOMETRIC_PRESENTATION_REPRESENTATION (  '', ( #6504 ), #7834 ) ;
#7400 = LINE ( 'NONE', #6932, #620 ) ;
#7401 = CARTESIAN_POINT ( 'NONE',  ( 1.575000000000000200, 1.500000000000000000, 0.5635000000000020000 ) ) ;
#7402 = PLANE ( 'NONE',  #4630 ) ;
#7403 = VECTOR ( 'NONE', #1113, 1000.000000000000000 ) ;
#7404 = DIRECTION ( 'NONE',  ( -1.000000000000000000, -0.0000000000000000000, 0.0000000000000000000 ) ) ;
#7405 = LINE ( 'NONE', #2579, #7181 ) ;
#7406 = STYLED_ITEM ( 'NONE', ( #1875 ), #6476 ) ;
#7407 = PRESENTATION_STYLE_ASSIGNMENT (( #3702 ) ) ;
#7408 = VECTOR ( 'NONE', #3927, 1000.000000000000000 ) ;
#7409 = AXIS2_PLACEMENT_3D ( 'NONE', #5946, #1970, #6603 ) ;
#7410 =( NAMED_UNIT ( * ) SI_UNIT ( $, .STERADIAN. ) SOLID_ANGLE_UNIT ( ) );
#7411 = EDGE_CURVE ( 'NONE', #5986, #8062, #2261, .T. ) ;
#7412 =( NAMED_UNIT ( * ) SI_UNIT ( $, .STERADIAN. ) SOLID_ANGLE_UNIT ( ) );
#7413 = ADVANCED_FACE ( 'NONE', ( #558 ), #7556, .T. ) ;
#7414 = FACE_OUTER_BOUND ( 'NONE', #3225, .T. ) ;
#7415 = ORIENTED_EDGE ( 'NONE', *, *, #3300, .T. ) ;
#7416 = LINE ( 'NONE', #5145, #7197 ) ;
#7417 = DIRECTION ( 'NONE',  ( 0.0000000000000000000, -1.000000000000000000, 0.0000000000000000000 ) ) ;
#7418 = LINE ( 'NONE', #4834, #2356 ) ;
#7419 = MECHANICAL_DESIGN_GEOMETRIC_PRESENTATION_REPRESENTATION (  '', ( #6527 ), #7855 ) ;
#7420 = PLANE ( 'NONE',  #2643 ) ;
#7421 = EDGE_LOOP ( 'NONE', ( #6200, #4065, #4140, #8130 ) ) ;
#7422 = VERTEX_POINT ( 'NONE', #2923 ) ;
#7423 = EDGE_CURVE ( 'NONE', #8112, #5800, #4969, .T. ) ;
#7424 = ORIENTED_EDGE ( 'NONE', *, *, #1899, .T. ) ;
#7425 = UNCERTAINTY_MEASURE_WITH_UNIT (LENGTH_MEASURE( 1.000000000000000100E-005 ), #3598, 'distance_accuracy_value', 'NONE');
#7426 = VECTOR ( 'NONE', #5916, 1000.000000000000000 ) ;
#7427 = DIRECTION ( 'NONE',  ( 0.0000000000000000000, -0.1038294617367628000, -0.9945951150470496700 ) ) ;
#7428 = FILL_AREA_STYLE_COLOUR ( '', #5935 ) ;
#7429 = VECTOR ( 'NONE', #2656, 1000.000000000000000 ) ;
#7430 = PLANE ( 'NONE',  #1887 ) ;
#7431 = EDGE_CURVE ( 'NONE', #6152, #2594, #3187, .T. ) ;
#7432 = EDGE_LOOP ( 'NONE', ( #1376, #3968, #7225, #3519, #7518, #1206, #178, #8347, #7485, #6853 ) ) ;
#7433 = CARTESIAN_POINT ( 'NONE',  ( 1.800000000000000000, -1.299999999999999800, 0.6999999999999997300 ) ) ;
#7434 = CIRCLE ( 'NONE', #1828, 0.1269999999999999500 ) ;
#7435 = EDGE_LOOP ( 'NONE', ( #2557, #4149, #5208, #4296 ) ) ;
#7436 = VECTOR ( 'NONE', #5699, 1000.000000000000000 ) ;
#7437 = SURFACE_SIDE_STYLE ('',( #5855 ) ) ;
#7438 = ORIENTED_EDGE ( 'NONE', *, *, #326, .T. ) ;
#7439 =( NAMED_UNIT ( * ) PLANE_ANGLE_UNIT ( ) SI_UNIT ( $, .RADIAN. ) );
#7440 = SURFACE_STYLE_USAGE ( .BOTH. , #2815 ) ;
#7441 = ORIENTED_EDGE ( 'NONE', *, *, #7551, .F. ) ;
#7442 = MECHANICAL_DESIGN_GEOMETRIC_PRESENTATION_REPRESENTATION (  '', ( #6132 ), #7883 ) ;
#7443 = PRESENTATION_LAYER_ASSIGNMENT (  '', '', ( #7002 ) ) ;
#7444 = VECTOR ( 'NONE', #2231, 1000.000000000000000 ) ;
#7445 = CARTESIAN_POINT ( 'NONE',  ( 0.07500000000000019200, -1.550000000000000300, 0.4365000000000002200 ) ) ;
#7446 = VERTEX_POINT ( 'NONE', #2325 ) ;
#7447 = VERTEX_POINT ( 'NONE', #6298 ) ;
#7448 = UNCERTAINTY_MEASURE_WITH_UNIT (LENGTH_MEASURE( 1.000000000000000100E-005 ), #4359, 'distance_accuracy_value', 'NONE');
#7449 = DIRECTION ( 'NONE',  ( -1.000000000000000000, 0.0000000000000000000, 0.0000000000000000000 ) ) ;
#7450 = EDGE_LOOP ( 'NONE', ( #451, #3405, #5658, #5290 ) ) ;
#7451 =( NAMED_UNIT ( * ) SI_UNIT ( $, .STERADIAN. ) SOLID_ANGLE_UNIT ( ) );
#7452 =( LENGTH_UNIT ( ) NAMED_UNIT ( * ) SI_UNIT ( .MILLI., .METRE. ) );
#7453 = PRESENTATION_STYLE_ASSIGNMENT (( #6505 ) ) ;
#7454 = ORIENTED_EDGE ( 'NONE', *, *, #6803, .T. ) ;
#7455 = DIRECTION ( 'NONE',  ( -0.0000000000000000000, 1.000000000000000000, 3.414809992080329100E-015 ) ) ;
#7456 = ORIENTED_EDGE ( 'NONE', *, *, #8322, .F. ) ;
#7457 = VERTEX_POINT ( 'NONE', #4964 ) ;
#7458 = ADVANCED_FACE ( 'NONE', ( #2979 ), #653, .T. ) ;
#7459 = EDGE_LOOP ( 'NONE', ( #7057, #7949, #756, #4300 ) ) ;
#7460 = CYLINDRICAL_SURFACE ( 'NONE', #3248, 0.2000000000000000900 ) ;
#7461 =( LENGTH_UNIT ( ) NAMED_UNIT ( * ) SI_UNIT ( .MILLI., .METRE. ) );
#7462 = DIRECTION ( 'NONE',  ( -1.000000000000000000, -0.0000000000000000000, 0.0000000000000000000 ) ) ;
#7463 = DIRECTION ( 'NONE',  ( -0.0000000000000000000, -1.000000000000000000, 2.168404344971012800E-015 ) ) ;
#7464 = LINE ( 'NONE', #4331, #2394 ) ;
#7465 = EDGE_CURVE ( 'NONE', #2317, #1475, #5893, .T. ) ;
#7466 = VERTEX_POINT ( 'NONE', #2355 ) ;
#7467 = ORIENTED_EDGE ( 'NONE', *, *, #6198, .F. ) ;
#7468 = ORIENTED_EDGE ( 'NONE', *, *, #4827, .F. ) ;
#7469 = VECTOR ( 'NONE', #1782, 1000.000000000000000 ) ;
#7470 = FILL_AREA_STYLE ('',( #2811 ) ) ;
#7471 = MECHANICAL_DESIGN_GEOMETRIC_PRESENTATION_REPRESENTATION (  '', ( #6158 ), #7917 ) ;
#7472 = PRESENTATION_LAYER_ASSIGNMENT (  '', '', ( #6586 ) ) ;
#7473 = ORIENTED_EDGE ( 'NONE', *, *, #3879, .T. ) ;
#7474 = FILL_AREA_STYLE ('',( #4189 ) ) ;
#7475 = EDGE_CURVE ( 'NONE', #2343, #5420, #2369, .T. ) ;
#7476 = UNCERTAINTY_MEASURE_WITH_UNIT (LENGTH_MEASURE( 1.000000000000000100E-005 ), #7306, 'distance_accuracy_value', 'NONE');
#7477 = PLANE ( 'NONE',  #3523 ) ;
#7478 = VECTOR ( 'NONE', #8006, 1000.000000000000100 ) ;
#7479 = VERTEX_POINT ( 'NONE', #8307 ) ;
#7480 = DIRECTION ( 'NONE',  ( -1.000000000000000000, 0.0000000000000000000, 0.0000000000000000000 ) ) ;
#7481 = CARTESIAN_POINT ( 'NONE',  ( 1.075000000000000200, 1.583686420389025100, 0.1138136583594313900 ) ) ;
#7482 = LINE ( 'NONE', #687, #2416 ) ;
#7483 = EDGE_CURVE ( 'NONE', #3567, #4145, #7434, .T. ) ;
#7484 = PRESENTATION_LAYER_ASSIGNMENT (  '', '', ( #6605 ) ) ;
#7485 = ORIENTED_EDGE ( 'NONE', *, *, #7315, .F. ) ;
#7486 = CARTESIAN_POINT ( 'NONE',  ( -0.1249999999999998900, 1.550000000000000300, 0.4365000000000001100 ) ) ;
#7487 = UNCERTAINTY_MEASURE_WITH_UNIT (LENGTH_MEASURE( 1.000000000000000100E-005 ), #3897, 'distance_accuracy_value', 'NONE');
#7488 = AXIS2_PLACEMENT_3D ( 'NONE', #8384, #4433, #507 ) ;
#7489 = CARTESIAN_POINT ( 'NONE',  ( -1.625000000000000000, -1.710000000000000200, 0.1270000000000002200 ) ) ;
#7490 =( NAMED_UNIT ( * ) SI_UNIT ( $, .STERADIAN. ) SOLID_ANGLE_UNIT ( ) );
#7491 = PLANE ( 'NONE',  #6328 ) ;
#7492 = ORIENTED_EDGE ( 'NONE', *, *, #1775, .T. ) ;
#7493 = DIRECTION ( 'NONE',  ( -1.000000000000000000, 0.0000000000000000000, -0.0000000000000000000 ) ) ;
#7494 = CARTESIAN_POINT ( 'NONE',  ( -0.4249999999999998200, 1.500000000000000000, 0.5635000000000020000 ) ) ;
#7495 = ORIENTED_EDGE ( 'NONE', *, *, #5761, .T. ) ;
#7496 = EDGE_CURVE ( 'NONE', #4048, #4190, #5682, .T. ) ;
#7497 = CARTESIAN_POINT ( 'NONE',  ( -2.000000000000000000, 1.300000000000000300, 0.7000000000000000700 ) ) ;
#7498 =( GEOMETRIC_REPRESENTATION_CONTEXT ( 3 ) GLOBAL_UNCERTAINTY_ASSIGNED_CONTEXT ( ( #6950 ) ) GLOBAL_UNIT_ASSIGNED_CONTEXT ( ( #4044, #127, #4717 ) ) REPRESENTATION_CONTEXT ( 'NONE', 'WORKASPACE' ) );
#7499 = CARTESIAN_POINT ( 'NONE',  ( 0.5750000000000001800, -2.000000000000000000, 2.439454888092385000E-016 ) ) ;
#7500 = ORIENTED_EDGE ( 'NONE', *, *, #7911, .F. ) ;
#7501 = CIRCLE ( 'NONE', #7954, 0.2000000000000000900 ) ;
#7502 = VERTEX_POINT ( 'NONE', #5020 ) ;
#7503 = ADVANCED_FACE ( 'NONE', ( #2151 ), #6610, .T. ) ;
#7504 = VECTOR ( 'NONE', #2669, 1000.000000000000000 ) ;
#7505 = VECTOR ( 'NONE', #3355, 1000.000000000000000 ) ;
#7506 = DIRECTION ( 'NONE',  ( -0.0000000000000000000, 3.686287386450737200E-014, 1.000000000000000000 ) ) ;
#7507 = FACE_OUTER_BOUND ( 'NONE', #1710, .T. ) ;
#7508 = VERTEX_POINT ( 'NONE', #489 ) ;
#7509 = DIRECTION ( 'NONE',  ( 0.0000000000000000000, -1.000000000000000000, -1.168321306557656000E-016 ) ) ;
#7510 = AXIS2_PLACEMENT_3D ( 'NONE', #7934, #5336, #110 ) ;
#7511 = COLOUR_RGB ( '',1.000000000000000000, 1.000000000000000000, 1.000000000000000000 ) ;
#7512 =( NAMED_UNIT ( * ) SI_UNIT ( $, .STERADIAN. ) SOLID_ANGLE_UNIT ( ) );
#7513 =( NAMED_UNIT ( * ) SI_UNIT ( $, .STERADIAN. ) SOLID_ANGLE_UNIT ( ) );
#7514 = DIRECTION ( 'NONE',  ( 0.0000000000000000000, 0.0000000000000000000, 1.000000000000000000 ) ) ;
#7515 = EDGE_CURVE ( 'NONE', #8471, #6186, #8369, .T. ) ;
#7516 = CARTESIAN_POINT ( 'NONE',  ( 0.07500000000000019200, 1.500000000000000400, 0.4365000000000020500 ) ) ;
#7517 = CYLINDRICAL_SURFACE ( 'NONE', #2845, 0.1269999999999999500 ) ;
#7518 = ORIENTED_EDGE ( 'NONE', *, *, #1304, .F. ) ;
#7519 =( LENGTH_UNIT ( ) NAMED_UNIT ( * ) SI_UNIT ( .MILLI., .METRE. ) );
#7520 = DIRECTION ( 'NONE',  ( -1.000000000000000000, 0.0000000000000000000, -0.0000000000000000000 ) ) ;
#7521 = LINE ( 'NONE', #383, #2454 ) ;
#7522 = AXIS2_PLACEMENT_3D ( 'NONE', #3596, #8229, #4280 ) ;
#7523 = CARTESIAN_POINT ( 'NONE',  ( -1.125000000000000000, 1.710000000000000200, 0.1270000000000002500 ) ) ;
#7524 =( GEOMETRIC_REPRESENTATION_CONTEXT ( 3 ) GLOBAL_UNCERTAINTY_ASSIGNED_CONTEXT ( ( #8466 ) ) GLOBAL_UNIT_ASSIGNED_CONTEXT ( ( #3663, #8300, #4350 ) ) REPRESENTATION_CONTEXT ( 'NONE', 'WORKASPACE' ) );
#7525 =( LENGTH_UNIT ( ) NAMED_UNIT ( * ) SI_UNIT ( .MILLI., .METRE. ) );
#7526 = DIRECTION ( 'NONE',  ( -1.000000000000000000, 0.0000000000000000000, -0.0000000000000000000 ) ) ;
#7527 = VERTEX_POINT ( 'NONE', #5739 ) ;
#7528 = FILL_AREA_STYLE ('',( #4089 ) ) ;
#7529 = LINE ( 'NONE', #7890, #2460 ) ;
#7530 = EDGE_CURVE ( 'NONE', #7457, #6883, #1469, .T. ) ;
#7531 =( NAMED_UNIT ( * ) SI_UNIT ( $, .STERADIAN. ) SOLID_ANGLE_UNIT ( ) );
#7532 = DIRECTION ( 'NONE',  ( 0.0000000000000000000, 0.0000000000000000000, 1.000000000000000000 ) ) ;
#7533 =( LENGTH_UNIT ( ) NAMED_UNIT ( * ) SI_UNIT ( .MILLI., .METRE. ) );
#7534 = VECTOR ( 'NONE', #6560, 1000.000000000000000 ) ;
#7535 = EDGE_LOOP ( 'NONE', ( #583, #6170, #3162, #4560 ) ) ;
#7536 = ORIENTED_EDGE ( 'NONE', *, *, #1452, .F. ) ;
#7537 = LINE ( 'NONE', #8433, #2469 ) ;
#7538 = EDGE_LOOP ( 'NONE', ( #3930, #1821, #3505, #4808 ) ) ;
#7539 = AXIS2_PLACEMENT_3D ( 'NONE', #7734, #6276, #6091 ) ;
#7540 = CARTESIAN_POINT ( 'NONE',  ( -1.424999999999999800, 1.583686420389025100, 0.1138136583594313900 ) ) ;
#7541 = CIRCLE ( 'NONE', #6918, 0.1270000000000008600 ) ;
#7542 =( LENGTH_UNIT ( ) NAMED_UNIT ( * ) SI_UNIT ( .MILLI., .METRE. ) );
#7543 = DIRECTION ( 'NONE',  ( 0.0000000000000000000, 3.414809992080329100E-015, -1.000000000000000000 ) ) ;
#7544 = ORIENTED_EDGE ( 'NONE', *, *, #4927, .F. ) ;
#7545 = CARTESIAN_POINT ( 'NONE',  ( -1.625000000000000000, 1.500000000000000000, 0.5635000000000020000 ) ) ;
#7546 = DIRECTION ( 'NONE',  ( -1.000000000000000000, -0.0000000000000000000, -0.0000000000000000000 ) ) ;
#7547 = ORIENTED_EDGE ( 'NONE', *, *, #5660, .T. ) ;
#7548 = ADVANCED_FACE ( 'NONE', ( #8155 ), #7724, .F. ) ;
#7549 = CARTESIAN_POINT ( 'NONE',  ( -1.424999999999999800, -2.000000000000000000, 2.439454888092385000E-016 ) ) ;
#7550 = CIRCLE ( 'NONE', #2647, 0.1270000000000008600 ) ;
#7551 = EDGE_CURVE ( 'NONE', #8292, #5514, #7537, .T. ) ;
#7552 = AXIS2_PLACEMENT_3D ( 'NONE', #1031, #5617, #1687 ) ;
#7553 = LINE ( 'NONE', #8319, #5798 ) ;
#7554 = EDGE_LOOP ( 'NONE', ( #7594, #4846, #5638, #6676, #6976, #2717 ) ) ;
#7555 = LINE ( 'NONE', #3963, #5803 ) ;
#7556 = PLANE ( 'NONE',  #89 ) ;
#7557 = FILL_AREA_STYLE_COLOUR ( '', #3889 ) ;
#7558 = PLANE ( 'NONE',  #6847 ) ;
#7559 = ORIENTED_EDGE ( 'NONE', *, *, #2183, .F. ) ;
#7560 = COLOUR_RGB ( '',1.000000000000000000, 1.000000000000000000, 1.000000000000000000 ) ;
#7561 = UNCERTAINTY_MEASURE_WITH_UNIT (LENGTH_MEASURE( 1.000000000000000100E-005 ), #285, 'distance_accuracy_value', 'NONE');
#7562 = AXIS2_PLACEMENT_3D ( 'NONE', #2296, #6925, #5598 ) ;
#7563 = ORIENTED_EDGE ( 'NONE', *, *, #2922, .T. ) ;
#7564 = FILL_AREA_STYLE ('',( #7595 ) ) ;
#7565 = VECTOR ( 'NONE', #3854, 1000.000000000000200 ) ;
#7566 = LINE ( 'NONE', #4420, #2283 ) ;
#7567 = CARTESIAN_POINT ( 'NONE',  ( 0.07500000000000019200, -1.500000000000000400, 0.4365000000000020500 ) ) ;
#7568 = ORIENTED_EDGE ( 'NONE', *, *, #7250, .T. ) ;
#7569 = CARTESIAN_POINT ( 'NONE',  ( -1.625000000000000000, 1.550000000000000300, 0.4365000000000002200 ) ) ;
#7570 = CARTESIAN_POINT ( 'NONE',  ( 1.075000000000000200, 1.500000000000000400, 0.4365000000000020500 ) ) ;
#7571 = SURFACE_STYLE_USAGE ( .BOTH. , #2933 ) ;
#7572 = FILL_AREA_STYLE ('',( #1675 ) ) ;
#7573 = SURFACE_STYLE_FILL_AREA ( #4982 ) ;
#7574 = FILL_AREA_STYLE ('',( #5574 ) ) ;
#7575 = PLANE ( 'NONE',  #3920 ) ;
#7576 = AXIS2_PLACEMENT_3D ( 'NONE', #4379, #450, #5043 ) ;
#7577 = ORIENTED_EDGE ( 'NONE', *, *, #2944, .T. ) ;
#7578 = PLANE ( 'NONE',  #3048 ) ;
#7579 =( GEOMETRIC_REPRESENTATION_CONTEXT ( 3 ) GLOBAL_UNCERTAINTY_ASSIGNED_CONTEXT ( ( #2311 ) ) GLOBAL_UNIT_ASSIGNED_CONTEXT ( ( #7083, #3123, #7757 ) ) REPRESENTATION_CONTEXT ( 'NONE', 'WORKASPACE' ) );
#7580 = VECTOR ( 'NONE', #5580, 1000.000000000000000 ) ;
#7581 = ORIENTED_EDGE ( 'NONE', *, *, #5977, .T. ) ;
#7582 = DIRECTION ( 'NONE',  ( 0.0000000000000000000, 1.000000000000000000, 2.168404344971012800E-015 ) ) ;
#7583 = EDGE_CURVE ( 'NONE', #317, #7066, #4230, .T. ) ;
#7584 = COLOUR_RGB ( '',1.000000000000000000, 1.000000000000000000, 1.000000000000000000 ) ;
#7585 = PLANE ( 'NONE',  #2946 ) ;
#7586 = EDGE_LOOP ( 'NONE', ( #2654, #7736, #4577, #4340 ) ) ;
#7587 = LINE ( 'NONE', #5354, #5835 ) ;
#7588 = DIRECTION ( 'NONE',  ( 1.000000000000000000, 0.0000000000000000000, 0.0000000000000000000 ) ) ;
#7589 = ORIENTED_EDGE ( 'NONE', *, *, #1927, .F. ) ;
#7590 = DIRECTION ( 'NONE',  ( 0.0000000000000000000, 0.0000000000000000000, 1.000000000000000000 ) ) ;
#7591 = SURFACE_STYLE_USAGE ( .BOTH. , #3620 ) ;
#7592 = FILL_AREA_STYLE_COLOUR ( '', #6528 ) ;
#7593 = MECHANICAL_DESIGN_GEOMETRIC_PRESENTATION_REPRESENTATION (  '', ( #6710 ), #8034 ) ;
#7594 = ORIENTED_EDGE ( 'NONE', *, *, #5369, .T. ) ;
#7595 = FILL_AREA_STYLE_COLOUR ( '', #1162 ) ;
#7596 = EDGE_CURVE ( 'NONE', #2715, #3315, #5785, .T. ) ;
#7597 = FACE_OUTER_BOUND ( 'NONE', #3436, .T. ) ;
#7598 = ORIENTED_EDGE ( 'NONE', *, *, #8270, .T. ) ;
#7599 = ORIENTED_EDGE ( 'NONE', *, *, #4775, .T. ) ;
#7600 = DIRECTION ( 'NONE',  ( 0.0000000000000000000, 0.0000000000000000000, 1.000000000000000000 ) ) ;
#7601 = EDGE_CURVE ( 'NONE', #7335, #365, #4010, .T. ) ;
#7602 =( GEOMETRIC_REPRESENTATION_CONTEXT ( 3 ) GLOBAL_UNCERTAINTY_ASSIGNED_CONTEXT ( ( #5368 ) ) GLOBAL_UNIT_ASSIGNED_CONTEXT ( ( #7953, #2779, #1361 ) ) REPRESENTATION_CONTEXT ( 'NONE', 'WORKASPACE' ) );
#7603 =( GEOMETRIC_REPRESENTATION_CONTEXT ( 3 ) GLOBAL_UNCERTAINTY_ASSIGNED_CONTEXT ( ( #8380 ) ) GLOBAL_UNIT_ASSIGNED_CONTEXT ( ( #7542, #4915, #988 ) ) REPRESENTATION_CONTEXT ( 'NONE', 'WORKASPACE' ) );
#7604 = CARTESIAN_POINT ( 'NONE',  ( -0.9249999999999998200, 2.000000000000000000, 2.439454888092385000E-016 ) ) ;
#7605 = CARTESIAN_POINT ( 'NONE',  ( 0.8750000000000001100, 1.710000000000000200, 0.1270000000000002200 ) ) ;
#7606 = COLOUR_RGB ( '',1.000000000000000000, 1.000000000000000000, 1.000000000000000000 ) ;
#7607 =( NAMED_UNIT ( * ) PLANE_ANGLE_UNIT ( ) SI_UNIT ( $, .RADIAN. ) );
#7608 =( NAMED_UNIT ( * ) PLANE_ANGLE_UNIT ( ) SI_UNIT ( $, .RADIAN. ) );
#7610 = UNCERTAINTY_MEASURE_WITH_UNIT (LENGTH_MEASURE( 1.000000000000000100E-005 ), #2951, 'distance_accuracy_value', 'NONE');
#7609 = FACE_OUTER_BOUND ( 'NONE', #4327, .T. ) ;
#7611 = ORIENTED_EDGE ( 'NONE', *, *, #8204, .T. ) ;
#7612 = STYLED_ITEM ( 'NONE', ( #5979 ), #48 ) ;
#7613 = VECTOR ( 'NONE', #5774, 1000.000000000000000 ) ;
#7614 = SURFACE_SIDE_STYLE ('',( #4703 ) ) ;
#7615 = MECHANICAL_DESIGN_GEOMETRIC_PRESENTATION_REPRESENTATION (  '', ( #6736 ), #8055 ) ;
#7616 = CARTESIAN_POINT ( 'NONE',  ( -0.9249999999999998200, -2.000000000000000000, 0.1270000000000002500 ) ) ;
#7617 = ORIENTED_EDGE ( 'NONE', *, *, #2536, .T. ) ;
#7618 = FACE_OUTER_BOUND ( 'NONE', #4788, .T. ) ;
#7619 = DIRECTION ( 'NONE',  ( 0.0000000000000000000, -0.0000000000000000000, -1.000000000000000000 ) ) ;
#7620 = COLOUR_RGB ( '',1.000000000000000000, 1.000000000000000000, 1.000000000000000000 ) ;
#7621 = SURFACE_STYLE_FILL_AREA ( #333 ) ;
#7622 = AXIS2_PLACEMENT_3D ( 'NONE', #3835, #7829, #3870 ) ;
#7623 = DIRECTION ( 'NONE',  ( 0.0000000000000000000, 0.0000000000000000000, 1.000000000000000000 ) ) ;
#7624 = PRESENTATION_LAYER_ASSIGNMENT (  '', '', ( #7166 ) ) ;
#7625 = DIRECTION ( 'NONE',  ( 0.0000000000000000000, -0.9945951150470497800, 0.1038294617367628200 ) ) ;
#7626 = EDGE_CURVE ( 'NONE', #3845, #6439, #548, .T. ) ;
#7627 =( LENGTH_UNIT ( ) NAMED_UNIT ( * ) SI_UNIT ( .MILLI., .METRE. ) );
#7628 = CARTESIAN_POINT ( 'NONE',  ( 1.575000000000000200, 1.676313579610975200, 0.4496863416405709200 ) ) ;
#7629 = ORIENTED_EDGE ( 'NONE', *, *, #3252, .T. ) ;
#7630 = ORIENTED_EDGE ( 'NONE', *, *, #660, .F. ) ;
#7631 = SURFACE_STYLE_USAGE ( .BOTH. , #3001 ) ;
#7632 = PRESENTATION_LAYER_ASSIGNMENT (  '', '', ( #6755 ) ) ;
#7633 =( NAMED_UNIT ( * ) SI_UNIT ( $, .STERADIAN. ) SOLID_ANGLE_UNIT ( ) );
#7634 =( GEOMETRIC_REPRESENTATION_CONTEXT ( 3 ) GLOBAL_UNCERTAINTY_ASSIGNED_CONTEXT ( ( #1797 ) ) GLOBAL_UNIT_ASSIGNED_CONTEXT ( ( #1193, #5670, #8541 ) ) REPRESENTATION_CONTEXT ( 'NONE', 'WORKASPACE' ) );
#7635 = LINE ( 'NONE', #3953, #2555 ) ;
#7636 = ORIENTED_EDGE ( 'NONE', *, *, #7742, .T. ) ;
#7637 = CARTESIAN_POINT ( 'NONE',  ( 0.8750000000000001100, -1.550000000000000000, 0.5635000000000010000 ) ) ;
#7638 = EDGE_CURVE ( 'NONE', #4317, #8112, #5565, .T. ) ;
#7639 = CARTESIAN_POINT ( 'NONE',  ( 0.3750000000000001100, -2.000000000000000000, 2.439454888092385000E-016 ) ) ;
#7640 = VECTOR ( 'NONE', #2701, 1000.000000000000000 ) ;
#7641 = LINE ( 'NONE', #8175, #5892 ) ;
#7642 = UNCERTAINTY_MEASURE_WITH_UNIT (LENGTH_MEASURE( 1.000000000000000100E-005 ), #5915, 'distance_accuracy_value', 'NONE');
#7643 = FILL_AREA_STYLE ('',( #2358 ) ) ;
#7644 = LINE ( 'NONE', #2374, #4135 ) ;
#7645 =( NAMED_UNIT ( * ) SI_UNIT ( $, .STERADIAN. ) SOLID_ANGLE_UNIT ( ) );
#7646 = CARTESIAN_POINT ( 'NONE',  ( 1.800000000000000000, 1.300000000000000300, 0.5635000000000000000 ) ) ;
#7647 = PRESENTATION_LAYER_ASSIGNMENT (  '', '', ( #6768 ) ) ;
#7648 =( GEOMETRIC_REPRESENTATION_CONTEXT ( 3 ) GLOBAL_UNCERTAINTY_ASSIGNED_CONTEXT ( ( #3121 ) ) GLOBAL_UNIT_ASSIGNED_CONTEXT ( ( #324, #4923, #998 ) ) REPRESENTATION_CONTEXT ( 'NONE', 'WORKASPACE' ) );
#7649 = DIRECTION ( 'NONE',  ( 0.0000000000000000000, -0.1038294617367628000, 0.9945951150470496700 ) ) ;
#7650 = EDGE_LOOP ( 'NONE', ( #8522, #1986, #5275, #5195 ) ) ;
#7651 = DIRECTION ( 'NONE',  ( 0.0000000000000000000, 1.000000000000000000, -1.355252715606880500E-017 ) ) ;
#7652 = PLANE ( 'NONE',  #6296 ) ;
#7653 = EDGE_LOOP ( 'NONE', ( #6403, #7245, #6875, #3725, #2989, #7276, #5295, #6411, #4278, #8409 ) ) ;
#7654 = EDGE_LOOP ( 'NONE', ( #8080, #6808, #4181, #1790 ) ) ;
#7655 = PRESENTATION_STYLE_ASSIGNMENT (( #6280 ) ) ;
#7656 = DIRECTION ( 'NONE',  ( 0.0000000000000000000, 0.0000000000000000000, -1.000000000000000000 ) ) ;
#7657 = ORIENTED_EDGE ( 'NONE', *, *, #7709, .F. ) ;
#7658 =( NAMED_UNIT ( * ) SI_UNIT ( $, .STERADIAN. ) SOLID_ANGLE_UNIT ( ) );
#7659 = EDGE_CURVE ( 'NONE', #949, #2285, #2040, .T. ) ;
#7660 =( NAMED_UNIT ( * ) PLANE_ANGLE_UNIT ( ) SI_UNIT ( $, .RADIAN. ) );
#7661 = AXIS2_PLACEMENT_3D ( 'NONE', #5854, #599, #5212 ) ;
#7662 = VECTOR ( 'NONE', #2525, 1000.000000000000200 ) ;
#7663 = ORIENTED_EDGE ( 'NONE', *, *, #2922, .F. ) ;
#7664 = LINE ( 'NONE', #7293, #890 ) ;
#7665 =( LENGTH_UNIT ( ) NAMED_UNIT ( * ) SI_UNIT ( .MILLI., .METRE. ) );
#7666 = DIRECTION ( 'NONE',  ( -0.0000000000000000000, 0.9945951150470497800, 0.1038294617367628200 ) ) ;
#7667 = DIRECTION ( 'NONE',  ( -1.000000000000000000, -0.0000000000000000000, -0.0000000000000000000 ) ) ;
#7668 = PRESENTATION_STYLE_ASSIGNMENT (( #8382 ) ) ;
#7669 = PLANE ( 'NONE',  #2556 ) ;
#7670 = CARTESIAN_POINT ( 'NONE',  ( -0.1249999999999998900, -1.583686420389025100, 0.1138136583594313900 ) ) ;
#7671 = ORIENTED_EDGE ( 'NONE', *, *, #5781, .T. ) ;
#7672 =( GEOMETRIC_REPRESENTATION_CONTEXT ( 3 ) GLOBAL_UNCERTAINTY_ASSIGNED_CONTEXT ( ( #474 ) ) GLOBAL_UNIT_ASSIGNED_CONTEXT ( ( #7195, #3244, #7870 ) ) REPRESENTATION_CONTEXT ( 'NONE', 'WORKASPACE' ) );
#7673 = ORIENTED_EDGE ( 'NONE', *, *, #258, .T. ) ;
#7674 = VECTOR ( 'NONE', #6364, 1000.000000000000000 ) ;
#7675 = SURFACE_SIDE_STYLE ('',( #4971 ) ) ;
#7676 =( GEOMETRIC_REPRESENTATION_CONTEXT ( 3 ) GLOBAL_UNCERTAINTY_ASSIGNED_CONTEXT ( ( #973 ) ) GLOBAL_UNIT_ASSIGNED_CONTEXT ( ( #2038, #6019, #1413 ) ) REPRESENTATION_CONTEXT ( 'NONE', 'WORKASPACE' ) );
#7677 = FACE_OUTER_BOUND ( 'NONE', #3181, .T. ) ;
#7678 = CARTESIAN_POINT ( 'NONE',  ( -1.125000000000000000, 1.583686420389025100, 0.1138136583594313900 ) ) ;
#7679 = SHAPE_DEFINITION_REPRESENTATION ( #5723, #1306 ) ;
#7680 = ORIENTED_EDGE ( 'NONE', *, *, #6401, .F. ) ;
#7681 = DIRECTION ( 'NONE',  ( -0.0000000000000000000, -0.0000000000000000000, -1.000000000000000000 ) ) ;
#7682 = SURFACE_STYLE_FILL_AREA ( #2162 ) ;
#7683 = CARTESIAN_POINT ( 'NONE',  ( 2.000000000000000000, 1.500000000000000200, 0.6999999999999999600 ) ) ;
#7684 = DIRECTION ( 'NONE',  ( 0.0000000000000000000, -1.000000000000000000, 3.414809992080329100E-015 ) ) ;
#7685 = MECHANICAL_DESIGN_GEOMETRIC_PRESENTATION_REPRESENTATION (  '', ( #6799 ), #8131 ) ;
#7686 = LINE ( 'NONE', #4649, #7478 ) ;
#7687 = SURFACE_STYLE_USAGE ( .BOTH. , #3056 ) ;
#7688 = ORIENTED_EDGE ( 'NONE', *, *, #2543, .F. ) ;
#7689 =( NAMED_UNIT ( * ) PLANE_ANGLE_UNIT ( ) SI_UNIT ( $, .RADIAN. ) );
#7690 = DIRECTION ( 'NONE',  ( 1.000000000000000000, 0.0000000000000000000, 0.0000000000000000000 ) ) ;
#7691 = EDGE_LOOP ( 'NONE', ( #5782, #3797, #8287, #8531 ) ) ;
#7692 = EDGE_CURVE ( 'NONE', #5394, #2985, #760, .T. ) ;
#7693 = ORIENTED_EDGE ( 'NONE', *, *, #3267, .T. ) ;
#7694 =( LENGTH_UNIT ( ) NAMED_UNIT ( * ) SI_UNIT ( .MILLI., .METRE. ) );
#7695 = SURFACE_SIDE_STYLE ('',( #3243 ) ) ;
#7696 = DIRECTION ( 'NONE',  ( 0.0000000000000000000, 1.000000000000000000, -2.168404344971013200E-015 ) ) ;
#7697 = CARTESIAN_POINT ( 'NONE',  ( -0.1249999999999998900, 2.000000000000000000, 0.1270000000000002500 ) ) ;
#7698 =( NAMED_UNIT ( * ) PLANE_ANGLE_UNIT ( ) SI_UNIT ( $, .RADIAN. ) );
#7699 = STYLED_ITEM ( 'NONE', ( #8472 ), #2895 ) ;
#7700 = FILL_AREA_STYLE_COLOUR ( '', #5648 ) ;
#7701 = PRESENTATION_STYLE_ASSIGNMENT (( #2888 ) ) ;
#7702 = DIRECTION ( 'NONE',  ( -1.000000000000000000, 0.0000000000000000000, -0.0000000000000000000 ) ) ;
#7703 = DIRECTION ( 'NONE',  ( -1.000000000000000000, -0.0000000000000000000, -0.0000000000000000000 ) ) ;
#7704 = DIRECTION ( 'NONE',  ( 0.0000000000000000000, -1.000000000000000000, 1.168321306557656000E-016 ) ) ;
#7705 = DIRECTION ( 'NONE',  ( -1.000000000000000000, -0.0000000000000000000, -0.0000000000000000000 ) ) ;
#7706 = LINE ( 'NONE', #5832, #7504 ) ;
#7707 = CARTESIAN_POINT ( 'NONE',  ( -0.4249999999999998200, 1.500000000000000400, 0.4365000000000020500 ) ) ;
#7708 = VECTOR ( 'NONE', #6005, 1000.000000000000000 ) ;
#7709 = EDGE_CURVE ( 'NONE', #6646, #4986, #7109, .T. ) ;
#7710 = MECHANICAL_DESIGN_GEOMETRIC_PRESENTATION_REPRESENTATION (  '', ( #6380 ), #8154 ) ;
#7711 = FILL_AREA_STYLE ('',( #1779 ) ) ;
#7712 = CARTESIAN_POINT ( 'NONE',  ( 0.07500000000000019200, 1.550000000000000300, 0.4365000000000002200 ) ) ;
#7714 = MANIFOLD_SOLID_BREP ( 'Lead1', #6765 ) ;
#7713 = VECTOR ( 'NONE', #3156, 1000.000000000000000 ) ;
#7715 = FILL_AREA_STYLE_COLOUR ( '', #4498 ) ;
#7716 =( NAMED_UNIT ( * ) PLANE_ANGLE_UNIT ( ) SI_UNIT ( $, .RADIAN. ) );
#7717 = SURFACE_STYLE_FILL_AREA ( #5367 ) ;
#7718 = DIRECTION ( 'NONE',  ( -1.000000000000000000, -0.0000000000000000000, -0.0000000000000000000 ) ) ;
#7719 = CARTESIAN_POINT ( 'NONE',  ( -0.6249999999999998900, -1.676313579610975200, 0.4496863416405709200 ) ) ;
#7720 = COLOUR_RGB ( '',1.000000000000000000, 1.000000000000000000, 1.000000000000000000 ) ;
#7721 = DIRECTION ( 'NONE',  ( -1.000000000000000000, 0.0000000000000000000, -0.0000000000000000000 ) ) ;
#7722 =( GEOMETRIC_REPRESENTATION_CONTEXT ( 3 ) GLOBAL_UNCERTAINTY_ASSIGNED_CONTEXT ( ( #4146 ) ) GLOBAL_UNIT_ASSIGNED_CONTEXT ( ( #1465, #6079, #2090 ) ) REPRESENTATION_CONTEXT ( 'NONE', 'WORKASPACE' ) );
#7723 = ADVANCED_FACE ( 'NONE', ( #1853 ), #4523, .F. ) ;
#7724 = PLANE ( 'NONE',  #8475 ) ;
#7725 = LINE ( 'NONE', #5545, #2657 ) ;
#7726 = CARTESIAN_POINT ( 'NONE',  ( -0.4249999999999998200, -1.550000000000000300, 0.4365000000000001100 ) ) ;
#7727 = FILL_AREA_STYLE ('',( #1172 ) ) ;
#7728 = FACE_OUTER_BOUND ( 'NONE', #2397, .T. ) ;
#7729 = PLANE ( 'NONE',  #2359 ) ;
#7730 = CARTESIAN_POINT ( 'NONE',  ( -0.1249999999999998900, 1.550000000000000300, 0.4365000000000002200 ) ) ;
#7731 = MECHANICAL_DESIGN_GEOMETRIC_PRESENTATION_REPRESENTATION (  '', ( #6842 ), #8172 ) ;
#7732 = SURFACE_STYLE_FILL_AREA ( #3545 ) ;
#7733 =( LENGTH_UNIT ( ) NAMED_UNIT ( * ) SI_UNIT ( .MILLI., .METRE. ) );
#7734 = CARTESIAN_POINT ( 'NONE',  ( -0.9249999999999998200, -1.710000000000000200, 0.1270000000000002200 ) ) ;
#7735 = MECHANICAL_DESIGN_GEOMETRIC_PRESENTATION_REPRESENTATION (  '', ( #6399 ), #8178 ) ;
#7736 = ORIENTED_EDGE ( 'NONE', *, *, #2826, .F. ) ;
#7737 = ORIENTED_EDGE ( 'NONE', *, *, #7411, .T. ) ;
#7738 = UNCERTAINTY_MEASURE_WITH_UNIT (LENGTH_MEASURE( 1.000000000000000100E-005 ), #5696, 'distance_accuracy_value', 'NONE');
#7739 = VECTOR ( 'NONE', #4789, 1000.000000000000000 ) ;
#7740 = VECTOR ( 'NONE', #1700, 1000.000000000000000 ) ;
#7741 =( NAMED_UNIT ( * ) PLANE_ANGLE_UNIT ( ) SI_UNIT ( $, .RADIAN. ) );
#7742 = EDGE_CURVE ( 'NONE', #5511, #8546, #4127, .T. ) ;
#7743 = ORIENTED_EDGE ( 'NONE', *, *, #2490, .F. ) ;
#7744 =( NAMED_UNIT ( * ) PLANE_ANGLE_UNIT ( ) SI_UNIT ( $, .RADIAN. ) );
#7745 = CARTESIAN_POINT ( 'NONE',  ( 1.575000000000000200, 1.583686420389025100, 0.1138136583594313900 ) ) ;
#7746 = EDGE_LOOP ( 'NONE', ( #8049, #5882, #4183, #3654, #1485, #4399, #7080, #1436, #7042, #2524 ) ) ;
#7747 = UNCERTAINTY_MEASURE_WITH_UNIT (LENGTH_MEASURE( 1.000000000000000100E-005 ), #3026, 'distance_accuracy_value', 'NONE');
#7748 = ORIENTED_EDGE ( 'NONE', *, *, #5201, .T. ) ;
#7749 =( GEOMETRIC_REPRESENTATION_CONTEXT ( 3 ) GLOBAL_UNCERTAINTY_ASSIGNED_CONTEXT ( ( #7487 ) ) GLOBAL_UNIT_ASSIGNED_CONTEXT ( ( #3897, #5330, #3316 ) ) REPRESENTATION_CONTEXT ( 'NONE', 'WORKASPACE' ) );
#7750 = DIRECTION ( 'NONE',  ( 0.0000000000000000000, -1.000000000000000000, -1.168321306557656000E-016 ) ) ;
#7751 = FILL_AREA_STYLE ('',( #7269 ) ) ;
#7752 = CARTESIAN_POINT ( 'NONE',  ( -1.424999999999999800, 1.550000000000000300, 0.4365000000000001100 ) ) ;
#7753 = LINE ( 'NONE', #2857, #6004 ) ;
#7754 = EDGE_CURVE ( 'NONE', #1267, #7384, #646, .T. ) ;
#7755 = PLANE ( 'NONE',  #6735 ) ;
#7756 = VERTEX_POINT ( 'NONE', #5219 ) ;
#7757 =( NAMED_UNIT ( * ) SI_UNIT ( $, .STERADIAN. ) SOLID_ANGLE_UNIT ( ) );
#7758 = LINE ( 'NONE', #8288, #6007 ) ;
#7759 = SURFACE_SIDE_STYLE ('',( #4930 ) ) ;
#7760 = VERTEX_POINT ( 'NONE', #7222 ) ;
#7761 = CARTESIAN_POINT ( 'NONE',  ( -0.4249999999999998200, -2.000000000000000000, 0.1270000000000002500 ) ) ;
#7762 = LINE ( 'NONE', #7357, #6012 ) ;
#7763 = LINE ( 'NONE', #22, #4030 ) ;
#7764 = EDGE_CURVE ( 'NONE', #4833, #8410, #2143, .T. ) ;
#7765 =( GEOMETRIC_REPRESENTATION_CONTEXT ( 3 ) GLOBAL_UNCERTAINTY_ASSIGNED_CONTEXT ( ( #1415 ) ) GLOBAL_UNIT_ASSIGNED_CONTEXT ( ( #5230, #1852, #1290 ) ) REPRESENTATION_CONTEXT ( 'NONE', 'WORKASPACE' ) );
#7766 = VERTEX_POINT ( 'NONE', #7897 ) ;
#7767 = STYLED_ITEM ( 'NONE', ( #3124 ), #8429 ) ;
#7768 = FILL_AREA_STYLE_COLOUR ( '', #8485 ) ;
#7769 = CARTESIAN_POINT ( 'NONE',  ( 0.07500000000000019200, 1.676313579610975200, 0.4496863416405709200 ) ) ;
#7770 = ADVANCED_FACE ( 'NONE', ( #2363 ), #20, .F. ) ;
#7771 = CIRCLE ( 'NONE', #3007, 0.1999999999999999800 ) ;
#7772 = ORIENTED_EDGE ( 'NONE', *, *, #3036, .F. ) ;
#7773 = VECTOR ( 'NONE', #623, 1000.000000000000100 ) ;
#7774 = EDGE_CURVE ( 'NONE', #4316, #676, #1557, .T. ) ;
#7775 = DIRECTION ( 'NONE',  ( -0.0000000000000000000, -0.0000000000000000000, 1.000000000000000000 ) ) ;
#7776 =( NAMED_UNIT ( * ) PLANE_ANGLE_UNIT ( ) SI_UNIT ( $, .RADIAN. ) );
#7777 = MECHANICAL_DESIGN_GEOMETRIC_PRESENTATION_REPRESENTATION (  '', ( #6436 ), #8219 ) ;
#7778 = COLOUR_RGB ( '',1.000000000000000000, 1.000000000000000000, 1.000000000000000000 ) ;
#7779 = FILL_AREA_STYLE ('',( #1192 ) ) ;
#7780 = ORIENTED_EDGE ( 'NONE', *, *, #8183, .F. ) ;
#7781 = COLOUR_RGB ( '',1.000000000000000000, 1.000000000000000000, 1.000000000000000000 ) ;
#7782 = DIRECTION ( 'NONE',  ( 0.0000000000000000000, 1.000000000000000000, 0.0000000000000000000 ) ) ;
#7783 =( LENGTH_UNIT ( ) NAMED_UNIT ( * ) SI_UNIT ( .MILLI., .METRE. ) );
#7784 = CARTESIAN_POINT ( 'NONE',  ( -1.625000000000000000, 1.500000000000000400, 0.4365000000000020500 ) ) ;
#7785 = ORIENTED_EDGE ( 'NONE', *, *, #2438, .F. ) ;
#7786 = PRESENTATION_LAYER_ASSIGNMENT (  '', '', ( #6450 ) ) ;
#7787 = LINE ( 'NONE', #3455, #804 ) ;
#7788 = FILL_AREA_STYLE ('',( #1229 ) ) ;
#7789 = PRESENTATION_LAYER_ASSIGNMENT (  '', '', ( #6453 ) ) ;
#7790 = VERTEX_POINT ( 'NONE', #6626 ) ;
#7791 = FACE_OUTER_BOUND ( 'NONE', #7962, .T. ) ;
#7792 = ORIENTED_EDGE ( 'NONE', *, *, #1093, .F. ) ;
#7793 = EDGE_CURVE ( 'NONE', #7322, #7995, #4843, .T. ) ;
#7794 = CIRCLE ( 'NONE', #4563, 0.1999999999999999800 ) ;
#7795 = EDGE_LOOP ( 'NONE', ( #4394, #5712, #8303, #684 ) ) ;
#7796 = LINE ( 'NONE', #7103, #5844 ) ;
#7797 = FACE_OUTER_BOUND ( 'NONE', #4902, .T. ) ;
#7798 = CARTESIAN_POINT ( 'NONE',  ( 0.8750000000000001100, 1.710000000000000200, 0.1270000000000002500 ) ) ;
#7799 = UNCERTAINTY_MEASURE_WITH_UNIT (LENGTH_MEASURE( 1.000000000000000100E-005 ), #1339, 'distance_accuracy_value', 'NONE');
#7800 = STYLED_ITEM ( 'NONE', ( #2788 ), #7102 ) ;
#7801 = EDGE_LOOP ( 'NONE', ( #8337, #6549, #6127, #3809 ) ) ;
#7802 = STYLED_ITEM ( 'NONE', ( #3597 ), #2197 ) ;
#7803 = EDGE_LOOP ( 'NONE', ( #5725, #4287, #1605, #6645 ) ) ;
#7804 = DIRECTION ( 'NONE',  ( -1.000000000000000000, 0.0000000000000000000, -0.0000000000000000000 ) ) ;
#7805 = DIRECTION ( 'NONE',  ( 0.0000000000000000000, 0.0000000000000000000, 1.000000000000000000 ) ) ;
#7806 = EDGE_CURVE ( 'NONE', #2803, #23, #5886, .T. ) ;
#7807 = COLOUR_RGB ( '',1.000000000000000000, 1.000000000000000000, 1.000000000000000000 ) ;
#7808 = ORIENTED_EDGE ( 'NONE', *, *, #2215, .T. ) ;
#7809 = CARTESIAN_POINT ( 'NONE',  ( 0.5750000000000001800, -1.710000000000000200, 2.710505431213761100E-016 ) ) ;
#7810 = ADVANCED_FACE ( 'NONE', ( #6604 ), #4658, .F. ) ;
#7811 = CARTESIAN_POINT ( 'NONE',  ( 0.8750000000000001100, 1.550000000000000300, 0.4365000000000001100 ) ) ;
#7812 = FILL_AREA_STYLE_COLOUR ( '', #674 ) ;
#7813 = AXIS2_PLACEMENT_3D ( 'NONE', #8254, #5306, #8225 ) ;
#7814 = STYLED_ITEM ( 'NONE', ( #8046 ), #7938 ) ;
#7815 =( NAMED_UNIT ( * ) PLANE_ANGLE_UNIT ( ) SI_UNIT ( $, .RADIAN. ) );
#7816 = UNCERTAINTY_MEASURE_WITH_UNIT (LENGTH_MEASURE( 1.000000000000000100E-005 ), #7391, 'distance_accuracy_value', 'NONE');
#7817 = CARTESIAN_POINT ( 'NONE',  ( 1.575000000000000200, -1.676313579610975200, 0.4496863416405709200 ) ) ;
#7818 = EDGE_CURVE ( 'NONE', #7898, #5097, #4629, .T. ) ;
#7819 = VECTOR ( 'NONE', #5671, 1000.000000000000200 ) ;
#7820 = AXIS2_PLACEMENT_3D ( 'NONE', #3747, #8394, #4441 ) ;
#7821 = PLANE ( 'NONE',  #6557 ) ;
#7822 = LINE ( 'NONE', #45, #6087 ) ;
#7823 = SURFACE_STYLE_USAGE ( .BOTH. , #3197 ) ;
#7824 = DIRECTION ( 'NONE',  ( 0.0000000000000000000, 0.0000000000000000000, -1.000000000000000000 ) ) ;
#7825 = SURFACE_STYLE_USAGE ( .BOTH. , #8343 ) ;
#7826 = PRESENTATION_STYLE_ASSIGNMENT (( #69 ) ) ;
#7827 = SURFACE_STYLE_USAGE ( .BOTH. , #3205 ) ;
#7828 = AXIS2_PLACEMENT_3D ( 'NONE', #4450, #521, #5110 ) ;
#7829 = DIRECTION ( 'NONE',  ( -1.000000000000000000, -0.0000000000000000000, 0.0000000000000000000 ) ) ;
#7830 = VERTEX_POINT ( 'NONE', #5997 ) ;
#7831 = ORIENTED_EDGE ( 'NONE', *, *, #1576, .T. ) ;
#7832 = SURFACE_STYLE_USAGE ( .BOTH. , #3207 ) ;
#7833 = DIRECTION ( 'NONE',  ( 0.0000000000000000000, 1.000000000000000000, -1.168321306557656000E-016 ) ) ;
#7834 =( GEOMETRIC_REPRESENTATION_CONTEXT ( 3 ) GLOBAL_UNCERTAINTY_ASSIGNED_CONTEXT ( ( #6718 ) ) GLOBAL_UNIT_ASSIGNED_CONTEXT ( ( #2313, #6939, #5879 ) ) REPRESENTATION_CONTEXT ( 'NONE', 'WORKASPACE' ) );
#7835 = COLOUR_RGB ( '',1.000000000000000000, 1.000000000000000000, 1.000000000000000000 ) ;
#7836 = LINE ( 'NONE', #3341, #439 ) ;
#7837 = DIRECTION ( 'NONE',  ( 0.0000000000000000000, 0.0000000000000000000, -1.000000000000000000 ) ) ;
#7838 = SURFACE_STYLE_USAGE ( .BOTH. , #3214 ) ;
#7839 = UNCERTAINTY_MEASURE_WITH_UNIT (LENGTH_MEASURE( 1.000000000000000100E-005 ), #441, 'distance_accuracy_value', 'NONE');
#7840 = VECTOR ( 'NONE', #879, 1000.000000000000000 ) ;
#7841 = DIRECTION ( 'NONE',  ( 0.0000000000000000000, 1.000000000000000000, 3.686287386450737200E-014 ) ) ;
#7842 = AXIS2_PLACEMENT_3D ( 'NONE', #2559, #3922, #12 ) ;
#7843 = DIRECTION ( 'NONE',  ( -1.000000000000000000, -0.0000000000000000000, -0.0000000000000000000 ) ) ;
#7844 = AXIS2_PLACEMENT_3D ( 'NONE', #3270, #7901, #3934 ) ;
#7845 = ADVANCED_FACE ( 'NONE', ( #8146 ), #3348, .F. ) ;
#7846 = DIRECTION ( 'NONE',  ( 0.0000000000000000000, 1.000000000000000000, -1.168321306557656000E-016 ) ) ;
#7847 = EDGE_CURVE ( 'NONE', #228, #4078, #537, .T. ) ;
#7848 = VERTEX_POINT ( 'NONE', #7336 ) ;
#7849 = PRESENTATION_STYLE_ASSIGNMENT (( #586 ) ) ;
#7850 = EDGE_LOOP ( 'NONE', ( #3242, #1241, #2377, #5070 ) ) ;
#7851 = CARTESIAN_POINT ( 'NONE',  ( 0.07500000000000019200, 1.583686420389025100, 0.1138136583594313900 ) ) ;
#7852 = SURFACE_STYLE_USAGE ( .BOTH. , #3224 ) ;
#7853 =( NAMED_UNIT ( * ) PLANE_ANGLE_UNIT ( ) SI_UNIT ( $, .RADIAN. ) );
#7854 = CARTESIAN_POINT ( 'NONE',  ( 0.07500000000000019200, -1.550000000000000000, 0.5635000000000010000 ) ) ;
#7855 =( GEOMETRIC_REPRESENTATION_CONTEXT ( 3 ) GLOBAL_UNCERTAINTY_ASSIGNED_CONTEXT ( ( #8008 ) ) GLOBAL_UNIT_ASSIGNED_CONTEXT ( ( #6600, #2634, #7246 ) ) REPRESENTATION_CONTEXT ( 'NONE', 'WORKASPACE' ) );
#7856 = AXIS2_PLACEMENT_3D ( 'NONE', #7943, #6997, #1377 ) ;
#7858 =( NAMED_UNIT ( * ) PLANE_ANGLE_UNIT ( ) SI_UNIT ( $, .RADIAN. ) );
#7857 = FACE_OUTER_BOUND ( 'NONE', #1463, .T. ) ;
#7859 = DIRECTION ( 'NONE',  ( 0.0000000000000000000, 0.0000000000000000000, -1.000000000000000000 ) ) ;
#7860 = ORIENTED_EDGE ( 'NONE', *, *, #374, .T. ) ;
#7861 = DIRECTION ( 'NONE',  ( -0.0000000000000000000, 1.000000000000000000, 1.168321306557656000E-016 ) ) ;
#7862 = EDGE_CURVE ( 'NONE', #3860, #4245, #2237, .T. ) ;
#7863 = CARTESIAN_POINT ( 'NONE',  ( -1.424999999999999800, -1.710000000000000200, 0.1270000000000002500 ) ) ;
#7864 = LINE ( 'NONE', #3951, #2801 ) ;
#7865 = SURFACE_STYLE_FILL_AREA ( #5857 ) ;
#7866 = ORIENTED_EDGE ( 'NONE', *, *, #6982, .F. ) ;
#7867 = VERTEX_POINT ( 'NONE', #132 ) ;
#7868 = CLOSED_SHELL ( 'NONE', ( #3805, #528, #1254, #5464, #4638, #5169, #2512, #5956, #577, #3051, #2733, #8429 ) ) ;
#7869 = VECTOR ( 'NONE', #737, 1000.000000000000000 ) ;
#7870 =( NAMED_UNIT ( * ) SI_UNIT ( $, .STERADIAN. ) SOLID_ANGLE_UNIT ( ) );
#7871 = EDGE_CURVE ( 'NONE', #2417, #949, #3786, .T. ) ;
#7872 = DIRECTION ( 'NONE',  ( -1.000000000000000000, 0.0000000000000000000, -0.0000000000000000000 ) ) ;
#7873 = AXIS2_PLACEMENT_3D ( 'NONE', #3326, #7961, #3996 ) ;
#7874 = COLOUR_RGB ( '',1.000000000000000000, 1.000000000000000000, 1.000000000000000000 ) ;
#7875 = FILL_AREA_STYLE ('',( #7201 ) ) ;
#7876 =( NAMED_UNIT ( * ) SI_UNIT ( $, .STERADIAN. ) SOLID_ANGLE_UNIT ( ) );
#7877 = LINE ( 'NONE', #5727, #7469 ) ;
#7878 = PLANE ( 'NONE',  #1107 ) ;
#7879 =( LENGTH_UNIT ( ) NAMED_UNIT ( * ) SI_UNIT ( .MILLI., .METRE. ) );
#7880 = CIRCLE ( 'NONE', #2459, 0.1270000000000008600 ) ;
#7881 = SURFACE_STYLE_USAGE ( .BOTH. , #3556 ) ;
#7882 = VERTEX_POINT ( 'NONE', #6721 ) ;
#7883 =( GEOMETRIC_REPRESENTATION_CONTEXT ( 3 ) GLOBAL_UNCERTAINTY_ASSIGNED_CONTEXT ( ( #1596 ) ) GLOBAL_UNIT_ASSIGNED_CONTEXT ( ( #304, #4240, #8190 ) ) REPRESENTATION_CONTEXT ( 'NONE', 'WORKASPACE' ) );
#7884 = VERTEX_POINT ( 'NONE', #3378 ) ;
#7885 = DIRECTION ( 'NONE',  ( -1.000000000000000000, -0.0000000000000000000, -0.0000000000000000000 ) ) ;
#7886 = FILL_AREA_STYLE ('',( #4597 ) ) ;
#7887 = MECHANICAL_DESIGN_GEOMETRIC_PRESENTATION_REPRESENTATION (  '', ( #7002 ), #8333 ) ;
#7888 = FACE_OUTER_BOUND ( 'NONE', #7746, .T. ) ;
#7889 = DIRECTION ( 'NONE',  ( 0.0000000000000000000, 0.0000000000000000000, 1.000000000000000000 ) ) ;
#7890 = CARTESIAN_POINT ( 'NONE',  ( 1.800000000000000000, -1.499999999999999800, 0.4365000000000000000 ) ) ;
#7891 = FACE_OUTER_BOUND ( 'NONE', #5401, .T. ) ;
#7892 = DIRECTION ( 'NONE',  ( -1.000000000000000000, -0.0000000000000000000, 0.0000000000000000000 ) ) ;
#7893 = CARTESIAN_POINT ( 'NONE',  ( 0.07500000000000019200, 1.500000000000000400, 0.4365000000000020500 ) ) ;
#7894 = ADVANCED_FACE ( 'NONE', ( #7098 ), #8043, .F. ) ;
#7895 = DIRECTION ( 'NONE',  ( 0.0000000000000000000, -1.000000000000000000, -2.168404344971013200E-015 ) ) ;
#7896 = ORIENTED_EDGE ( 'NONE', *, *, #6424, .T. ) ;
#7897 = CARTESIAN_POINT ( 'NONE',  ( 0.07500000000000019200, 1.710000000000000200, 0.1270000000000002500 ) ) ;
#7898 = VERTEX_POINT ( 'NONE', #2107 ) ;
#7899 = VERTEX_POINT ( 'NONE', #4116 ) ;
#7900 = LINE ( 'NONE', #5402, #6155 ) ;
#7901 = DIRECTION ( 'NONE',  ( 0.0000000000000000000, -0.9945951150470497800, -0.1038294617367629000 ) ) ;
#7902 = AXIS2_PLACEMENT_3D ( 'NONE', #7983, #4012, #100 ) ;
#7903 = PLANE ( 'NONE',  #3068 ) ;
#7904 = STYLED_ITEM ( 'NONE', ( #1205 ), #1254 ) ;
#7905 = DIRECTION ( 'NONE',  ( -0.0000000000000000000, 1.000000000000000000, 1.168321306557656000E-016 ) ) ;
#7906 = ORIENTED_EDGE ( 'NONE', *, *, #2858, .F. ) ;
#7907 = CYLINDRICAL_SURFACE ( 'NONE', #7334, 0.1269999999999999500 ) ;
#7908 = FACE_OUTER_BOUND ( 'NONE', #2580, .T. ) ;
#7909 = UNCERTAINTY_MEASURE_WITH_UNIT (LENGTH_MEASURE( 1.000000000000000100E-005 ), #1501, 'distance_accuracy_value', 'NONE');
#7910 = ORIENTED_EDGE ( 'NONE', *, *, #3933, .T. ) ;
#7911 = EDGE_CURVE ( 'NONE', #6775, #235, #1451, .T. ) ;
#7912 = FILL_AREA_STYLE_COLOUR ( '', #5573 ) ;
#7913 = CARTESIAN_POINT ( 'NONE',  ( -0.4249999999999998200, -1.710000000000000200, 0.1270000000000002500 ) ) ;
#7914 = LINE ( 'NONE', #2170, #6167 ) ;
#7915 = DIRECTION ( 'NONE',  ( -1.000000000000000000, -0.0000000000000000000, -0.0000000000000000000 ) ) ;
#7916 = SURFACE_STYLE_USAGE ( .BOTH. , #6582 ) ;
#7917 =( GEOMETRIC_REPRESENTATION_CONTEXT ( 3 ) GLOBAL_UNCERTAINTY_ASSIGNED_CONTEXT ( ( #3500 ) ) GLOBAL_UNIT_ASSIGNED_CONTEXT ( ( #2813, #7439, #3471 ) ) REPRESENTATION_CONTEXT ( 'NONE', 'WORKASPACE' ) );
#7918 = VERTEX_POINT ( 'NONE', #3437 ) ;
#7919 = SURFACE_STYLE_FILL_AREA ( #2027 ) ;
#7920 = FILL_AREA_STYLE_COLOUR ( '', #305 ) ;
#7921 = MECHANICAL_DESIGN_GEOMETRIC_PRESENTATION_REPRESENTATION (  '', ( #6586 ), #8361 ) ;
#7922 = CARTESIAN_POINT ( 'NONE',  ( -0.9249999999999998200, -1.583686420389025100, 0.1138136583594313900 ) ) ;
#7923 = LINE ( 'NONE', #6635, #933 ) ;
#7924 = EDGE_CURVE ( 'NONE', #4334, #4709, #5778, .T. ) ;
#7925 = CARTESIAN_POINT ( 'NONE',  ( 1.575000000000000200, 1.550000000000000300, 0.4365000000000001100 ) ) ;
#7926 = FACE_OUTER_BOUND ( 'NONE', #6048, .T. ) ;
#7927 = SURFACE_SIDE_STYLE ('',( #2823 ) ) ;
#7928 = DIRECTION ( 'NONE',  ( 0.0000000000000000000, 0.0000000000000000000, 1.000000000000000000 ) ) ;
#7929 =( LENGTH_UNIT ( ) NAMED_UNIT ( * ) SI_UNIT ( .MILLI., .METRE. ) );
#7930 = LINE ( 'NONE', #3508, #6182 ) ;
#7931 = EDGE_CURVE ( 'NONE', #5647, #4986, #6484, .T. ) ;
#7932 = MECHANICAL_DESIGN_GEOMETRIC_PRESENTATION_REPRESENTATION (  '', ( #6605 ), #8374 ) ;
#7933 = AXIS2_PLACEMENT_3D ( 'NONE', #8325, #5722, #5066 ) ;
#7934 = CARTESIAN_POINT ( 'NONE',  ( -1.424999999999999800, -1.710000000000000200, 0.1270000000000002200 ) ) ;
#7935 = DIRECTION ( 'NONE',  ( -1.000000000000000000, 0.0000000000000000000, -0.0000000000000000000 ) ) ;
#7936 = CARTESIAN_POINT ( 'NONE',  ( -1.424999999999999800, -1.500000000000000000, 0.5635000000000020000 ) ) ;
#7937 = DIRECTION ( 'NONE',  ( -1.000000000000000000, 0.0000000000000000000, 0.0000000000000000000 ) ) ;
#7938 = ADVANCED_FACE ( 'NONE', ( #8252 ), #7430, .F. ) ;
#7939 = ORIENTED_EDGE ( 'NONE', *, *, #4374, .F. ) ;
#7940 = EDGE_CURVE ( 'NONE', #1909, #8436, #637, .T. ) ;
#7941 = VERTEX_POINT ( 'NONE', #3461 ) ;
#7942 =( NAMED_UNIT ( * ) SI_UNIT ( $, .STERADIAN. ) SOLID_ANGLE_UNIT ( ) );
#7943 = CARTESIAN_POINT ( 'NONE',  ( -0.6249999999999998900, -1.710000000000000200, 0.1270000000000002200 ) ) ;
#7944 = CARTESIAN_POINT ( 'NONE',  ( -0.1249999999999998900, -2.000000000000000000, 2.439454888092385000E-016 ) ) ;
#7945 = ORIENTED_EDGE ( 'NONE', *, *, #4827, .T. ) ;
#7946 = CARTESIAN_POINT ( 'NONE',  ( -0.6249999999999998900, 1.550000000000000300, 0.4365000000000001100 ) ) ;
#7947 = LINE ( 'NONE', #6099, #2868 ) ;
#7948 = LINE ( 'NONE', #2765, #7740 ) ;
#7949 = ORIENTED_EDGE ( 'NONE', *, *, #5437, .T. ) ;
#7950 = CARTESIAN_POINT ( 'NONE',  ( 0.07500000000000019200, 2.000000000000000000, 0.1270000000000002500 ) ) ;
#7951 = FILL_AREA_STYLE_COLOUR ( '', #3685 ) ;
#7952 = MECHANICAL_DESIGN_GEOMETRIC_PRESENTATION_REPRESENTATION (  '', ( #7058 ), #8403 ) ;
#7953 =( LENGTH_UNIT ( ) NAMED_UNIT ( * ) SI_UNIT ( .MILLI., .METRE. ) );
#7954 = AXIS2_PLACEMENT_3D ( 'NONE', #914, #4826, #236 ) ;
#7955 = ORIENTED_EDGE ( 'NONE', *, *, #5950, .F. ) ;
#7956 = DIRECTION ( 'NONE',  ( 0.0000000000000000000, -1.000000000000000000, 1.168321306557656000E-016 ) ) ;
#7957 = EDGE_CURVE ( 'NONE', #1575, #8058, #7418, .T. ) ;
#7958 = ORIENTED_EDGE ( 'NONE', *, *, #7596, .T. ) ;
#7959 = CARTESIAN_POINT ( 'NONE',  ( -0.4249999999999998200, -1.710000000000000200, 2.710505431213761100E-016 ) ) ;
#7960 = PRESENTATION_STYLE_ASSIGNMENT (( #1038 ) ) ;
#7961 = DIRECTION ( 'NONE',  ( -1.000000000000000000, -0.0000000000000000000, -0.0000000000000000000 ) ) ;
#7962 = EDGE_LOOP ( 'NONE', ( #2228, #5990, #6095, #5786 ) ) ;
#7963 =( NAMED_UNIT ( * ) SI_UNIT ( $, .STERADIAN. ) SOLID_ANGLE_UNIT ( ) );
#7964 = PRESENTATION_LAYER_ASSIGNMENT (  '', '', ( #7074 ) ) ;
#7965 = CIRCLE ( 'NONE', #1184, 0.1270000000000008600 ) ;
#7966 = ORIENTED_EDGE ( 'NONE', *, *, #1250, .F. ) ;
#7967 = CARTESIAN_POINT ( 'NONE',  ( -1.625000000000000000, 1.710000000000000200, 2.710505431213761100E-016 ) ) ;
#7968 = ORIENTED_EDGE ( 'NONE', *, *, #1304, .T. ) ;
#7969 = STYLED_ITEM ( 'NONE', ( #7221 ), #2074 ) ;
#7970 = VECTOR ( 'NONE', #5376, 1000.000000000000000 ) ;
#7971 = CARTESIAN_POINT ( 'NONE',  ( 0.07500000000000019200, -1.500000000000000000, 0.5635000000000020000 ) ) ;
#7972 = EDGE_CURVE ( 'NONE', #5090, #5551, #5667, .T. ) ;
#7973 = DIRECTION ( 'NONE',  ( 0.0000000000000000000, -0.1038294617367628000, 0.9945951150470496700 ) ) ;
#7974 = ORIENTED_EDGE ( 'NONE', *, *, #2710, .F. ) ;
#7975 = EDGE_LOOP ( 'NONE', ( #4075, #4701, #573, #2104 ) ) ;
#7976 = CARTESIAN_POINT ( 'NONE',  ( 1.075000000000000200, 1.710000000000000200, 0.1270000000000002200 ) ) ;
#7977 = VECTOR ( 'NONE', #3792, 1000.000000000000200 ) ;
#7978 = PRESENTATION_LAYER_ASSIGNMENT (  '', '', ( #7084 ) ) ;
#7979 = MANIFOLD_SOLID_BREP ( 'Lead2', #4766 ) ;
#7980 = CARTESIAN_POINT ( 'NONE',  ( 0.07500000000000019200, 1.676313579610975200, 0.4496863416405709200 ) ) ;
#7981 = ADVANCED_FACE ( 'NONE', ( #7200 ), #7491, .F. ) ;
#7982 = FACE_OUTER_BOUND ( 'NONE', #6679, .T. ) ;
#7983 = CARTESIAN_POINT ( 'NONE',  ( -0.9249999999999998200, 1.676313579610975200, 0.4496863416405709200 ) ) ;
#7984 = FILL_AREA_STYLE ('',( #1391 ) ) ;
#7985 = FILL_AREA_STYLE_COLOUR ( '', #2061 ) ;
#7986 =( NAMED_UNIT ( * ) SI_UNIT ( $, .STERADIAN. ) SOLID_ANGLE_UNIT ( ) );
#7987 = VECTOR ( 'NONE', #8210, 1000.000000000000000 ) ;
#7988 = ORIENTED_EDGE ( 'NONE', *, *, #4893, .F. ) ;
#7989 = EDGE_CURVE ( 'NONE', #177, #7422, #7725, .T. ) ;
#7990 = CARTESIAN_POINT ( 'NONE',  ( 1.575000000000000200, 1.500000000000000400, 0.4365000000000020500 ) ) ;
#7991 = AXIS2_PLACEMENT_3D ( 'NONE', #3583, #8218, #4263 ) ;
#7992 = FILL_AREA_STYLE_COLOUR ( '', #1468 ) ;
#7993 = VECTOR ( 'NONE', #2044, 1000.000000000000000 ) ;
#7994 = DIRECTION ( 'NONE',  ( 0.0000000000000000000, 0.1038294617367629000, 0.9945951150470496700 ) ) ;
#7995 = VERTEX_POINT ( 'NONE', #1592 ) ;
#7996 = ORIENTED_EDGE ( 'NONE', *, *, #7924, .T. ) ;
#7997 = VERTEX_POINT ( 'NONE', #2245 ) ;
#7998 = ADVANCED_FACE ( 'NONE', ( #5975 ), #6878, .F. ) ;
#7999 = ORIENTED_EDGE ( 'NONE', *, *, #5142, .F. ) ;
#8000 =( NAMED_UNIT ( * ) SI_UNIT ( $, .STERADIAN. ) SOLID_ANGLE_UNIT ( ) );
#8001 = ORIENTED_EDGE ( 'NONE', *, *, #6336, .F. ) ;
#8002 = SURFACE_SIDE_STYLE ('',( #866 ) ) ;
#8003 = SURFACE_STYLE_USAGE ( .BOTH. , #3368 ) ;
#8004 = MECHANICAL_DESIGN_GEOMETRIC_PRESENTATION_REPRESENTATION (  '', ( #7101 ), #8455 ) ;
#8005 = CYLINDRICAL_SURFACE ( 'NONE', #7933, 0.1999999999999999800 ) ;
#8006 = DIRECTION ( 'NONE',  ( -0.0000000000000000000, 0.1038294617367628000, -0.9945951150470496700 ) ) ;
#8007 = ORIENTED_EDGE ( 'NONE', *, *, #7515, .F. ) ;
#8008 = UNCERTAINTY_MEASURE_WITH_UNIT (LENGTH_MEASURE( 1.000000000000000100E-005 ), #6600, 'distance_accuracy_value', 'NONE');
#8009 = DIRECTION ( 'NONE',  ( -1.000000000000000000, 0.0000000000000000000, -0.0000000000000000000 ) ) ;
#8010 = ORIENTED_EDGE ( 'NONE', *, *, #8133, .F. ) ;
#8011 = VECTOR ( 'NONE', #6513, 1000.000000000000000 ) ;
#8012 = VERTEX_POINT ( 'NONE', #2942 ) ;
#8013 = SURFACE_STYLE_USAGE ( .BOTH. , #3373 ) ;
#8014 = FILL_AREA_STYLE_COLOUR ( '', #533 ) ;
#8015 = PRESENTATION_STYLE_ASSIGNMENT (( #3638 ) ) ;
#8016 = PLANE ( 'NONE',  #240 ) ;
#8017 = CARTESIAN_POINT ( 'NONE',  ( 0.07500000000000019200, -1.676313579610975200, 0.4496863416405709200 ) ) ;
#8018 = CARTESIAN_POINT ( 'NONE',  ( 0.07500000000000019200, 1.710000000000000200, 0.1270000000000002200 ) ) ;
#8019 = PRESENTATION_STYLE_ASSIGNMENT (( #8187 ) ) ;
#8020 = UNCERTAINTY_MEASURE_WITH_UNIT (LENGTH_MEASURE( 1.000000000000000100E-005 ), #253, 'distance_accuracy_value', 'NONE');
#8021 = AXIS2_PLACEMENT_3D ( 'NONE', #6383, #2429, #7047 ) ;
#8022 = DIRECTION ( 'NONE',  ( -1.000000000000000000, -0.0000000000000000000, -0.0000000000000000000 ) ) ;
#8023 = SURFACE_SIDE_STYLE ('',( #2214 ) ) ;
#8024 = EDGE_CURVE ( 'NONE', #826, #3498, #5350, .T. ) ;
#8025 = CARTESIAN_POINT ( 'NONE',  ( 2.000000000000000000, -1.299999999999999800, 0.6999999999999997300 ) ) ;
#8026 = COLOUR_RGB ( '',1.000000000000000000, 1.000000000000000000, 1.000000000000000000 ) ;
#8027 = EDGE_LOOP ( 'NONE', ( #3426, #5037, #7454, #1995 ) ) ;
#8028 = FILL_AREA_STYLE_COLOUR ( '', #917 ) ;
#8029 = ADVANCED_FACE ( 'NONE', ( #1839 ), #7578, .T. ) ;
#8030 = CIRCLE ( 'NONE', #2110, 0.1270000000000008600 ) ;
#8031 = DIRECTION ( 'NONE',  ( 0.0000000000000000000, -0.1038294617367628000, -0.9945951150470496700 ) ) ;
#8032 = AXIS2_PLACEMENT_3D ( 'NONE', #5796, #1838, #6447 ) ;
#8033 = DIRECTION ( 'NONE',  ( -1.000000000000000000, -0.0000000000000000000, 0.0000000000000000000 ) ) ;
#8034 =( GEOMETRIC_REPRESENTATION_CONTEXT ( 3 ) GLOBAL_UNCERTAINTY_ASSIGNED_CONTEXT ( ( #6220 ) ) GLOBAL_UNIT_ASSIGNED_CONTEXT ( ( #2185, #3866, #7033 ) ) REPRESENTATION_CONTEXT ( 'NONE', 'WORKASPACE' ) );
#8035 = FACE_OUTER_BOUND ( 'NONE', #5096, .T. ) ;
#8036 = EDGE_CURVE ( 'NONE', #23, #5616, #6293, .T. ) ;
#8037 = CIRCLE ( 'NONE', #3485, 0.1999999999999999800 ) ;
#8038 = FILL_AREA_STYLE ('',( #5410 ) ) ;
#8039 = DIRECTION ( 'NONE',  ( -1.000000000000000000, -0.0000000000000000000, -0.0000000000000000000 ) ) ;
#8040 = CARTESIAN_POINT ( 'NONE',  ( -1.125000000000000000, -1.676313579610975200, 0.4496863416405709200 ) ) ;
#8041 = DIRECTION ( 'NONE',  ( -0.0000000000000000000, -1.000000000000000000, 2.168404344971012800E-015 ) ) ;
#8042 = ORIENTED_EDGE ( 'NONE', *, *, #6108, .T. ) ;
#8043 = PLANE ( 'NONE',  #7370 ) ;
#8044 = EDGE_CURVE ( 'NONE', #8527, #5683, #2956, .T. ) ;
#8045 = DIRECTION ( 'NONE',  ( -1.000000000000000000, 0.0000000000000000000, -0.0000000000000000000 ) ) ;
#8046 = PRESENTATION_STYLE_ASSIGNMENT (( #5467 ) ) ;
#8047 = PRESENTATION_LAYER_ASSIGNMENT (  '', '', ( #8491 ) ) ;
#8048 = AXIS2_PLACEMENT_3D ( 'NONE', #8170, #4217, #284 ) ;
#8049 = ORIENTED_EDGE ( 'NONE', *, *, #3949, .T. ) ;
#8050 = DIRECTION ( 'NONE',  ( -0.0000000000000000000, -0.0000000000000000000, 1.000000000000000000 ) ) ;
#8051 =( LENGTH_UNIT ( ) NAMED_UNIT ( * ) SI_UNIT ( .MILLI., .METRE. ) );
#8052 =( NAMED_UNIT ( * ) SI_UNIT ( $, .STERADIAN. ) SOLID_ANGLE_UNIT ( ) );
#8053 = LINE ( 'NONE', #2558, #4540 ) ;
#8054 = PRESENTATION_LAYER_ASSIGNMENT (  '', '', ( #7612 ) ) ;
#8055 =( GEOMETRIC_REPRESENTATION_CONTEXT ( 3 ) GLOBAL_UNCERTAINTY_ASSIGNED_CONTEXT ( ( #6318 ) ) GLOBAL_UNIT_ASSIGNED_CONTEXT ( ( #4431, #506, #5092 ) ) REPRESENTATION_CONTEXT ( 'NONE', 'WORKASPACE' ) );
#8056 = CARTESIAN_POINT ( 'NONE',  ( 1.575000000000000200, 2.000000000000000000, 2.439454888092385000E-016 ) ) ;
#8057 = SURFACE_SIDE_STYLE ('',( #6725 ) ) ;
#8058 = VERTEX_POINT ( 'NONE', #6310 ) ;
#8059 =( NAMED_UNIT ( * ) SI_UNIT ( $, .STERADIAN. ) SOLID_ANGLE_UNIT ( ) );
#8060 = PLANE ( 'NONE',  #2278 ) ;
#8061 = SURFACE_SIDE_STYLE ('',( #1423 ) ) ;
#8062 = VERTEX_POINT ( 'NONE', #6969 ) ;
#8063 = UNCERTAINTY_MEASURE_WITH_UNIT (LENGTH_MEASURE( 1.000000000000000100E-005 ), #5764, 'distance_accuracy_value', 'NONE');
#8064 = CARTESIAN_POINT ( 'NONE',  ( -1.625000000000000000, 1.583686420389025100, 0.1138136583594313900 ) ) ;
#8065 = STYLED_ITEM ( 'NONE', ( #8105 ), #5866 ) ;
#8066 = ORIENTED_EDGE ( 'NONE', *, *, #4594, .F. ) ;
#8067 = ADVANCED_FACE ( 'NONE', ( #1039 ), #387, .F. ) ;
#8068 = SURFACE_STYLE_USAGE ( .BOTH. , #3434 ) ;
#8069 = VECTOR ( 'NONE', #956, 1000.000000000000000 ) ;
#8070 = MECHANICAL_DESIGN_GEOMETRIC_PRESENTATION_REPRESENTATION (  '', ( #7166 ), #8523 ) ;
#8071 = LINE ( 'NONE', #1450, #2992 ) ;
#8072 = CARTESIAN_POINT ( 'NONE',  ( -0.4249999999999998200, -2.000000000000000000, 0.1270000000000002500 ) ) ;
#8073 = EDGE_CURVE ( 'NONE', #7848, #2787, #6082, .T. ) ;
#8074 = ORIENTED_EDGE ( 'NONE', *, *, #7764, .T. ) ;
#8075 = LINE ( 'NONE', #938, #4558 ) ;
#8076 = DIRECTION ( 'NONE',  ( 0.0000000000000000000, 0.0000000000000000000, 1.000000000000000000 ) ) ;
#8077 = ORIENTED_EDGE ( 'NONE', *, *, #4651, .T. ) ;
#8078 = CARTESIAN_POINT ( 'NONE',  ( -0.9249999999999998200, 1.500000000000000000, 0.5635000000000020000 ) ) ;
#8079 = MECHANICAL_DESIGN_GEOMETRIC_PRESENTATION_REPRESENTATION (  '', ( #6755 ), #8533 ) ;
#8080 = ORIENTED_EDGE ( 'NONE', *, *, #3529, .T. ) ;
#8081 = ORIENTED_EDGE ( 'NONE', *, *, #7957, .T. ) ;
#8082 = CARTESIAN_POINT ( 'NONE',  ( 1.075000000000000200, 1.500000000000000000, 0.5635000000000020000 ) ) ;
#8083 = VECTOR ( 'NONE', #4620, 1000.000000000000200 ) ;
#8084 = CARTESIAN_POINT ( 'NONE',  ( -1.424999999999999800, 2.000000000000000000, 2.439454888092385000E-016 ) ) ;
#8085 = EDGE_CURVE ( 'NONE', #2147, #2168, #8037, .T. ) ;
#8086 = PRESENTATION_STYLE_ASSIGNMENT (( #4968 ) ) ;
#8087 = UNCERTAINTY_MEASURE_WITH_UNIT (LENGTH_MEASURE( 1.000000000000000100E-005 ), #3724, 'distance_accuracy_value', 'NONE');
#8088 = ORIENTED_EDGE ( 'NONE', *, *, #4154, .T. ) ;
#8089 = FILL_AREA_STYLE_COLOUR ( '', #7560 ) ;
#8090 = CARTESIAN_POINT ( 'NONE',  ( -0.6249999999999998900, 2.000000000000000000, 2.439454888092385000E-016 ) ) ;
#8091 = DIRECTION ( 'NONE',  ( -0.0000000000000000000, 1.000000000000000000, -0.0000000000000000000 ) ) ;
#8092 =( NAMED_UNIT ( * ) SI_UNIT ( $, .STERADIAN. ) SOLID_ANGLE_UNIT ( ) );
#8093 = MECHANICAL_DESIGN_GEOMETRIC_PRESENTATION_REPRESENTATION (  '', ( #6768 ), #8544 ) ;
#8094 = DIRECTION ( 'NONE',  ( -1.000000000000000000, -0.0000000000000000000, -0.0000000000000000000 ) ) ;
#8095 = ORIENTED_EDGE ( 'NONE', *, *, #6820, .T. ) ;
#8096 = ORIENTED_EDGE ( 'NONE', *, *, #5862, .F. ) ;
#8097 = CARTESIAN_POINT ( 'NONE',  ( 1.800000000000000000, 1.300000000000000300, 0.3000000000000000400 ) ) ;
#8098 = COLOUR_RGB ( '',1.000000000000000000, 1.000000000000000000, 1.000000000000000000 ) ;
#8099 = DIRECTION ( 'NONE',  ( 1.000000000000000000, 0.0000000000000000000, 0.0000000000000000000 ) ) ;
#8100 = EDGE_LOOP ( 'NONE', ( #6440, #2201, #8381, #5913 ) ) ;
#8101 = EDGE_CURVE ( 'NONE', #905, #224, #4322, .T. ) ;
#8102 = ORIENTED_EDGE ( 'NONE', *, *, #1488, .T. ) ;
#8103 =( LENGTH_UNIT ( ) NAMED_UNIT ( * ) SI_UNIT ( .MILLI., .METRE. ) );
#8104 = MECHANICAL_DESIGN_GEOMETRIC_PRESENTATION_REPRESENTATION (  '', ( #7206 ), #6 ) ;
#8105 = PRESENTATION_STYLE_ASSIGNMENT (( #1301 ) ) ;
#8106 = VERTEX_POINT ( 'NONE', #3686 ) ;
#8107 = FACE_OUTER_BOUND ( 'NONE', #7975, .T. ) ;
#8108 =( NAMED_UNIT ( * ) PLANE_ANGLE_UNIT ( ) SI_UNIT ( $, .RADIAN. ) );
#8109 = ADVANCED_FACE ( 'NONE', ( #5868 ), #444, .F. ) ;
#8110 = CARTESIAN_POINT ( 'NONE',  ( 0.07500000000000019200, 2.000000000000000000, 2.439454888092385000E-016 ) ) ;
#8111 = UNCERTAINTY_MEASURE_WITH_UNIT (LENGTH_MEASURE( 1.000000000000000100E-005 ), #5627, 'distance_accuracy_value', 'NONE');
#8112 = VERTEX_POINT ( 'NONE', #7016 ) ;
#8113 = LINE ( 'NONE', #2323, #3039 ) ;
#8114 = LINE ( 'NONE', #8378, #3040 ) ;
#8115 = FILL_AREA_STYLE ('',( #1002 ) ) ;
#8116 =( NAMED_UNIT ( * ) PLANE_ANGLE_UNIT ( ) SI_UNIT ( $, .RADIAN. ) );
#8117 = DIRECTION ( 'NONE',  ( -1.000000000000000000, -0.0000000000000000000, -0.0000000000000000000 ) ) ;
#8118 = SURFACE_STYLE_FILL_AREA ( #5550 ) ;
#8119 = CARTESIAN_POINT ( 'NONE',  ( 0.07500000000000019200, 1.710000000000000200, 0.1270000000000002500 ) ) ;
#8120 = SURFACE_SIDE_STYLE ('',( #5747 ) ) ;
#8121 = ORIENTED_EDGE ( 'NONE', *, *, #1260, .T. ) ;
#8122 = SURFACE_STYLE_FILL_AREA ( #2235 ) ;
#8123 = DIRECTION ( 'NONE',  ( -1.000000000000000000, -0.0000000000000000000, -0.0000000000000000000 ) ) ;
#8124 =( NAMED_UNIT ( * ) SI_UNIT ( $, .STERADIAN. ) SOLID_ANGLE_UNIT ( ) );
#8125 = CARTESIAN_POINT ( 'NONE',  ( -0.6249999999999998900, 2.000000000000000000, 2.439454888092385000E-016 ) ) ;
#8126 = SURFACE_SIDE_STYLE ('',( #4424 ) ) ;
#8127 = DIRECTION ( 'NONE',  ( -1.000000000000000000, -0.0000000000000000000, -0.0000000000000000000 ) ) ;
#8128 = STYLED_ITEM ( 'NONE', ( #3819 ), #6689 ) ;
#8129 = VECTOR ( 'NONE', #4320, 1000.000000000000000 ) ;
#8130 = ORIENTED_EDGE ( 'NONE', *, *, #6010, .T. ) ;
#8131 =( GEOMETRIC_REPRESENTATION_CONTEXT ( 3 ) GLOBAL_UNCERTAINTY_ASSIGNED_CONTEXT ( ( #332 ) ) GLOBAL_UNIT_ASSIGNED_CONTEXT ( ( #1563, #6177, #2188 ) ) REPRESENTATION_CONTEXT ( 'NONE', 'WORKASPACE' ) );
#8132 = SURFACE_STYLE_USAGE ( .BOTH. , #3495 ) ;
#8133 = EDGE_CURVE ( 'NONE', #1475, #8201, #1409, .T. ) ;
#8134 = SURFACE_SIDE_STYLE ('',( #5365 ) ) ;
#8135 = CARTESIAN_POINT ( 'NONE',  ( -0.1249999999999998900, -1.500000000000000000, 0.5635000000000020000 ) ) ;
#8136 = ORIENTED_EDGE ( 'NONE', *, *, #7301, .T. ) ;
#8137 = PRESENTATION_STYLE_ASSIGNMENT (( #3073 ) ) ;
#8138 = FILL_AREA_STYLE ('',( #311 ) ) ;
#8139 = AXIS2_PLACEMENT_3D ( 'NONE', #6188, #3678, #6717 ) ;
#8140 = LINE ( 'NONE', #2289, #6381 ) ;
#8141 = DIRECTION ( 'NONE',  ( 0.0000000000000000000, -1.000000000000000000, 1.355252715606880500E-017 ) ) ;
#8142 = DIRECTION ( 'NONE',  ( -1.000000000000000000, -0.0000000000000000000, -0.0000000000000000000 ) ) ;
#8143 = ORIENTED_EDGE ( 'NONE', *, *, #6401, .T. ) ;
#8144 = PLANE ( 'NONE',  #2904 ) ;
#8145 = PRESENTATION_STYLE_ASSIGNMENT (( #5240 ) ) ;
#8146 = FACE_OUTER_BOUND ( 'NONE', #1234, .T. ) ;
#8147 = DIRECTION ( 'NONE',  ( 0.0000000000000000000, 0.0000000000000000000, -1.000000000000000000 ) ) ;
#8148 = ADVANCED_FACE ( 'NONE', ( #3134 ), #8005, .T. ) ;
#8149 = DIRECTION ( 'NONE',  ( 0.0000000000000000000, 0.0000000000000000000, 1.000000000000000000 ) ) ;
#8150 = SURFACE_SIDE_STYLE ('',( #5456 ) ) ;
#8151 = EDGE_CURVE ( 'NONE', #8365, #1909, #1211, .T. ) ;
#8152 = ORIENTED_EDGE ( 'NONE', *, *, #5896, .F. ) ;
#8153 = DIRECTION ( 'NONE',  ( 0.0000000000000000000, -3.414809992080329100E-015, 1.000000000000000000 ) ) ;
#8154 =( GEOMETRIC_REPRESENTATION_CONTEXT ( 3 ) GLOBAL_UNCERTAINTY_ASSIGNED_CONTEXT ( ( #1684 ) ) GLOBAL_UNIT_ASSIGNED_CONTEXT ( ( #8103, #4152, #225 ) ) REPRESENTATION_CONTEXT ( 'NONE', 'WORKASPACE' ) );
#8155 = FACE_OUTER_BOUND ( 'NONE', #4574, .T. ) ;
#8156 = ORIENTED_EDGE ( 'NONE', *, *, #6535, .F. ) ;
#8157 = FACE_OUTER_BOUND ( 'NONE', #3501, .T. ) ;
#8158 = CARTESIAN_POINT ( 'NONE',  ( 1.075000000000000200, 2.000000000000000000, 2.439454888092385000E-016 ) ) ;
#8159 = ORIENTED_EDGE ( 'NONE', *, *, #3581, .F. ) ;
#8160 = VECTOR ( 'NONE', #3883, 1000.000000000000000 ) ;
#8161 = DIRECTION ( 'NONE',  ( -0.0000000000000000000, -0.1038294617367629000, 0.9945951150470496700 ) ) ;
#8162 = COLOUR_RGB ( '',1.000000000000000000, 1.000000000000000000, 1.000000000000000000 ) ;
#8163 = VERTEX_POINT ( 'NONE', #2427 ) ;
#8164 = LINE ( 'NONE', #343, #1367 ) ;
#8165 = ORIENTED_EDGE ( 'NONE', *, *, #1518, .F. ) ;
#8166 = UNCERTAINTY_MEASURE_WITH_UNIT (LENGTH_MEASURE( 1.000000000000000100E-005 ), #6738, 'distance_accuracy_value', 'NONE');
#8167 = ORIENTED_EDGE ( 'NONE', *, *, #3137, .F. ) ;
#8168 = DIRECTION ( 'NONE',  ( -0.0000000000000000000, 2.710505431213761100E-016, 1.000000000000000000 ) ) ;
#8169 = ORIENTED_EDGE ( 'NONE', *, *, #7135, .F. ) ;
#8170 = CARTESIAN_POINT ( 'NONE',  ( -0.9249999999999998200, -2.000000000000000000, 0.1270000000000002500 ) ) ;
#8171 =( LENGTH_UNIT ( ) NAMED_UNIT ( * ) SI_UNIT ( .MILLI., .METRE. ) );
#8172 =( GEOMETRIC_REPRESENTATION_CONTEXT ( 3 ) GLOBAL_UNCERTAINTY_ASSIGNED_CONTEXT ( ( #4677 ) ) GLOBAL_UNIT_ASSIGNED_CONTEXT ( ( #6174, #2184, #6817 ) ) REPRESENTATION_CONTEXT ( 'NONE', 'WORKASPACE' ) );
#8173 = SURFACE_STYLE_FILL_AREA ( #2094 ) ;
#8174 = DIRECTION ( 'NONE',  ( 0.0000000000000000000, 1.000000000000000000, 0.0000000000000000000 ) ) ;
#8175 = CARTESIAN_POINT ( 'NONE',  ( -1.424999999999999800, -2.000000000000000000, 2.439454888092385000E-016 ) ) ;
#8176 =( NAMED_UNIT ( * ) SI_UNIT ( $, .STERADIAN. ) SOLID_ANGLE_UNIT ( ) );
#8177 = ORIENTED_EDGE ( 'NONE', *, *, #3333, .F. ) ;
#8178 =( GEOMETRIC_REPRESENTATION_CONTEXT ( 3 ) GLOBAL_UNCERTAINTY_ASSIGNED_CONTEXT ( ( #3621 ) ) GLOBAL_UNIT_ASSIGNED_CONTEXT ( ( #1037, #5625, #1695 ) ) REPRESENTATION_CONTEXT ( 'NONE', 'WORKASPACE' ) );
#8179 = DIRECTION ( 'NONE',  ( -0.0000000000000000000, 1.000000000000000000, -0.0000000000000000000 ) ) ;
#8180 = CARTESIAN_POINT ( 'NONE',  ( 1.375000000000000200, -1.710000000000000200, 0.1270000000000002200 ) ) ;
#8181 = LINE ( 'NONE', #1183, #2898 ) ;
#8182 = LINE ( 'NONE', #5079, #7348 ) ;
#8183 = EDGE_CURVE ( 'NONE', #4367, #1773, #8213, .T. ) ;
#8184 = ORIENTED_EDGE ( 'NONE', *, *, #5612, .F. ) ;
#8185 = LINE ( 'NONE', #2514, #1187 ) ;
#8186 =( NAMED_UNIT ( * ) SI_UNIT ( $, .STERADIAN. ) SOLID_ANGLE_UNIT ( ) );
#8187 = SURFACE_STYLE_USAGE ( .BOTH. , #3558 ) ;
#8188 = CARTESIAN_POINT ( 'NONE',  ( 0.07500000000000019200, -1.500000000000000000, 0.5635000000000020000 ) ) ;
#8189 = STYLED_ITEM ( 'NONE', ( #1266 ), #7458 ) ;
#8190 =( NAMED_UNIT ( * ) SI_UNIT ( $, .STERADIAN. ) SOLID_ANGLE_UNIT ( ) );
#8191 =( NAMED_UNIT ( * ) SI_UNIT ( $, .STERADIAN. ) SOLID_ANGLE_UNIT ( ) );
#8192 = ADVANCED_FACE ( 'NONE', ( #2926 ), #1803, .F. ) ;
#8193 = UNCERTAINTY_MEASURE_WITH_UNIT (LENGTH_MEASURE( 1.000000000000000100E-005 ), #1649, 'distance_accuracy_value', 'NONE');
#8194 = CLOSED_SHELL ( 'NONE', ( #1247, #2520, #2676, #1589, #4029, #7188, #6378, #1637, #2774, #4604, #8344, #8029 ) ) ;
#8195 = LINE ( 'NONE', #4194, #2912 ) ;
#8196 = PLANE ( 'NONE',  #6681 ) ;
#8197 = EDGE_CURVE ( 'NONE', #5551, #6015, #3851, .T. ) ;
#8198 = CARTESIAN_POINT ( 'NONE',  ( -1.625000000000000000, 2.000000000000000000, 0.1270000000000002500 ) ) ;
#8199 = ORIENTED_EDGE ( 'NONE', *, *, #7496, .F. ) ;
#8200 = FILL_AREA_STYLE ('',( #4247 ) ) ;
#8201 = VERTEX_POINT ( 'NONE', #6558 ) ;
#8202 = DIRECTION ( 'NONE',  ( -1.000000000000000000, -0.0000000000000000000, -0.0000000000000000000 ) ) ;
#8203 = ORIENTED_EDGE ( 'NONE', *, *, #1977, .F. ) ;
#8204 = EDGE_CURVE ( 'NONE', #1891, #8224, #388, .T. ) ;
#8205 = SURFACE_STYLE_FILL_AREA ( #6781 ) ;
#8206 = ORIENTED_EDGE ( 'NONE', *, *, #6198, .T. ) ;
#8207 = DIRECTION ( 'NONE',  ( -1.000000000000000000, 0.0000000000000000000, -0.0000000000000000000 ) ) ;
#8208 = AXIS2_PLACEMENT_3D ( 'NONE', #2742, #7365, #3394 ) ;
#8209 = FILL_AREA_STYLE ('',( #5577 ) ) ;
#8210 = DIRECTION ( 'NONE',  ( -1.000000000000000000, 0.0000000000000000000, -0.0000000000000000000 ) ) ;
#8211 = SURFACE_SIDE_STYLE ('',( #4215 ) ) ;
#8212 = ORIENTED_EDGE ( 'NONE', *, *, #3185, .T. ) ;
#8213 = LINE ( 'NONE', #3080, #6263 ) ;
#8214 = DIRECTION ( 'NONE',  ( 0.0000000000000000000, 0.0000000000000000000, -1.000000000000000000 ) ) ;
#8215 = ORIENTED_EDGE ( 'NONE', *, *, #8036, .T. ) ;
#8216 = SPHERICAL_SURFACE ( 'NONE', #8447, 0.2000000000000000100 ) ;
#8217 = EDGE_CURVE ( 'NONE', #2500, #7041, #5626, .T. ) ;
#8218 = DIRECTION ( 'NONE',  ( 0.0000000000000000000, -0.9945951150470497800, -0.1038294617367629000 ) ) ;
#8219 =( GEOMETRIC_REPRESENTATION_CONTEXT ( 3 ) GLOBAL_UNCERTAINTY_ASSIGNED_CONTEXT ( ( #2338 ) ) GLOBAL_UNIT_ASSIGNED_CONTEXT ( ( #4289, #355, #4948 ) ) REPRESENTATION_CONTEXT ( 'NONE', 'WORKASPACE' ) );
#8220 = FILL_AREA_STYLE_COLOUR ( '', #2053 ) ;
#8221 = CARTESIAN_POINT ( 'NONE',  ( 1.575000000000000200, 2.000000000000000000, 0.1270000000000002500 ) ) ;
#8222 = LINE ( 'NONE', #5425, #1022 ) ;
#8223 = CYLINDRICAL_SURFACE ( 'NONE', #3784, 0.1999999999999999800 ) ;
#8224 = VERTEX_POINT ( 'NONE', #4598 ) ;
#8225 = DIRECTION ( 'NONE',  ( 1.000000000000000000, 0.0000000000000000000, 0.0000000000000000000 ) ) ;
#8226 = DIRECTION ( 'NONE',  ( 0.0000000000000000000, 0.9945951150470497800, -0.1038294617367629000 ) ) ;
#8227 = LINE ( 'NONE', #2247, #6462 ) ;
#8228 = ORIENTED_EDGE ( 'NONE', *, *, #3704, .T. ) ;
#8229 = DIRECTION ( 'NONE',  ( 0.0000000000000000000, -1.168321306557656000E-016, 1.000000000000000000 ) ) ;
#8230 = MECHANICAL_DESIGN_GEOMETRIC_PRESENTATION_REPRESENTATION (  '', ( #6450 ), #128 ) ;
#8231 = COLOUR_RGB ( '',1.000000000000000000, 1.000000000000000000, 1.000000000000000000 ) ;
#8232 =( NAMED_UNIT ( * ) PLANE_ANGLE_UNIT ( ) SI_UNIT ( $, .RADIAN. ) );
#8233 = DIRECTION ( 'NONE',  ( 0.0000000000000000000, 2.710505431213760100E-016, -1.000000000000000000 ) ) ;
#8234 = MECHANICAL_DESIGN_GEOMETRIC_PRESENTATION_REPRESENTATION (  '', ( #6453 ), #133 ) ;
#8235 = SURFACE_STYLE_USAGE ( .BOTH. , #3603 ) ;
#8236 = EDGE_CURVE ( 'NONE', #1281, #7479, #5426, .T. ) ;
#8237 = PLANE ( 'NONE',  #420 ) ;
#8238 = LINE ( 'NONE', #5672, #1435 ) ;
#8239 = FILL_AREA_STYLE_COLOUR ( '', #6895 ) ;
#8240 = PRESENTATION_STYLE_ASSIGNMENT (( #2062 ) ) ;
#8241 = FILL_AREA_STYLE_COLOUR ( '', #4756 ) ;
#8242 = PRESENTATION_LAYER_ASSIGNMENT (  '', '', ( #7800 ) ) ;
#8243 = SURFACE_STYLE_USAGE ( .BOTH. , #3665 ) ;
#8244 = CARTESIAN_POINT ( 'NONE',  ( 0.3750000000000001100, 1.500000000000000400, 0.4365000000000020500 ) ) ;
#8245 = PRESENTATION_LAYER_ASSIGNMENT (  '', '', ( #7802 ) ) ;
#8246 = ORIENTED_EDGE ( 'NONE', *, *, #1977, .T. ) ;
#8247 = VECTOR ( 'NONE', #3645, 1000.000000000000000 ) ;
#8248 = FILL_AREA_STYLE ('',( #6920 ) ) ;
#8249 = VECTOR ( 'NONE', #4713, 1000.000000000000000 ) ;
#8250 = EDGE_CURVE ( 'NONE', #3070, #3338, #3648, .T. ) ;
#8251 = DIRECTION ( 'NONE',  ( -1.000000000000000000, 0.0000000000000000000, -0.0000000000000000000 ) ) ;
#8252 = FACE_OUTER_BOUND ( 'NONE', #1008, .T. ) ;
#8253 = FILL_AREA_STYLE ('',( #401 ) ) ;
#8254 = CARTESIAN_POINT ( 'NONE',  ( 1.800000000000000000, -1.299999999999999800, 0.6999999999999997300 ) ) ;
#8255 = ORIENTED_EDGE ( 'NONE', *, *, #2826, .T. ) ;
#8256 = PRESENTATION_LAYER_ASSIGNMENT (  '', '', ( #6927 ) ) ;
#8257 = PRESENTATION_LAYER_ASSIGNMENT (  '', '', ( #7814 ) ) ;
#8258 =( NAMED_UNIT ( * ) SI_UNIT ( $, .STERADIAN. ) SOLID_ANGLE_UNIT ( ) );
#8259 = CARTESIAN_POINT ( 'NONE',  ( -1.424999999999999800, 2.000000000000000000, 0.1270000000000002500 ) ) ;
#8260 = VECTOR ( 'NONE', #1906, 1000.000000000000000 ) ;
#8261 =( NAMED_UNIT ( * ) SI_UNIT ( $, .STERADIAN. ) SOLID_ANGLE_UNIT ( ) );
#8262 = PRESENTATION_STYLE_ASSIGNMENT (( #2670 ) ) ;
#8263 = PLANE ( 'NONE',  #3171 ) ;
#8264 = VECTOR ( 'NONE', #4267, 1000.000000000000000 ) ;
#8265 = ORIENTED_EDGE ( 'NONE', *, *, #7172, .F. ) ;
#8266 = CARTESIAN_POINT ( 'NONE',  ( -0.4249999999999998200, 1.710000000000000200, 0.1270000000000002500 ) ) ;
#8267 = DIRECTION ( 'NONE',  ( 0.0000000000000000000, 0.0000000000000000000, 1.000000000000000000 ) ) ;
#8268 = FACE_OUTER_BOUND ( 'NONE', #3667, .T. ) ;
#8269 = SURFACE_STYLE_FILL_AREA ( #6972 ) ;
#8270 = EDGE_CURVE ( 'NONE', #4719, #544, #2095, .T. ) ;
#8271 = STYLED_ITEM ( 'NONE', ( #5948 ), #4029 ) ;
#8272 = ORIENTED_EDGE ( 'NONE', *, *, #7989, .F. ) ;
#8273 = EDGE_LOOP ( 'NONE', ( #8383, #327, #3191 ) ) ;
#8274 =( LENGTH_UNIT ( ) NAMED_UNIT ( * ) SI_UNIT ( .MILLI., .METRE. ) );
#8275 = SURFACE_STYLE_FILL_AREA ( #7474 ) ;
#8276 = DIRECTION ( 'NONE',  ( 0.0000000000000000000, 0.0000000000000000000, 1.000000000000000000 ) ) ;
#8277 = SURFACE_STYLE_USAGE ( .BOTH. , #3643 ) ;
#8278 = VERTEX_POINT ( 'NONE', #40 ) ;
#8279 = UNCERTAINTY_MEASURE_WITH_UNIT (LENGTH_MEASURE( 1.000000000000000100E-005 ), #2299, 'distance_accuracy_value', 'NONE');
#8280 = DIRECTION ( 'NONE',  ( -1.000000000000000000, -0.0000000000000000000, -0.0000000000000000000 ) ) ;
#8281 = VECTOR ( 'NONE', #8117, 1000.000000000000000 ) ;
#8282 = STYLED_ITEM ( 'NONE', ( #6576 ), #5254 ) ;
#8283 = ORIENTED_EDGE ( 'NONE', *, *, #3821, .T. ) ;
#8284 =( LENGTH_UNIT ( ) NAMED_UNIT ( * ) SI_UNIT ( .MILLI., .METRE. ) );
#8285 = CARTESIAN_POINT ( 'NONE',  ( 0.3750000000000001100, -1.550000000000000300, 0.4365000000000002200 ) ) ;
#8286 = DIRECTION ( 'NONE',  ( -1.000000000000000000, 0.0000000000000000000, -0.0000000000000000000 ) ) ;
#8287 = ORIENTED_EDGE ( 'NONE', *, *, #7931, .F. ) ;
#8288 = CARTESIAN_POINT ( 'NONE',  ( -0.9249999999999998200, 1.500000000000000000, 0.5635000000000020000 ) ) ;
#8289 = VERTEX_POINT ( 'NONE', #3283 ) ;
#8290 = CARTESIAN_POINT ( 'NONE',  ( 0.5750000000000001800, -1.710000000000000200, 0.1270000000000002200 ) ) ;
#8291 = SURFACE_STYLE_FILL_AREA ( #4305 ) ;
#8292 = VERTEX_POINT ( 'NONE', #4622 ) ;
#8293 = PRESENTATION_LAYER_ASSIGNMENT (  '', '', ( #7406 ) ) ;
#8294 = ORIENTED_EDGE ( 'NONE', *, *, #3871, .F. ) ;
#8295 = ORIENTED_EDGE ( 'NONE', *, *, #1538, .F. ) ;
#8296 = DIRECTION ( 'NONE',  ( 0.0000000000000000000, 0.1038294617367628800, -0.9945951150470496700 ) ) ;
#8297 = AXIS2_PLACEMENT_3D ( 'NONE', #4628, #716, #5302 ) ;
#8298 = EDGE_LOOP ( 'NONE', ( #7468, #8314, #8136, #3938 ) ) ;
#8299 = PLANE ( 'NONE',  #3236 ) ;
#8300 =( NAMED_UNIT ( * ) PLANE_ANGLE_UNIT ( ) SI_UNIT ( $, .RADIAN. ) );
#8301 = EDGE_CURVE ( 'NONE', #5490, #3703, #1723, .T. ) ;
#8302 = PLANE ( 'NONE',  #4881 ) ;
#8303 = ORIENTED_EDGE ( 'NONE', *, *, #3352, .T. ) ;
#8304 = CARTESIAN_POINT ( 'NONE',  ( -0.9249999999999998200, 1.500000000000000000, 0.5635000000000020000 ) ) ;
#8305 = PRESENTATION_STYLE_ASSIGNMENT (( #8068 ) ) ;
#8306 = CARTESIAN_POINT ( 'NONE',  ( 0.07500000000000019200, -1.550000000000000300, 0.4365000000000001100 ) ) ;
#8307 = CARTESIAN_POINT ( 'NONE',  ( -0.1249999999999998900, -1.500000000000000400, 0.4365000000000020500 ) ) ;
#8308 = SURFACE_STYLE_USAGE ( .BOTH. , #3672 ) ;
#8309 = AXIS2_PLACEMENT_3D ( 'NONE', #1640, #8033, #5746 ) ;
#8310 = PRESENTATION_STYLE_ASSIGNMENT (( #2016 ) ) ;
#8311 = CARTESIAN_POINT ( 'NONE',  ( -0.4249999999999998200, 1.710000000000000200, 0.1270000000000002200 ) ) ;
#8312 = EDGE_CURVE ( 'NONE', #2101, #7050, #5216, .T. ) ;
#8313 = LINE ( 'NONE', #5217, #3237 ) ;
#8314 = ORIENTED_EDGE ( 'NONE', *, *, #215, .F. ) ;
#8315 = LINE ( 'NONE', #3329, #6551 ) ;
#8316 = SURFACE_SIDE_STYLE ('',( #3995 ) ) ;
#8317 = EDGE_LOOP ( 'NONE', ( #3842, #5085, #2875, #6050 ) ) ;
#8318 = ORIENTED_EDGE ( 'NONE', *, *, #708, .F. ) ;
#8319 = CARTESIAN_POINT ( 'NONE',  ( 0.8750000000000001100, -1.500000000000000000, 0.5635000000000020000 ) ) ;
#8320 = COLOUR_RGB ( '',1.000000000000000000, 1.000000000000000000, 1.000000000000000000 ) ;
#8321 = DIRECTION ( 'NONE',  ( 0.0000000000000000000, -1.000000000000000000, -3.686287386450737200E-014 ) ) ;
#8322 = EDGE_CURVE ( 'NONE', #5630, #905, #6970, .T. ) ;
#8323 = AXIS2_PLACEMENT_3D ( 'NONE', #2641, #7251, #3298 ) ;
#8324 = SURFACE_SIDE_STYLE ('',( #6951 ) ) ;
#8325 = CARTESIAN_POINT ( 'NONE',  ( 2.000000000000000000, 1.300000000000000300, 0.7000000000000000700 ) ) ;
#8326 = CARTESIAN_POINT ( 'NONE',  ( 2.000000000000000000, -1.299999999999999800, 0.6999999999999997300 ) ) ;
#8327 = DIRECTION ( 'NONE',  ( 0.0000000000000000000, -2.710505431213761100E-016, -1.000000000000000000 ) ) ;
#8328 = VECTOR ( 'NONE', #7543, 1000.000000000000000 ) ;
#8329 = PRESENTATION_LAYER_ASSIGNMENT (  '', '', ( #227 ) ) ;
#8330 = SURFACE_STYLE_FILL_AREA ( #2589 ) ;
#8331 =( NAMED_UNIT ( * ) SI_UNIT ( $, .STERADIAN. ) SOLID_ANGLE_UNIT ( ) );
#8332 = DIRECTION ( 'NONE',  ( -0.0000000000000000000, 1.000000000000000000, -0.0000000000000000000 ) ) ;
#8333 =( GEOMETRIC_REPRESENTATION_CONTEXT ( 3 ) GLOBAL_UNCERTAINTY_ASSIGNED_CONTEXT ( ( #1730 ) ) GLOBAL_UNIT_ASSIGNED_CONTEXT ( ( #675, #5257, #1320 ) ) REPRESENTATION_CONTEXT ( 'NONE', 'WORKASPACE' ) );
#8334 = FILL_AREA_STYLE ('',( #6346 ) ) ;
#8335 = DIRECTION ( 'NONE',  ( -1.000000000000000000, 0.0000000000000000000, -0.0000000000000000000 ) ) ;
#8336 = CARTESIAN_POINT ( 'NONE',  ( 2.125000000000000000, 1.500000000000000000, 0.5635000000000000000 ) ) ;
#8337 = ORIENTED_EDGE ( 'NONE', *, *, #5576, .F. ) ;
#8338 = COLOUR_RGB ( '',1.000000000000000000, 1.000000000000000000, 1.000000000000000000 ) ;
#8339 = VECTOR ( 'NONE', #3260, 1000.000000000000000 ) ;
#8340 = ORIENTED_EDGE ( 'NONE', *, *, #2386, .F. ) ;
#8341 = COLOUR_RGB ( '',1.000000000000000000, 1.000000000000000000, 1.000000000000000000 ) ;
#8342 =( LENGTH_UNIT ( ) NAMED_UNIT ( * ) SI_UNIT ( .MILLI., .METRE. ) );
#8343 = SURFACE_SIDE_STYLE ('',( #5347 ) ) ;
#8344 = ADVANCED_FACE ( 'NONE', ( #6763 ), #739, .F. ) ;
#8345 = STYLED_ITEM ( 'NONE', ( #7149 ), #6030 ) ;
#8346 = CYLINDRICAL_SURFACE ( 'NONE', #679, 0.1269999999999999500 ) ;
#8347 = ORIENTED_EDGE ( 'NONE', *, *, #6150, .F. ) ;
#8348 = FILL_AREA_STYLE ('',( #7010 ) ) ;
#8349 = AXIS2_PLACEMENT_3D ( 'NONE', #8082, #4128, #208 ) ;
#8350 = VECTOR ( 'NONE', #7526, 1000.000000000000000 ) ;
#8351 = SURFACE_STYLE_FILL_AREA ( #2213 ) ;
#8352 = DIRECTION ( 'NONE',  ( 1.000000000000000000, -0.0000000000000000000, -0.0000000000000000000 ) ) ;
#8353 = EDGE_CURVE ( 'NONE', #2155, #3367, #912, .T. ) ;
#8354 = UNCERTAINTY_MEASURE_WITH_UNIT (LENGTH_MEASURE( 1.000000000000000100E-005 ), #7452, 'distance_accuracy_value', 'NONE');
#8355 = VECTOR ( 'NONE', #8413, 1000.000000000000000 ) ;
#8356 = CARTESIAN_POINT ( 'NONE',  ( 1.375000000000000200, 1.710000000000000200, 0.1270000000000002200 ) ) ;
#8357 = ORIENTED_EDGE ( 'NONE', *, *, #4335, .F. ) ;
#8358 = CARTESIAN_POINT ( 'NONE',  ( 1.800000000000000000, -1.299999999999999800, 0.0000000000000000000 ) ) ;
#8359 = VECTOR ( 'NONE', #8076, 1000.000000000000000 ) ;
#8360 = VECTOR ( 'NONE', #3991, 1000.000000000000000 ) ;
#8361 =( GEOMETRIC_REPRESENTATION_CONTEXT ( 3 ) GLOBAL_UNCERTAINTY_ASSIGNED_CONTEXT ( ( #108 ) ) GLOBAL_UNIT_ASSIGNED_CONTEXT ( ( #5267, #1992, #899 ) ) REPRESENTATION_CONTEXT ( 'NONE', 'WORKASPACE' ) );
#8362 = FACE_OUTER_BOUND ( 'NONE', #274, .T. ) ;
#8363 =( LENGTH_UNIT ( ) NAMED_UNIT ( * ) SI_UNIT ( .MILLI., .METRE. ) );
#8364 = EDGE_CURVE ( 'NONE', #3324, #7187, #2617, .T. ) ;
#8365 = VERTEX_POINT ( 'NONE', #1411 ) ;
#8366 = DIRECTION ( 'NONE',  ( 0.0000000000000000000, 0.0000000000000000000, 1.000000000000000000 ) ) ;
#8367 = SURFACE_STYLE_USAGE ( .BOTH. , #4419 ) ;
#8368 = DIRECTION ( 'NONE',  ( 0.0000000000000000000, 0.0000000000000000000, 1.000000000000000000 ) ) ;
#8369 = LINE ( 'NONE', #4386, #4847 ) ;
#8370 = LINE ( 'NONE', #509, #3292 ) ;
#8371 = ORIENTED_EDGE ( 'NONE', *, *, #6700, .T. ) ;
#8372 = EDGE_CURVE ( 'NONE', #5256, #8365, #7686, .T. ) ;
#8373 = SURFACE_STYLE_USAGE ( .BOTH. , #8057 ) ;
#8374 =( GEOMETRIC_REPRESENTATION_CONTEXT ( 3 ) GLOBAL_UNCERTAINTY_ASSIGNED_CONTEXT ( ( #531 ) ) GLOBAL_UNIT_ASSIGNED_CONTEXT ( ( #2065, #2426, #81 ) ) REPRESENTATION_CONTEXT ( 'NONE', 'WORKASPACE' ) );
#8375 = VECTOR ( 'NONE', #2530, 1000.000000000000000 ) ;
#8376 = PRESENTATION_LAYER_ASSIGNMENT (  '', '', ( #6606 ) ) ;
#8377 = ORIENTED_EDGE ( 'NONE', *, *, #167, .T. ) ;
#8378 = CARTESIAN_POINT ( 'NONE',  ( 1.075000000000000200, 1.500000000000000000, 0.5635000000000020000 ) ) ;
#8379 = ADVANCED_FACE ( 'NONE', ( #2413 ), #122, .T. ) ;
#8380 = UNCERTAINTY_MEASURE_WITH_UNIT (LENGTH_MEASURE( 1.000000000000000100E-005 ), #7542, 'distance_accuracy_value', 'NONE');
#8381 = ORIENTED_EDGE ( 'NONE', *, *, #5591, .T. ) ;
#8382 = SURFACE_STYLE_USAGE ( .BOTH. , #3737 ) ;
#8383 = ORIENTED_EDGE ( 'NONE', *, *, #4941, .T. ) ;
#8384 = CARTESIAN_POINT ( 'NONE',  ( -0.6249999999999998900, 1.710000000000000200, 0.1270000000000002200 ) ) ;
#8385 = ORIENTED_EDGE ( 'NONE', *, *, #5748, .F. ) ;
#8386 = EDGE_CURVE ( 'NONE', #160, #3623, #70, .T. ) ;
#8387 = DIRECTION ( 'NONE',  ( 0.0000000000000000000, 0.1038294617367629000, 0.9945951150470496700 ) ) ;
#8388 = STYLED_ITEM ( 'NONE', ( #375 ), #4391 ) ;
#8389 = FACE_OUTER_BOUND ( 'NONE', #250, .T. ) ;
#8390 = UNCERTAINTY_MEASURE_WITH_UNIT (LENGTH_MEASURE( 1.000000000000000100E-005 ), #4037, 'distance_accuracy_value', 'NONE');
#8391 =( NAMED_UNIT ( * ) SI_UNIT ( $, .STERADIAN. ) SOLID_ANGLE_UNIT ( ) );
#8392 = ORIENTED_EDGE ( 'NONE', *, *, #5761, .F. ) ;
#8393 = LINE ( 'NONE', #6712, #1378 ) ;
#8394 = DIRECTION ( 'NONE',  ( 0.0000000000000000000, 1.000000000000000000, 0.0000000000000000000 ) ) ;
#8395 = VERTEX_POINT ( 'NONE', #4038 ) ;
#8396 = DIRECTION ( 'NONE',  ( -0.0000000000000000000, -1.000000000000000000, 2.168404344971012800E-015 ) ) ;
#8397 = FILL_AREA_STYLE ('',( #7053 ) ) ;
#8398 = CARTESIAN_POINT ( 'NONE',  ( -0.1249999999999998900, -1.710000000000000200, 0.1270000000000002500 ) ) ;
#8399 = VECTOR ( 'NONE', #3700, 1000.000000000000100 ) ;
#8400 = FILL_AREA_STYLE ('',( #519 ) ) ;
#8401 = DIRECTION ( 'NONE',  ( 0.0000000000000000000, 0.0000000000000000000, 1.000000000000000000 ) ) ;
#8402 = ORIENTED_EDGE ( 'NONE', *, *, #3478, .F. ) ;
#8403 =( GEOMETRIC_REPRESENTATION_CONTEXT ( 3 ) GLOBAL_UNCERTAINTY_ASSIGNED_CONTEXT ( ( #1523 ) ) GLOBAL_UNIT_ASSIGNED_CONTEXT ( ( #5398, #1454, #6068 ) ) REPRESENTATION_CONTEXT ( 'NONE', 'WORKASPACE' ) );
#8404 = ORIENTED_EDGE ( 'NONE', *, *, #3075, .F. ) ;
#8405 = FILL_AREA_STYLE_COLOUR ( '', #8338 ) ;
#8406 = AXIS2_PLACEMENT_3D ( 'NONE', #2206, #6194, #1582 ) ;
#8407 = FACE_OUTER_BOUND ( 'NONE', #7353, .T. ) ;
#8408 = EDGE_CURVE ( 'NONE', #4316, #6646, #6851, .T. ) ;
#8409 = ORIENTED_EDGE ( 'NONE', *, *, #362, .T. ) ;
#8410 = VERTEX_POINT ( 'NONE', #152 ) ;
#8411 =( NAMED_UNIT ( * ) SI_UNIT ( $, .STERADIAN. ) SOLID_ANGLE_UNIT ( ) );
#8412 = SURFACE_STYLE_USAGE ( .BOTH. , #8316 ) ;
#8413 = DIRECTION ( 'NONE',  ( -1.000000000000000000, 0.0000000000000000000, -0.0000000000000000000 ) ) ;
#8414 = MECHANICAL_DESIGN_GEOMETRIC_PRESENTATION_REPRESENTATION (  '', ( #7074 ), #297 ) ;
#8415 = ORIENTED_EDGE ( 'NONE', *, *, #1733, .T. ) ;
#8416 = SURFACE_SIDE_STYLE ('',( #424 ) ) ;
#8417 = ORIENTED_EDGE ( 'NONE', *, *, #8525, .T. ) ;
#8418 = SURFACE_STYLE_FILL_AREA ( #4106 ) ;
#8419 = ORIENTED_EDGE ( 'NONE', *, *, #1488, .F. ) ;
#8420 = ORIENTED_EDGE ( 'NONE', *, *, #8364, .T. ) ;
#8421 = CARTESIAN_POINT ( 'NONE',  ( -0.9249999999999998200, 1.583686420389025100, 0.1138136583594313900 ) ) ;
#8422 = SURFACE_STYLE_FILL_AREA ( #1390 ) ;
#8423 = ORIENTED_EDGE ( 'NONE', *, *, #3529, .F. ) ;
#8424 = EDGE_CURVE ( 'NONE', #8546, #7867, #5109, .T. ) ;
#8425 = ORIENTED_EDGE ( 'NONE', *, *, #5337, .T. ) ;
#8426 = PRESENTATION_STYLE_ASSIGNMENT (( #8453 ) ) ;
#8427 = CARTESIAN_POINT ( 'NONE',  ( -1.625000000000000000, 1.676313579610975200, 0.4496863416405709200 ) ) ;
#8428 = DIRECTION ( 'NONE',  ( 0.0000000000000000000, 1.000000000000000000, -1.168321306557656000E-016 ) ) ;
#8429 = ADVANCED_FACE ( 'NONE', ( #3331 ), #8060, .T. ) ;
#8430 = SURFACE_SIDE_STYLE ('',( #7070 ) ) ;
#8431 = ORIENTED_EDGE ( 'NONE', *, *, #2652, .T. ) ;
#8432 = VERTEX_POINT ( 'NONE', #6743 ) ;
#8433 = CARTESIAN_POINT ( 'NONE',  ( 1.800000000000000000, 1.500000000000000200, 0.5635000000000000000 ) ) ;
#8434 = SURFACE_STYLE_USAGE ( .BOTH. , #2943 ) ;
#8435 = PRESENTATION_STYLE_ASSIGNMENT (( #4469 ) ) ;
#8436 = VERTEX_POINT ( 'NONE', #8090 ) ;
#8437 = CARTESIAN_POINT ( 'NONE',  ( 1.575000000000000200, -1.710000000000000200, 2.710505431213761100E-016 ) ) ;
#8438 = MECHANICAL_DESIGN_GEOMETRIC_PRESENTATION_REPRESENTATION (  '', ( #7084 ), #313 ) ;
#8439 = CIRCLE ( 'NONE', #7552, 0.2000000000000000100 ) ;
#8440 = DIRECTION ( 'NONE',  ( 0.0000000000000000000, 0.0000000000000000000, -1.000000000000000000 ) ) ;
#8441 = ORIENTED_EDGE ( 'NONE', *, *, #6179, .T. ) ;
#8442 = LINE ( 'NONE', #2128, #4708 ) ;
#8443 = PLANE ( 'NONE',  #6038 ) ;
#8444 = CARTESIAN_POINT ( 'NONE',  ( -1.424999999999999800, 1.676313579610975200, 0.4496863416405709200 ) ) ;
#8445 = LINE ( 'NONE', #3408, #3354 ) ;
#8446 = EDGE_CURVE ( 'NONE', #5172, #3900, #7787, .T. ) ;
#8447 = AXIS2_PLACEMENT_3D ( 'NONE', #6919, #2288, #2948 ) ;
#8448 = ORIENTED_EDGE ( 'NONE', *, *, #4726, .T. ) ;
#8449 = VECTOR ( 'NONE', #1258, 1000.000000000000000 ) ;
#8450 = LINE ( 'NONE', #4891, #1227 ) ;
#8451 = LINE ( 'NONE', #6389, #6691 ) ;
#8452 = CARTESIAN_POINT ( 'NONE',  ( -1.800000000000000000, -1.299999999999999800, 0.8999999999999998000 ) ) ;
#8453 = SURFACE_STYLE_USAGE ( .BOTH. , #3802 ) ;
#8454 = ORIENTED_EDGE ( 'NONE', *, *, #4266, .F. ) ;
#8455 =( GEOMETRIC_REPRESENTATION_CONTEXT ( 3 ) GLOBAL_UNCERTAINTY_ASSIGNED_CONTEXT ( ( #8111 ) ) GLOBAL_UNIT_ASSIGNED_CONTEXT ( ( #5627, #1697, #6301 ) ) REPRESENTATION_CONTEXT ( 'NONE', 'WORKASPACE' ) );
#8456 = VECTOR ( 'NONE', #1123, 1000.000000000000000 ) ;
#8457 = CARTESIAN_POINT ( 'NONE',  ( 0.07500000000000019200, 1.710000000000000200, 2.710505431213761100E-016 ) ) ;
#8458 =( NAMED_UNIT ( * ) SI_UNIT ( $, .STERADIAN. ) SOLID_ANGLE_UNIT ( ) );
#8459 = FACE_OUTER_BOUND ( 'NONE', #1090, .T. ) ;
#8460 = LINE ( 'NONE', #1036, #4733 ) ;
#8461 = PLANE ( 'NONE',  #3233 ) ;
#8462 = LINE ( 'NONE', #5498, #8249 ) ;
#8463 = CARTESIAN_POINT ( 'NONE',  ( -1.424999999999999800, -1.500000000000000400, 0.4365000000000020500 ) ) ;
#8464 = FILL_AREA_STYLE ('',( #3788 ) ) ;
#8465 = AXIS2_PLACEMENT_3D ( 'NONE', #8358, #2401, #7690 ) ;
#8466 = UNCERTAINTY_MEASURE_WITH_UNIT (LENGTH_MEASURE( 1.000000000000000100E-005 ), #3663, 'distance_accuracy_value', 'NONE');
#8467 = LINE ( 'NONE', #5214, #6711 ) ;
#8468 = CARTESIAN_POINT ( 'NONE',  ( 0.8750000000000001100, 1.676313579610975200, 0.4496863416405709200 ) ) ;
#8469 = STYLED_ITEM ( 'NONE', ( #4987 ), #1558 ) ;
#8470 = ADVANCED_FACE ( 'NONE', ( #4281 ), #882, .F. ) ;
#8471 = VERTEX_POINT ( 'NONE', #3427 ) ;
#8472 = PRESENTATION_STYLE_ASSIGNMENT (( #3928 ) ) ;
#8473 = CARTESIAN_POINT ( 'NONE',  ( -0.6249999999999998900, -1.710000000000000200, 0.1270000000000002500 ) ) ;
#8474 = EDGE_CURVE ( 'NONE', #7457, #4316, #3637, .T. ) ;
#8475 = AXIS2_PLACEMENT_3D ( 'NONE', #6415, #2465, #7082 ) ;
#8476 = CARTESIAN_POINT ( 'NONE',  ( -1.424999999999999800, 1.676313579610975200, 0.4496863416405709200 ) ) ;
#8477 = VECTOR ( 'NONE', #1371, 1000.000000000000000 ) ;
#8478 = PRESENTATION_STYLE_ASSIGNMENT (( #8373 ) ) ;
#8479 = ORIENTED_EDGE ( 'NONE', *, *, #3821, .F. ) ;
#8480 = DIRECTION ( 'NONE',  ( 0.0000000000000000000, 1.000000000000000000, -3.686287386450737200E-014 ) ) ;
#8481 = DIRECTION ( 'NONE',  ( -1.000000000000000000, -0.0000000000000000000, -0.0000000000000000000 ) ) ;
#8482 = EDGE_CURVE ( 'NONE', #5097, #4502, #1888, .T. ) ;
#8483 = DIRECTION ( 'NONE',  ( 0.0000000000000000000, 0.0000000000000000000, -1.000000000000000000 ) ) ;
#8484 = DIRECTION ( 'NONE',  ( -0.0000000000000000000, 1.000000000000000000, -0.0000000000000000000 ) ) ;
#8485 = COLOUR_RGB ( '',1.000000000000000000, 1.000000000000000000, 1.000000000000000000 ) ;
#8486 = ORIENTED_EDGE ( 'NONE', *, *, #3800, .F. ) ;
#8487 = FILL_AREA_STYLE ('',( #2348 ) ) ;
#8488 = VECTOR ( 'NONE', #4102, 1000.000000000000000 ) ;
#8489 = EDGE_CURVE ( 'NONE', #7898, #1806, #6961, .T. ) ;
#8490 = UNCERTAINTY_MEASURE_WITH_UNIT (LENGTH_MEASURE( 1.000000000000000100E-005 ), #6652, 'distance_accuracy_value', 'NONE');
#8491 = STYLED_ITEM ( 'NONE', ( #3363 ), #3559 ) ;
#8492 = ORIENTED_EDGE ( 'NONE', *, *, #566, .F. ) ;
#8493 = STYLED_ITEM ( 'NONE', ( #3733 ), #1306 ) ;
#8494 = VERTEX_POINT ( 'NONE', #261 ) ;
#8495 = FILL_AREA_STYLE_COLOUR ( '', #5477 ) ;
#8496 = ORIENTED_EDGE ( 'NONE', *, *, #4606, .F. ) ;
#8497 = LINE ( 'NONE', #4163, #8281 ) ;
#8498 = DIRECTION ( 'NONE',  ( 0.0000000000000000000, -0.1038294617367628800, -0.9945951150470496700 ) ) ;
#8499 = ORIENTED_EDGE ( 'NONE', *, *, #380, .F. ) ;
#8500 = COLOUR_RGB ( '',1.000000000000000000, 1.000000000000000000, 1.000000000000000000 ) ;
#8501 = CARTESIAN_POINT ( 'NONE',  ( 1.375000000000000200, 1.676313579610975200, 0.4496863416405709200 ) ) ;
#8502 = DIRECTION ( 'NONE',  ( 0.0000000000000000000, 1.000000000000000000, 0.0000000000000000000 ) ) ;
#8503 = MECHANICAL_DESIGN_GEOMETRIC_PRESENTATION_REPRESENTATION (  '', ( #7612 ), #395 ) ;
#8504 =( NAMED_UNIT ( * ) PLANE_ANGLE_UNIT ( ) SI_UNIT ( $, .RADIAN. ) );
#8505 = CARTESIAN_POINT ( 'NONE',  ( 0.8750000000000001100, 1.583686420389025100, 0.1138136583594313900 ) ) ;
#8506 = STYLED_ITEM ( 'NONE', ( #5293 ), #4638 ) ;
#8507 = LINE ( 'NONE', #1069, #6748 ) ;
#8508 = ORIENTED_EDGE ( 'NONE', *, *, #2457, .F. ) ;
#8509 =( NAMED_UNIT ( * ) PLANE_ANGLE_UNIT ( ) SI_UNIT ( $, .RADIAN. ) );
#8510 = ORIENTED_EDGE ( 'NONE', *, *, #1212, .F. ) ;
#8511 = ADVANCED_FACE ( 'NONE', ( #8520 ), #940, .F. ) ;
#8512 = SURFACE_STYLE_FILL_AREA ( #6338 ) ;
#8513 = CARTESIAN_POINT ( 'NONE',  ( -0.9249999999999998200, 2.000000000000000000, 0.1270000000000002500 ) ) ;
#8514 = EDGE_LOOP ( 'NONE', ( #1588, #3212, #5119, #1556 ) ) ;
#8515 =( NAMED_UNIT ( * ) PLANE_ANGLE_UNIT ( ) SI_UNIT ( $, .RADIAN. ) );
#8516 = SURFACE_STYLE_FILL_AREA ( #4803 ) ;
#8517 = UNCERTAINTY_MEASURE_WITH_UNIT (LENGTH_MEASURE( 1.000000000000000100E-005 ), #1939, 'distance_accuracy_value', 'NONE');
#8518 = PRESENTATION_LAYER_ASSIGNMENT (  '', '', ( #8065 ) ) ;
#8519 = CARTESIAN_POINT ( 'NONE',  ( 0.5750000000000001800, -1.500000000000000400, 0.4365000000000020500 ) ) ;
#8520 = FACE_OUTER_BOUND ( 'NONE', #4901, .T. ) ;
#8521 = ORIENTED_EDGE ( 'NONE', *, *, #1152, .F. ) ;
#8522 = ORIENTED_EDGE ( 'NONE', *, *, #5224, .T. ) ;
#8523 =( GEOMETRIC_REPRESENTATION_CONTEXT ( 3 ) GLOBAL_UNCERTAINTY_ASSIGNED_CONTEXT ( ( #5762 ) ) GLOBAL_UNIT_ASSIGNED_CONTEXT ( ( #7203, #3249, #7876 ) ) REPRESENTATION_CONTEXT ( 'NONE', 'WORKASPACE' ) );
#8524 =( NAMED_UNIT ( * ) PLANE_ANGLE_UNIT ( ) SI_UNIT ( $, .RADIAN. ) );
#8525 = EDGE_CURVE ( 'NONE', #2804, #5841, #1089, .T. ) ;
#8526 = FACE_OUTER_BOUND ( 'NONE', #5702, .T. ) ;
#8527 = VERTEX_POINT ( 'NONE', #5534 ) ;
#8528 = CARTESIAN_POINT ( 'NONE',  ( -1.125000000000000000, 2.000000000000000000, 0.1270000000000002500 ) ) ;
#8529 = VECTOR ( 'NONE', #1988, 1000.000000000000000 ) ;
#8530 = FACE_OUTER_BOUND ( 'NONE', #8317, .T. ) ;
#8531 = ORIENTED_EDGE ( 'NONE', *, *, #1878, .F. ) ;
#8532 = PLANE ( 'NONE',  #554 ) ;
#8533 =( GEOMETRIC_REPRESENTATION_CONTEXT ( 3 ) GLOBAL_UNCERTAINTY_ASSIGNED_CONTEXT ( ( #3391 ) ) GLOBAL_UNIT_ASSIGNED_CONTEXT ( ( #7284, #3327, #7963 ) ) REPRESENTATION_CONTEXT ( 'NONE', 'WORKASPACE' ) );
#8534 = AXIS2_PLACEMENT_3D ( 'NONE', #6286, #627, #7928 ) ;
#8535 = DIRECTION ( 'NONE',  ( 0.0000000000000000000, 0.0000000000000000000, -1.000000000000000000 ) ) ;
#8536 =( NAMED_UNIT ( * ) PLANE_ANGLE_UNIT ( ) SI_UNIT ( $, .RADIAN. ) );
#8537 = EDGE_CURVE ( 'NONE', #8062, #2101, #6144, .T. ) ;
#8538 = ORIENTED_EDGE ( 'NONE', *, *, #8197, .T. ) ;
#8539 = DIRECTION ( 'NONE',  ( 0.0000000000000000000, -1.000000000000000000, 3.686287386450737200E-014 ) ) ;
#8540 = PLANE ( 'NONE',  #1319 ) ;
#8541 =( NAMED_UNIT ( * ) SI_UNIT ( $, .STERADIAN. ) SOLID_ANGLE_UNIT ( ) );
#8542 = DIRECTION ( 'NONE',  ( -0.0000000000000000000, 1.000000000000000000, -0.0000000000000000000 ) ) ;
#8543 = DIRECTION ( 'NONE',  ( -1.000000000000000000, -0.0000000000000000000, 0.0000000000000000000 ) ) ;
#8544 =( GEOMETRIC_REPRESENTATION_CONTEXT ( 3 ) GLOBAL_UNCERTAINTY_ASSIGNED_CONTEXT ( ( #6637 ) ) GLOBAL_UNIT_ASSIGNED_CONTEXT ( ( #6706, #732, #3973 ) ) REPRESENTATION_CONTEXT ( 'NONE', 'WORKASPACE' ) );
#8545 = STYLED_ITEM ( 'NONE', ( #3580 ), #8029 ) ;
#8546 = VERTEX_POINT ( 'NONE', #6868 ) ;
#8547 = FACE_OUTER_BOUND ( 'NONE', #1401, .T. ) ;
#8548 = CARTESIAN_POINT ( 'NONE',  ( -0.9249999999999998200, -2.000000000000000000, 2.439454888092385000E-016 ) ) ;
#8549 = CARTESIAN_POINT ( 'NONE',  ( 1.075000000000000200, 2.000000000000000000, 2.439454888092385000E-016 ) ) ;
#8550 = UNCERTAINTY_MEASURE_WITH_UNIT (LENGTH_MEASURE( 1.000000000000000100E-005 ), #1741, 'distance_accuracy_value', 'NONE');
#8551 = SURFACE_STYLE_USAGE ( .BOTH. , #3911 ) ;
#8552 = VECTOR ( 'NONE', #5082, 1000.000000000000000 ) ;
ENDSEC;
END-ISO-10303-21;
